ISO-10303-21;
HEADER;
FILE_DESCRIPTION (('ViewDefinition [CoordinationView]'), '2;1');
FILE_NAME ('Sanitary_Toilets_Ideal-Standard_TESI-CC-BOWL-WHITE-OPEN-AQUABLADE-HO-BXD.ifc', '2018-07-26T08:34:26', ('Supplier'), ('BIMobject'), 'IFC Engine DLL 2017-09-06', 'BIMobject-Lena', 'Full Scope');
FILE_SCHEMA (('IFC2X3'));
ENDSEC;
DATA;
#1 = IFCPROJECT('3qbLO$UuzAdAjQlNw4PxR8', #2, 'BIMobject Library', $, $, $, $, (#20), #7);
#2 = IFCOWNERHISTORY(#3, #6, $, .ADDED., $, $, $, 1532594066);
#3 = IFCPERSONANDORGANIZATION(#4, #5, $);
#4 = IFCPERSON($, 'Maros', 'J\X2\00E1\X0\nos', $, $, $, $, $);
#5 = IFCORGANIZATION($, 'BIMobject', 'BIMobject\X2\00AE\X0\ Corporation', $, $);
#6 = IFCAPPLICATION(#5, '0.10', 'BIMobject-Lena', 'LTC 110');
#7 = IFCUNITASSIGNMENT((#8, #9, #10, #11, #15, #16, #17, #18, #19));
#8 = IFCSIUNIT(*, .LENGTHUNIT., $, .METRE.);
#9 = IFCSIUNIT(*, .AREAUNIT., $, .SQUARE_METRE.);
#10 = IFCSIUNIT(*, .VOLUMEUNIT., $, .CUBIC_METRE.);
#11 = IFCCONVERSIONBASEDUNIT(#12, .PLANEANGLEUNIT., 'DEGREE', #13);
#12 = IFCDIMENSIONALEXPONENTS(0, 0, 0, 0, 0, 0, 0);
#13 = IFCMEASUREWITHUNIT(IFCPLANEANGLEMEASURE(1.745E-2), #14);
#14 = IFCSIUNIT(*, .PLANEANGLEUNIT., $, .RADIAN.);
#15 = IFCSIUNIT(*, .SOLIDANGLEUNIT., $, .STERADIAN.);
#16 = IFCSIUNIT(*, .MASSUNIT., $, .GRAM.);
#17 = IFCSIUNIT(*, .TIMEUNIT., $, .SECOND.);
#18 = IFCSIUNIT(*, .THERMODYNAMICTEMPERATUREUNIT., $, .DEGREE_CELSIUS.);
#19 = IFCSIUNIT(*, .LUMINOUSINTENSITYUNIT., $, .LUMEN.);
#20 = IFCGEOMETRICREPRESENTATIONCONTEXT($, 'Model', 3, 1.E-5, #21, $);
#21 = IFCAXIS2PLACEMENT3D(#22, $, $);
#22 = IFCCARTESIANPOINT((0., 0., 0.));
#23 = IFCSITE('2deU$4TQz0R9G6X4y9F7bW', #2, $, $, $, #24, $, $, .ELEMENT., $, $, $, $, $);
#24 = IFCLOCALPLACEMENT($, #25);
#25 = IFCAXIS2PLACEMENT3D(#26, #27, #28);
#26 = IFCCARTESIANPOINT((0., 0., 0.));
#27 = IFCDIRECTION((0., 0., 1.));
#28 = IFCDIRECTION((1., 0., 0.));
#29 = IFCBUILDING('22g3BEMO5ChAZA39NaXRrA', #2, $, $, $, #30, $, $, .ELEMENT., $, $, $);
#30 = IFCLOCALPLACEMENT(#24, #31);
#31 = IFCAXIS2PLACEMENT3D(#32, #33, #34);
#32 = IFCCARTESIANPOINT((0., 0., 0.));
#33 = IFCDIRECTION((0., 0., 1.));
#34 = IFCDIRECTION((1., 0., 0.));
#35 = IFCBUILDINGSTOREY('01txXSb_vEt8Xnj6UzSMnk', #2, $, $, $, #36, $, $, .ELEMENT., 0.);
#36 = IFCLOCALPLACEMENT(#30, #37);
#37 = IFCAXIS2PLACEMENT3D(#38, #39, #40);
#38 = IFCCARTESIANPOINT((0., 0., 0.));
#39 = IFCDIRECTION((0., 0., 1.));
#40 = IFCDIRECTION((1., 0., 0.));
#41 = IFCRELAGGREGATES('2ASyhq1TP6OAQzjFekmjUl', #2, $, $, #29, (#35));
#42 = IFCRELAGGREGATES('1lVRFkZB955QuMAFfwr6xL', #2, $, $, #23, (#29));
#43 = IFCRELAGGREGATES('0A5vnQlUTFjwWvsaUpnH06', #2, $, $, #1, (#23));
#44 = IFCRELCONTAINEDINSPATIALSTRUCTURE('3$HtiMHcP8LPaYgrzWfSS$', #2, $, $, (#51), #35);
#45 = IFCLOCALPLACEMENT(#36, #46);
#46 = IFCAXIS2PLACEMENT3D(#47, #48, #49);
#47 = IFCCARTESIANPOINT((0., 0., 0.));
#48 = IFCDIRECTION((0., 0., 1.));
#49 = IFCDIRECTION((1., 0., 0.));
#50 = IFCPRODUCTDEFINITIONSHAPE($, $, (#117));
#51 = IFCFLOWTERMINAL('2pHN3580v929UDBJ5GHQCG', #2, 'TESI CC BOWL WHITE OPEN AQUABLADE HO BXD', $, $, #45, #50, $);
#52 = IFCSANITARYTERMINALTYPE('2FuoTVLTH9mOf9e1X9gwhr', #2, 'TESI CC BOWL WHITE OPEN AQUABLADE HO BXD', $, $, $, $, $, $, .NOTDEFINED.);
#53 = IFCRELDEFINESBYTYPE('2bbmrjoVTFQRGF78qw9JJ8', #2, $, $, (#51), #52);
#54 = IFCPROPERTYSET('125XO7xZzF68J5imHg6dI$', #2, 'ePset_BIMobjectScript', $, (#55));
#55 = IFCPROPERTYSINGLEVALUE('LOD', 'bos_p1', IFCLABEL('300'), $);
#56 = IFCRELDEFINESBYPROPERTIES('1m7MQZbqv8BQrNuThQFZdV', #2, $, $, (#51), #54);
#57 = IFCPROPERTYSET('2Y0_smpczC7xpF1qKz0BSS', #2, 'ePset_BIMobject_BO', $, (#58, #59, #60, #61, #62, #63, #64, #65, #66, #67, #68, #69, #70, #71, #72, #73, #74, #75, #76, #77, #78, #79, #80, #81, #82, #83, #84, #85, #86, #87, #88, #89, #90, #91, #92, #93, #94, #95, #96, #97, #98, #99, #100, #101, #102, #103, #104, #105, #106, #107, #108, #109, #110, #111, #112, #113, #114, #115));
#58 = IFCPROPERTYSINGLEVALUE('ProductName (BO_prodinfo)', 'Name of the object', IFCTEXT('TESI CC BOWL WHITE OPEN AQUABLADE HO BXD'), $);
#59 = IFCPROPERTYSINGLEVALUE('SKU (BO_prodsku)', 'Product SKU', IFCTEXT('T0087'), $);
#60 = IFCPROPERTYSINGLEVALUE('ManufacturName (BO_Manufac)', 'Brand:', IFCTEXT('Ideal Standard'), $);
#61 = IFCPROPERTYSINGLEVALUE('BrandUrl (BO_brandurl)', 'Brand url:', IFCTEXT('http://www.idealstandard.co.uk'), $);
#62 = IFCPROPERTYSINGLEVALUE('ProductFamily (BO_prodfam)', 'Product family:', IFCTEXT('TESI'), $);
#63 = IFCPROPERTYSINGLEVALUE('ProductGroup (BO_prodgroup)', 'Product group:', IFCTEXT('Bowl'), $);
#64 = IFCPROPERTYSINGLEVALUE('ManufacturCountry (BO_mancont)', 'Manufacturer country:', IFCTEXT(''), $);
#65 = IFCPROPERTYSINGLEVALUE('DesignCountry (BO_designcont)', 'Design country:', IFCTEXT(''), $);
#66 = IFCPROPERTYSINGLEVALUE('PublishDate (BO_publisdat)', 'Date of publishing:', IFCTEXT('5/15/2017'), $);
#67 = IFCPROPERTYSINGLEVALUE('EditionNumber (BO_edinum)', 'Edition number:', IFCINTEGER(1), $);
#68 = IFCPROPERTYSINGLEVALUE('Width (BO_width)', 'Width (mm):', IFCREAL(365.), $);
#69 = IFCPROPERTYSINGLEVALUE('Height (BO_height)', 'Height (mm):', IFCREAL(785.), $);
#70 = IFCPROPERTYSINGLEVALUE('Depth (BO_depth)', 'Depth (mm):', IFCREAL(665.), $);
#71 = IFCPROPERTYSINGLEVALUE('Weight (BO_weight)', 'Weight Net (Kg):', IFCREAL(28.88), $);
#72 = IFCPROPERTYSINGLEVALUE('ProductGuid (BO_productguid)', 'Unique identifier of the object', IFCTEXT('3405d849-aea5-4b78-9ee0-74c06725562d'), $);
#73 = IFCPROPERTYSINGLEVALUE('BO_links', 'Links', IFCTEXT(''), $);
#74 = IFCPROPERTYSINGLEVALUE('QR (BO_boqrurl)', 'BIMobject QR code url:', IFCTEXT('http://bimobject.com/idealstandard/product/T0087'), $);
#75 = IFCPROPERTYSINGLEVALUE('ProductDataUrl (BO_prodaturl)', 'Product data url:', IFCTEXT('bimobject.com/idealstandard/product/T0087'), $);
#76 = IFCPROPERTYSINGLEVALUE('ProductUrl (BO_producturl)', 'Product url:', IFCTEXT('http://www.idealspec.fr'), $);
#77 = IFCPROPERTYSINGLEVALUE('InstallationInstructions (BO_montins)', 'Installation instructions:', IFCTEXT('http://www.idealspec.fr'), $);
#78 = IFCPROPERTYSINGLEVALUE('ProductCertification (BO_prodcert)', 'Product certification:', IFCTEXT('http://www.idealspec.fr'), $);
#79 = IFCPROPERTYSINGLEVALUE('TechnicalDescription (BO_techcert)', 'Technical description:', IFCTEXT('http://www.idealspec.fr'), $);
#80 = IFCPROPERTYSINGLEVALUE('InstructionVideo (BO_youtube)', 'Instruction video:', IFCTEXT('http://www.idealspec.fr'), $);
#81 = IFCPROPERTYSINGLEVALUE('EanCode (BO_ean)', 'EAN code:', IFCTEXT('8014140435303'), $);
#82 = IFCPROPERTYSINGLEVALUE('BO_real', 'Related', IFCTEXT(''), $);
#83 = IFCPROPERTYSINGLEVALUE('MaterialMain (BO_mainmat)', 'Material main:', IFCTEXT('Ceramics'), $);
#84 = IFCPROPERTYSINGLEVALUE('MaterialSecondary (BO_secmat)', 'Material secondary:', IFCTEXT(''), $);
#85 = IFCPROPERTYSINGLEVALUE('BO_classific', 'Classifications', IFCTEXT(''), $);
#86 = IFCPROPERTYSINGLEVALUE('BimObjectMainCategory (BO_bomaincat)', 'BIMobject Main Category:', IFCTEXT('Sanitary'), $);
#87 = IFCPROPERTYSINGLEVALUE('BimObjectMainCategoryCode (BO_bomaincat_code)', 'BIMobject Main Category Code:', IFCTEXT('sanitary'), $);
#88 = IFCPROPERTYSINGLEVALUE('BimObjectCategory (BO_bocat)', 'BIMobject Category:', IFCTEXT('Toilets'), $);
#89 = IFCPROPERTYSINGLEVALUE('BimObjectCategoryCode (BO_bocat_code)', 'BIMobject Category Code:', IFCTEXT('sanitary-toilets'), $);
#90 = IFCPROPERTYSINGLEVALUE('IfcClassification (BO_ifcclas)', 'IFC Classification:', IFCTEXT('Sanitary Terminal'), $);
#91 = IFCPROPERTYSINGLEVALUE('UnspcCode (BO_unspc)', 'UNSPC code:', IFCTEXT(''), $);
#92 = IFCPROPERTYSINGLEVALUE('Uniclass14Code (BO_uniclass_1_4_code)', 'Uniclass 1.4 Code', IFCTEXT(''), $);
#93 = IFCPROPERTYSINGLEVALUE('Uniclass14Description (BO_uniclass_1_4_desc)', 'Uniclass 1.4 Description', IFCTEXT(''), $);
#94 = IFCPROPERTYSINGLEVALUE('Uniclass20Code (BO_uniclass_2_0_code)', 'Uniclass 2.0 Code', IFCTEXT('PR-35-93-94'), $);
#95 = IFCPROPERTYSINGLEVALUE('Uniclass20Description (BO_uniclass_2_0_desc)', 'Uniclass 2.0 Description', IFCTEXT('Wc Pans'), $);
#96 = IFCPROPERTYSINGLEVALUE('Uniclass2015Code (BO_uniclass2015_code)', 'Uniclass 2015 Code', IFCTEXT('Pr_40_20_93_94'), $);
#97 = IFCPROPERTYSINGLEVALUE('Uniclass2015Description  (BO_uniclass2015_desc)', 'Uniclass 2015 Description', IFCTEXT('WC pans'), $);
#98 = IFCPROPERTYSINGLEVALUE('NBSReference (BO_nbs_ref)', 'NBS Reference', IFCTEXT('35-93-94'), $);
#99 = IFCPROPERTYSINGLEVALUE('NBSReferenceDescription (BO_nbs_desc)', 'NBS Reference Description', IFCTEXT('Wc Pans'), $);
#100 = IFCPROPERTYSINGLEVALUE('OmniClassCode (BO_omniclass_code)', 'OmniClass Code', IFCTEXT(''), $);
#101 = IFCPROPERTYSINGLEVALUE('OmniClassDescription (BO_omniclass_name)', 'OmniClass Description', IFCTEXT(''), $);
#102 = IFCPROPERTYSINGLEVALUE('MasterFormat2014Code (BO_masterformat2014_code)', 'Masterformat 2014 Code', IFCTEXT(''), $);
#103 = IFCPROPERTYSINGLEVALUE('MasterFormat2014Description (BO_masterformat2014_name)', 'Masterformat 2014 Description', IFCTEXT(''), $);
#104 = IFCPROPERTYSINGLEVALUE('UniFormat2Code (BO_uniformat2_code)', 'Uniformat II Code', IFCTEXT(''), $);
#105 = IFCPROPERTYSINGLEVALUE('UniFormat2Description (BO_uniformat2_name)', 'Uniformat II Description', IFCTEXT(''), $);
#106 = IFCPROPERTYSINGLEVALUE('COBIeTypeCategory (BO_cobie_type_cat)', 'COBIe Type Category', IFCTEXT(''), $);
#107 = IFCPROPERTYSINGLEVALUE('BO_regions', 'Regions', IFCTEXT(''), $);
#108 = IFCPROPERTYSINGLEVALUE('RegionEurope (BO_europe)', 'Region Europe', IFCTEXT('ES'), $);
#109 = IFCPROPERTYSINGLEVALUE('RegionNorthAmerica (BO_northamerica)', 'Region North America', IFCTEXT('None'), $);
#110 = IFCPROPERTYSINGLEVALUE('RegionSouthAmerica (BO_southamerica)', 'Region South America', IFCTEXT('None'), $);
#111 = IFCPROPERTYSINGLEVALUE('RegionMiddleEast (BO_middleeast)', 'Region Middle East', IFCTEXT('None'), $);
#112 = IFCPROPERTYSINGLEVALUE('RegionAsia (BO_asia)', 'Region Asia', IFCTEXT('None'), $);
#113 = IFCPROPERTYSINGLEVALUE('RegionOceania (BO_oceania)', 'Region Oceania', IFCTEXT('None'), $);
#114 = IFCPROPERTYSINGLEVALUE('RegionAfrica (BO_africa)', 'Region Africa', IFCTEXT('None'), $);
#115 = IFCPROPERTYSINGLEVALUE('RegionAntarctica (BO_antarctica)', 'Region Antarctica', IFCTEXT('None'), $);
#116 = IFCRELDEFINESBYPROPERTIES('2ahDpto8j4eefaWtXh06f_', #2, $, $, (#51), #57);
#117 = IFCSHAPEREPRESENTATION(#118, 'Body', 'Brep', (#11330));
#118 = IFCGEOMETRICREPRESENTATIONSUBCONTEXT('Body', 'Model', *, *, *, *, #20, $, .MODEL_VIEW., $);
#119 = IFCCLOSEDSHELL((#133, #137, #143, #148, #154, #157, #162, #166, #172, #176, #179, #183, #186, #189, #192, #195, #200, #204, #208, #213, #218, #223, #228, #232, #236, #240, #244, #248, #251, #254, #258, #261, #264, #267, #271, #274, #278, #282, #286, #290, #295, #298, #303, #306, #310, #314, #318, #322, #326, #331, #335, #339, #344, #348, #353, #356, #359, #363, #367, #371, #374, #378, #383, #387, #391, #396, #399, #402, #406, #409, #415, #419, #423, #427, #432, #436, #439, #443, #447, #450, #453, #459, #463, #466, #470, #476, #479, #482, #486, #489, #492, #495, #499, #502, #505, #508, #514, #518, #522, #526, #529, #532, #536, #540, #543, #548, #552, #555, #560, #563, #567, #570, #574, #578, #582, #586, #590, #595, #598, #601, #604, #607, #610, #615, #619, #622, #625, #628, #632, #637, #641, #645, #649, #652, #658, #661, #665, #668, #672, #675, #680, #684, #687, #692, #697, #700, #703, #706, #709, #713, #716, #719, #722, #725, #728, #732, #738, #743, #747, #752, #755, #759, #763, #766, #770, #774, #779, #784, #788, #792, #797, #802, #805, #810, #813, #818, #822, #826, #829, #832, #837, #840, #844, #847, #852, #856, #861, #865, #869, #874, #878, #882, #886, #890, #895, #898, #902, #906, #909, #913, #917, #921, #924, #928, #932, #936, #940, #944, #948, #952, #957, #961, #965, #969, #973, #977, #981, #985, #989, #993, #997, #1001, #1005, #1009, #1013, #1017, #1021, #1024, #1027, #1030, #1033, #1036, #1039, #1043, #1046, #1049, #1054, #1058, #1062, #1066, #1070, #1074, #1078, #1082, #1086, #1090, #1094, #1098, #1101, #1104, #1107, #1110, #1113, #1116, #1119, #1122, #1126, #1130, #1134, #1138, #1142, #1146, #1150, #1154, #1158, #1162, #1166, #1169, #1172, #1175, #1178, #1184, #1190, #1194, #1197, #1202, #1207, #1212, #1217, #1221, #1224, #1228, #1233, #1239, #1243, #1247, #1250, #1255, #1259, #1263, #1269, #1275, #1280, #1284, #1287, #1293, #1299, #1303, #1307, #1311, #1315, #1319, #1323, #1327, #1330, #1334, #1339, #1343, #1346, #1350, #1354, #1358, #1361, #1366, #1371, #1374, #1378, #1381, #1384, #1388, #1393, #1396, #1400, #1404, #1408, #1412, #1416, #1420, #1424, #1429, #1433, #1437, #1442, #1446, #1449, #1453, #1456, #1460, #1466, #1470, #1476, #1481, #1485, #1489, #1494, #1498, #1504, #1509, #1513, #1518, #1523, #1527, #1532, #1537, #1542, #1546, #1551, #1555, #1558, #1563, #1566, #1570, #1574, #1578, #1583, #1586, #1590, #1594, #1597, #1601, #1606, #1610, #1614, #1619, #1622, #1626, #1630, #1634, #1638, #1643, #1646, #1650, #1654, #1658, #1661, #1666, #1670, #1673, #1678, #1682, #1685, #1689, #1692, #1695, #1698, #1704, #1708, #1713, #1718, #1724, #1730, #1735, #1739, #1744, #1748, #1754, #1759, #1764, #1768, #1772, #1776, #1782, #1787, #1790, #1795, #1798, #1802, #1806, #1810, #1814, #1818, #1822, #1826, #1830, #1835, #1838, #1842, #1846, #1850, #1853, #1857, #1862, #1865, #1869, #1873, #1878, #1882, #1886, #1889, #1893, #1896, #1900, #1905, #1908, #1912, #1916, #1920, #1925, #1929, #1933, #1937, #1941, #1945, #1949, #1953, #1958, #1961, #1964, #1969, #1974, #1978, #1982, #1986, #1989, #1993, #1996, #2000, #2004, #2010, #2014, #2018, #2022, #2026, #2030, #2033, #2037, #2042, #2045, #2049, #2053, #2056, #2060, #2064, #2068, #2072, #2077, #2081, #2085, #2089, #2092, #2096, #2100, #2104, #2108, #2112, #2115, #2119, #2122, #2127, #2132, #2136, #2140, #2144, #2148, #2152, #2157, #2160, #2165, #2168, #2172, #2176, #2181, #2185, #2189, #2193, #2197, #2202, #2205, #2209, #2213, #2216, #2220, #2224, #2228, #2232, #2235, #2240, #2244, #2247, #2251, #2255, #2259, #2262, #2268, #2273, #2276, #2280, #2284, #2289, #2293, #2297, #2301, #2305, #2309, #2312, #2316, #2321, #2324, #2329, #2332, #2336, #2340, #2344, #2349, #2352, #2355, #2360, #2365, #2369, #2374, #2377, #2381, #2385, #2388, #2391, #2396, #2399, #2403, #2408, #2411, #2416, #2420, #2423, #2427, #2431, #2435, #2440, #2443, #2448, #2453, #2458, #2462, #2466, #2469, #2474, #2479, #2482, #2487, #2490, #2495, #2498, #2502, #2507, #2511, #2515, #2519, #2523, #2526, #2530, #2534, #2538, #2543, #2547, #2551, #2555, #2558, #2563, #2567, #2571, #2576, #2580, #2583, #2587, #2591, #2596, #2599, #2602, #2607, #2611, #2614, #2618, #2622, #2626, #2629, #2633, #2636, #2639, #2644, #2648, #2652, #2656, #2660, #2663, #2666, #2669, #2673, #2677, #2680, #2684, #2688, #2691, #2694, #2697, #2701, #2706, #2711, #2715, #2720, #2723, #2727, #2730, #2733, #2736, #2740, #2744, #2747, #2750, #2753, #2756, #2759, #2763, #2766, #2769, #2773, #2777, #2780, #2783, #2786, #2789, #2792, #2795, #2798, #2801, #2805, #2808, #2811, #2814, #2817, #2820, #2824, #2827, #2830, #2833, #2836, #2842, #2848, #2853, #2857, #2862, #2866, #2871, #2875, #2878, #2884, #2890, #2895, #2900, #2906, #2912, #2916, #2920, #2924, #2929, #2933, #2937, #2941, #2945, #2949, #2953, #2957, #2962, #2966, #2970, #2975, #2978, #2982, #2985, #2989, #2992, #2996, #3001, #3005, #3010, #3014, #3018, #3022, #3027, #3032, #3036, #3040, #3044, #3047, #3051, #3056, #3060, #3064, #3069, #3073, #3077, #3080, #3084, #3089, #3093, #3096, #3099, #3102, #3107, #3111, #3114, #3118, #3122, #3127, #3130, #3135, #3140, #3145, #3149, #3154, #3158, #3163, #3168, #3174, #3179, #3182, #3186, #3190, #3194, #3197, #3201, #3205, #3209, #3215, #3221, #3224, #3229, #3233, #3236, #3240, #3244, #3248, #3252, #3255, #3259, #3264, #3268, #3272, #3277, #3282, #3287, #3290, #3294, #3298, #3301, #3306, #3310, #3314, #3318, #3322, #3325, #3329, #3332, #3335, #3339, #3343, #3347, #3352, #3356, #3360, #3363, #3367, #3371, #3375, #3380, #3384, #3387, #3391, #3395, #3401, #3406, #3411, #3414, #3419, #3423, #3427, #3431, #3435, #3439, #3443, #3446, #3450, #3454, #3458, #3463, #3467, #3472, #3475, #3478, #3482, #3486, #3490, #3494, #3498, #3503, #3506, #3511, #3515, #3518, #3523, #3527, #3531, #3535, #3539, #3543, #3546, #3551, #3555, #3559, #3563, #3566, #3571, #3575, #3579, #3583, #3587, #3592, #3596, #3600, #3605, #3609, #3613, #3616, #3620, #3623, #3628, #3631, #3635, #3639, #3643, #3647, #3652, #3656, #3661, #3665, #3668, #3672, #3676, #3680, #3684, #3687, #3691, #3696, #3700, #3704, #3708, #3712, #3717, #3721, #3725, #3728, #3732, #3736, #3741, #3745, #3749, #3754, #3758, #3761, #3766, #3771, #3776, #3781, #3785, #3789, #3792, #3795, #3799, #3803, #3806, #3810, #3813, #3816, #3821, #3825, #3830, #3833, #3837, #3840, #3845, #3850, #3854, #3858, #3861, #3865, #3869, #3872, #3876, #3880, #3884, #3889, #3893, #3897, #3901, #3905, #3909, #3912, #3916, #3920, #3924, #3929, #3933, #3937, #3942, #3946, #3950, #3954, #3958, #3962, #3966, #3969, #3973, #3977, #3981, #3985, #3989, #3992, #3996, #4000, #4004, #4007, #4011, #4015, #4018, #4021, #4024, #4027, #4030, #4033, #4037, #4041, #4044, #4047, #4050, #4053, #4056, #4059, #4062, #4065, #4068, #4073, #4076, #4079, #4084, #4087, #4091, #4095, #4099, #4102, #4106, #4109, #4113, #4117, #4121, #4126, #4130, #4134, #4137, #4141, #4145, #4150, #4153, #4158, #4162, #4166, #4169, #4172, #4176, #4179, #4182, #4185, #4189, #4192, #4195, #4198, #4202, #4205, #4208, #4211, #4214, #4218, #4223, #4227, #4230, #4233, #4237, #4241, #4244, #4247, #4250, #4254, #4257, #4261, #4265, #4268, #4273, #4276, #4281, #4285, #4288, #4292, #4295, #4299, #4304, #4308, #4311, #4315, #4319, #4323, #4327, #4331, #4335, #4339, #4343, #4347, #4351, #4355, #4358, #4362, #4365, #4369, #4373, #4376, #4380, #4384, #4389, #4393, #4397, #4401, #4404, #4407, #4411, #4414, #4418, #4422, #4426, #4430, #4434, #4438, #4441, #4444, #4447, #4450, #4454, #4458, #4462, #4465, #4468, #4471, #4477, #4481, #4484, #4487, #4490, #4493, #4496, #4499, #4502, #4505, #4508, #4511, #4514, #4517, #4520, #4523, #4526, #4529, #4532, #4535, #4538, #4541, #4544, #4547, #4550, #4553, #4556, #4559, #4562, #4565, #4568, #4571, #4574, #4577, #4580, #4583, #4586, #4590, #4593, #4596, #4599, #4602, #4605, #4608, #4611, #4614, #4617, #4620, #4625, #4628, #4631, #4634, #4637, #4640, #4643, #4646, #4649, #4652, #4655, #4658, #4661, #4664, #4667, #4670, #4673, #4676, #4679, #4682, #4685, #4688, #4694, #4699, #4703, #4707, #4711, #4715, #4718, #4721, #4724, #4727, #4730, #4735, #4741, #4744, #4749, #4753, #4756, #4761, #4766, #4770, #4774, #4778, #4781, #4784, #4788, #4791, #4794, #4797, #4800, #4803, #4806, #4810, #4813, #4816, #4819, #4822, #4826, #4830, #4833, #4836, #4841, #4844, #4848, #4852, #4856, #4862, #4866, #4869, #4872, #4876, #4880, #4883, #4888, #4891, #4896, #4900, #4903, #4907, #4912, #4916, #4922, #4925, #4928, #4931, #4934, #4938, #4941, #4946, #4950, #4954, #4959, #4963, #4966, #4971, #4976, #4981, #4985, #4990, #4995, #5000, #5005, #5009, #5013, #5016, #5020, #5023, #5026, #5031, #5034, #5038, #5042, #5048, #5052, #5056, #5060, #5064, #5067, #5071, #5075, #5079, #5083, #5086, #5090, #5094, #5099, #5103, #5106, #5110, #5114, #5117, #5121, #5125, #5130, #5134, #5137, #5141, #5144, #5148, #5152, #5156, #5159, #5164, #5167, #5172, #5176, #5181, #5185, #5189, #5194, #5197, #5201, #5206, #5210, #5213, #5218, #5222, #5226, #5230, #5235, #5240, #5244, #5247, #5250, #5254, #5257, #5261, #5266, #5270, #5275, #5278, #5281, #5284, #5287, #5290, #5293, #5296, #5299, #5302, #5305, #5309, #5312, #5315, #5318, #5322, #5327, #5331, #5336, #5340, #5344, #5348, #5352, #5355, #5359, #5365, #5371, #5375, #5378, #5382, #5385, #5390, #5394, #5398, #5402, #5406, #5410, #5413, #5417, #5421, #5425, #5429, #5434, #5437, #5441, #5445, #5448, #5452, #5456, #5460, #5464, #5469, #5473, #5478, #5482, #5485, #5490, #5495, #5499, #5503, #5506, #5511, #5515, #5519, #5523, #5527, #5531, #5534, #5539, #5542, #5547, #5552, #5557, #5560, #5564, #5568, #5572, #5576, #5580, #5584, #5587, #5590, #5594, #5599, #5604, #5608, #5612, #5617, #5621, #5625, #5628, #5633, #5636, #5640, #5644, #5647, #5651, #5656, #5661, #5665, #5669, #5673, #5676, #5679, #5684, #5688, #5691, #5694, #5698, #5701, #5704, #5707, #5710, #5713, #5716, #5721, #5724, #5728, #5734, #5739, #5744, #5748, #5752, #5756, #5760, #5763, #5767, #5772, #5776, #5780, #5783, #5788, #5791, #5795, #5798, #5801, #5806, #5809, #5812, #5817, #5820, #5824, #5829, #5832, #5835, #5838, #5841, #5844, #5848, #5854, #5859, #5863, #5868, #5873, #5876, #5879, #5882, #5886, #5890, #5894, #5897, #5900, #5904, #5907, #5910, #5914, #5917, #5920, #5923, #5926, #5929, #5932, #5937, #5941, #5946, #5951, #5954, #5957, #5960, #5963, #5967, #5970, #5973, #5976, #5982, #5985, #5988, #5992, #5996, #6000, #6005, #6008, #6014, #6018, #6023, #6029, #6033, #6037, #6041, #6046, #6050, #6055, #6060, #6065, #6070, #6073, #6078, #6081, #6085, #6089, #6092, #6097, #6101, #6105, #6109, #6114, #6118, #6123, #6127, #6130, #6134, #6138, #6142, #6146, #6150, #6154, #6158, #6162, #6166, #6170, #6174, #6178, #6182, #6186, #6189, #6194, #6198, #6201, #6204, #6207, #6210, #6213, #6216, #6221, #6225, #6229, #6233, #6237, #6240, #6243, #6246, #6251, #6254, #6258, #6263, #6266, #6270, #6274, #6278, #6281, #6285, #6288, #6291, #6296, #6300, #6303, #6306, #6310, #6314, #6317, #6320, #6323, #6326, #6329, #6334, #6338, #6341, #6344, #6347, #6351, #6356, #6359, #6363, #6368, #6371, #6374, #6379, #6383, #6387, #6391, #6395, #6399, #6403, #6407, #6411, #6415, #6420, #6424, #6427, #6432, #6437, #6440, #6446, #6451, #6456, #6460, #6465, #6470, #6474, #6478, #6482, #6485, #6489, #6492, #6496, #6499, #6502, #6505, #6509, #6512, #6515, #6518, #6521, #6524, #6527, #6530, #6534, #6538, #6541, #6544, #6547, #6550, #6553, #6556, #6559, #6562, #6565, #6569, #6573, #6578, #6582, #6585, #6589, #6594, #6597, #6602, #6605, #6608, #6611, #6614, #6619, #6622, #6625, #6628, #6631, #6635, #6638, #6641, #6645, #6649, #6652, #6655, #6658, #6662, #6665, #6668, #6671, #6674, #6678, #6682, #6688, #6692, #6696, #6702, #6706, #6710, #6714, #6718, #6722, #6726, #6729, #6733, #6737, #6741, #6745, #6750, #6753, #6757, #6760, #6763, #6769, #6774, #6778, #6783, #6786, #6790, #6794, #6799, #6803, #6808, #6812, #6816, #6819, #6824, #6828, #6831, #6835, #6838, #6841, #6844, #6847, #6850, #6853, #6856, #6859, #6862, #6865, #6868, #6871, #6874, #6877, #6880, #6883, #6886, #6889, #6892, #6895, #6898, #6901, #6904, #6907, #6910, #6913, #6916, #6919, #6922, #6925, #6928, #6931, #6935, #6938, #6941, #6947, #6952, #6955, #6959, #6964, #6967, #6970, #6973, #6977, #6981, #6985, #6988, #6992, #6996, #7000, #7004, #7007, #7010, #7013, #7016, #7019, #7022, #7025, #7028, #7031, #7034, #7037, #7040, #7043, #7046, #7049, #7052, #7055, #7058, #7061, #7064, #7067, #7070, #7074, #7077, #7080, #7083, #7086, #7089, #7092, #7095, #7098, #7101, #7104, #7107, #7110, #7113, #7116, #7119, #7122, #7127, #7130, #7133, #7136, #7141, #7145, #7150, #7153, #7157, #7160, #7165, #7169, #7173, #7176, #7179, #7183, #7186, #7190, #7194, #7198, #7201, #7206, #7210, #7213, #7218, #7222, #7226, #7229, #7233, #7237, #7240, #7245, #7249, #7254, #7257, #7262, #7265, #7268, #7271, #7275, #7278, #7283, #7286, #7290, #7294, #7298, #7301, #7304, #7307, #7310, #7313, #7316, #7319, #7322, #7325, #7328, #7331, #7334, #7337, #7340, #7343, #7346, #7349, #7352, #7355, #7358, #7361, #7364, #7367, #7370, #7373, #7376, #7379, #7382, #7385, #7388, #7391, #7394, #7397, #7400, #7403, #7406, #7409, #7412, #7415, #7418, #7421, #7424, #7427, #7430, #7433, #7436, #7439, #7442, #7445, #7448, #7451, #7454, #7457, #7460, #7463, #7466, #7469, #7472, #7475, #7478, #7481, #7484, #7487, #7490, #7493, #7496, #7499, #7502, #7505, #7508, #7511, #7514, #7517, #7520, #7523, #7526, #7529, #7532, #7535, #7538, #7541, #7544, #7547, #7550, #7553, #7556, #7559, #7562, #7565, #7568, #7571, #7574, #7577, #7580, #7583, #7586, #7589, #7592, #7595, #7598, #7601, #7604, #7607, #7610, #7613, #7616, #7619, #7622, #7625, #7628, #7631, #7634, #7637, #7640, #7643, #7646, #7649, #7652, #7655, #7658, #7661, #7664, #7667, #7670, #7673, #7676, #7679, #7682, #7685, #7688, #7691, #7694, #7697, #7700, #7703, #7706, #7709, #7712, #7715, #7718, #7721, #7724, #7727, #7730, #7733, #7736, #7739, #7742, #7745, #7748, #7751, #7754, #7757, #7760, #7763, #7766, #7769, #7772, #7775, #7778, #7781, #7784, #7787, #7790, #7793, #7796, #7799, #7802, #7805, #7808, #7811, #7814, #7817, #7820, #7823, #7826, #7829, #7832, #7835, #7838, #7841, #7844, #7847, #7850, #7853, #7856, #7859, #7862, #7865, #7868, #7871, #7874, #7877, #7880, #7883, #7886, #7889, #7892, #7895, #7898, #7901, #7904, #7907, #7910, #7913, #7916, #7919, #7922, #7925, #7928, #7931, #7934, #7937, #7940, #7943, #7946, #7949, #7952, #7955, #7958, #7961, #7964, #7967, #7970, #7973, #7976, #7979, #7982, #7985, #7988, #7991, #7994, #7997, #8000, #8003, #8006, #8009, #8012, #8015, #8018, #8021, #8024, #8027, #8030, #8033, #8036, #8039, #8042, #8045, #8048, #8051, #8054, #8057, #8060, #8063, #8066, #8069, #8072, #8075, #8078, #8081, #8084, #8087, #8090, #8093, #8096, #8099, #8102, #8105, #8108, #8111, #8114, #8117, #8120, #8123, #8126, #8129, #8133, #8136, #8139, #8142, #8145, #8148, #8151, #8154, #8157, #8160, #8163, #8166, #8169, #8172, #8175, #8178, #8181, #8184, #8187, #8190, #8193, #8196, #8199, #8202, #8205, #8208, #8211, #8214, #8217, #8220, #8223, #8226, #8229, #8232, #8235, #8238, #8241, #8244, #8247, #8251, #8254, #8257, #8260, #8263, #8266, #8269, #8272, #8275, #8278, #8281, #8284, #8287, #8290, #8293, #8296, #8299, #8302, #8305, #8308, #8311, #8314, #8317, #8320, #8323, #8326, #8329, #8332, #8335, #8338, #8341, #8344, #8347, #8350, #8353, #8356, #8359, #8362, #8365, #8368, #8371, #8374, #8377, #8380, #8383, #8386, #8389, #8392, #8395, #8398, #8401, #8404, #8407, #8410, #8413, #8416, #8419, #8422, #8425, #8428, #8431, #8434, #8437, #8440, #8443, #8446, #8449, #8452, #8455, #8458, #8461, #8464, #8467, #8470, #8473, #8476, #8479, #8482, #8485, #8488, #8491, #8494, #8497, #8500, #8503, #8506, #8509, #8512, #8515, #8518, #8521, #8524, #8527, #8530, #8533, #8536, #8539, #8542, #8546, #8549, #8552, #8555, #8558, #8561, #8564, #8567, #8570, #8573, #8576, #8579, #8582, #8585, #8588, #8591, #8594, #8597, #8600, #8603, #8606, #8609, #8612, #8615, #8618, #8621, #8624, #8627, #8630, #8633, #8636, #8639, #8642, #8645, #8648, #8651, #8654, #8657, #8660, #8663, #8666, #8669, #8672, #8675, #8678, #8681, #8684, #8687, #8690, #8693, #8696, #8699, #8702, #8705, #8708, #8711, #8714, #8717, #8720, #8723, #8726, #8729, #8732, #8735, #8738, #8741, #8744, #8747, #8750, #8753, #8756, #8759, #8762, #8765, #8768, #8771, #8774, #8777, #8780, #8783, #8786, #8789, #8792, #8795, #8798, #8801, #8804, #8807, #8810, #8813, #8816, #8819, #8822, #8825, #8828, #8831, #8834, #8837, #8840, #8843, #8846, #8849, #8852, #8855, #8858, #8861, #8864, #8867, #8870, #8873, #8876, #8879, #8882, #8885, #8888, #8891, #8894, #8897, #8900, #8903, #8906, #8909, #8913, #8916, #8919, #8922, #8925, #8928, #8931, #8934, #8937, #8940, #8943, #8946, #8949, #8952, #8955, #8958, #8961, #8964, #8967, #8970, #8973, #8976, #8979, #8982, #8985, #8988, #8991, #8994, #8997, #9000, #9003, #9006, #9009, #9012, #9015, #9018, #9021, #9024, #9027, #9030, #9033, #9036, #9039, #9042, #9045, #9048, #9051, #9054, #9057, #9060, #9063, #9066, #9069, #9072, #9075, #9078, #9081, #9084, #9087, #9090, #9093, #9096, #9099, #9102, #9105, #9108, #9111, #9114, #9117, #9120, #9123, #9126, #9129, #9132, #9135, #9138, #9141, #9144, #9147, #9150, #9153, #9156, #9159, #9162, #9165, #9168, #9171, #9174, #9177, #9180, #9183, #9186, #9189, #9192, #9195, #9198, #9201, #9204, #9207, #9210, #9213, #9216, #9219, #9222, #9225, #9228, #9231, #9234, #9237, #9240, #9243, #9246, #9249, #9252, #9255, #9258, #9261, #9264, #9267, #9270, #9273, #9276, #9279, #9282, #9285, #9288, #9291, #9294, #9297, #9300, #9303, #9306, #9309, #9312, #9315, #9318, #9321, #9324, #9327, #9330, #9333, #9336, #9339, #9342, #9345, #9348, #9351, #9354, #9357, #9360, #9363, #9366, #9369, #9372, #9375, #9378, #9381, #9384, #9387, #9390, #9393, #9396, #9399, #9402, #9405, #9408, #9411, #9414, #9417, #9420, #9423, #9426, #9429, #9432, #9435, #9438, #9441, #9444, #9447, #9450, #9453, #9456, #9459, #9462, #9465, #9468, #9471, #9474, #9477, #9480, #9483, #9486, #9489, #9492, #9495, #9498, #9501, #9504, #9507, #9510, #9513, #9516, #9519, #9522, #9525, #9528, #9531, #9534, #9537, #9540, #9543, #9546, #9549, #9552, #9555, #9558, #9561, #9564, #9567, #9570, #9573, #9576, #9579, #9582, #9585, #9588, #9591, #9594, #9597, #9600, #9603, #9606, #9609, #9612, #9615, #9618, #9621, #9624, #9627, #9630, #9633, #9636, #9639, #9642, #9645, #9648, #9651, #9654, #9657, #9660, #9663, #9666, #9669, #9672, #9675, #9678, #9681, #9684, #9687, #9690, #9693, #9696, #9699, #9702, #9705, #9708, #9711, #9714, #9717, #9720, #9723, #9726, #9729, #9732, #9735, #9738, #9741, #9744, #9747, #9750, #9753, #9756, #9759, #9762, #9765, #9768, #9771, #9774, #9777, #9780, #9783, #9786, #9789, #9792, #9795, #9798, #9801, #9804, #9807, #9810, #9813, #9816, #9819, #9822, #9825, #9828, #9831, #9834, #9837, #9840, #9843, #9846, #9849, #9852, #9855, #9858, #9861, #9864, #9867, #9870, #9873, #9876, #9879, #9882, #9885, #9888, #9891, #9894, #9897, #9900, #9903, #9906, #9909, #9912, #9915, #9918, #9921, #9924, #9927, #9930, #9933, #9936, #9939, #9942, #9945, #9948, #9951, #9954, #9957, #9960, #9963, #9966, #9969, #9972, #9975, #9978, #9981, #9984, #9987, #9990, #9993, #9996, #9999, #10002, #10005, #10008, #10011, #10014, #10017, #10020, #10023, #10026, #10029, #10032, #10035, #10038, #10041, #10044, #10047, #10050, #10053, #10056, #10059, #10062, #10065, #10068, #10071, #10074, #10077, #10080, #10083, #10086, #10089, #10092, #10095, #10098, #10101, #10104, #10107, #10110, #10113, #10116, #10119, #10122, #10125, #10128, #10131, #10134, #10137, #10140, #10143, #10146, #10149, #10152, #10155, #10158, #10161, #10164, #10167, #10170, #10173, #10176, #10179, #10182, #10185, #10188, #10191, #10194, #10197, #10200, #10203, #10206, #10209, #10212, #10215, #10218, #10221, #10224, #10227, #10230, #10233, #10236, #10239, #10242, #10245, #10248, #10251, #10254, #10257, #10260, #10263, #10266, #10269, #10272, #10275, #10278, #10281, #10284, #10287, #10290, #10293, #10296, #10299, #10302, #10305, #10308, #10311, #10314, #10317, #10320, #10323, #10326, #10329, #10332, #10335, #10338, #10341, #10344, #10347, #10350, #10353, #10356, #10359, #10362, #10365, #10368, #10371, #10374, #10377, #10380, #10383, #10386, #10389, #10392, #10395, #10398, #10401, #10404, #10407, #10410, #10413, #10416, #10419, #10422, #10425, #10428, #10431, #10434, #10437, #10440, #10443, #10446, #10449, #10452, #10455, #10458, #10461, #10464, #10467, #10470, #10473, #10476, #10479, #10482, #10485, #10488, #10491, #10494, #10497, #10500, #10503, #10506, #10509, #10512, #10515, #10518, #10521, #10524, #10527, #10530, #10533, #10536, #10539, #10542, #10545, #10548, #10551, #10554, #10557, #10560, #10563, #10566, #10569, #10572, #10575, #10578, #10581, #10584, #10587, #10590, #10593, #10596, #10599, #10602, #10605, #10608, #10611, #10614, #10617, #10620, #10623, #10626, #10629, #10632, #10635, #10638, #10641, #10644, #10647, #10650, #10653, #10656, #10659, #10662, #10665, #10668, #10671, #10674, #10677, #10680, #10683, #10686, #10689, #10692, #10695, #10698, #10701, #10704, #10707, #10710, #10713, #10716, #10719, #10722, #10725, #10728, #10731, #10734, #10737, #10740, #10743, #10746, #10749, #10752, #10755, #10758, #10761, #10764, #10767, #10770, #10773, #10776, #10779, #10782, #10785, #10788, #10791, #10794, #10797, #10800, #10803, #10806, #10809, #10812, #10815, #10818, #10821, #10824, #10827, #10830, #10833, #10836, #10839, #10842, #10845, #10848, #10851, #10854, #10857, #10860, #10863, #10866, #10869, #10872, #10875, #10879, #10882, #10885, #10888, #10891, #10894, #10897, #10900, #10903, #10906, #10909, #10912, #10915, #10918, #10921, #10924, #10927, #10930, #10933, #10936, #10939, #10942, #10945, #10948, #10951, #10954, #10957, #10960, #10963, #10966, #10969, #10972, #10975, #10978, #10981, #10984, #10987, #10990, #10993, #10996, #10999, #11002, #11005, #11008, #11011, #11014, #11017, #11020, #11023, #11026, #11029, #11032, #11035, #11038, #11041, #11044, #11047, #11050, #11053, #11056, #11059, #11062, #11065, #11068, #11071, #11074, #11077, #11080, #11083, #11086, #11089, #11092, #11095, #11098, #11101, #11104, #11107, #11110, #11113, #11116, #11119, #11122, #11125, #11128, #11131, #11134, #11137, #11140, #11143, #11146, #11149, #11152, #11155, #11158, #11161, #11164, #11167, #11170, #11173, #11176, #11179, #11182, #11185, #11188, #11191, #11194, #11197, #11200, #11203, #11206, #11209, #11212, #11215, #11218, #11221, #11224, #11227, #11230, #11233, #11236, #11239, #11242, #11245, #11248, #11251, #11254, #11257, #11260, #11263, #11266, #11269, #11272, #11275, #11278, #11281, #11284, #11287, #11290, #11293, #11296, #11299, #11302, #11305, #11308, #11311, #11314, #11317, #11320, #11323, #11326, #11329));
#120 = IFCSURFACESTYLERENDERING(#121, 0., #122, $, $, #123, #124, $, .NOTDEFINED.);
#121 = IFCCOLOURRGB('Surface color', 1., 1., 1.);
#122 = IFCCOLOURRGB('Diffuse color', 1., 1., 1.);
#123 = IFCCOLOURRGB('Reflection color', 1., 1., 1.);
#124 = IFCCOLOURRGB('Specular color', 1., 1., 1.);
#125 = IFCSURFACESTYLE('a8771413_0bab_480f_9230_c8f8a953e073', .BOTH., (#120));
#126 = IFCPRESENTATIONSTYLEASSIGNMENT((#125));
#127 = IFCMATERIAL('a8771413_0bab_480f_9230_c8f8a953e073');
#128 = IFCPOLYLOOP((#129, #130, #131));
#129 = IFCCARTESIANPOINT((-4.69178161621094E-2, -2.12999923706055E-1, 2.10093521118164E-1));
#130 = IFCCARTESIANPOINT((-5.06650009155273E-2, -2.13000045776367E-1, 1.83696151733398E-1));
#131 = IFCCARTESIANPOINT((-5.10291557312012E-2, -2.13000183105469E-1, 1.92401992797852E-1));
#132 = IFCFACEOUTERBOUND(#128, .T.);
#133 = IFCFACE((#132));
#134 = IFCPOLYLOOP((#131, #135, #129));
#135 = IFCCARTESIANPOINT((-4.96639633178711E-2, -2.12995223999023E-1, 2.01986602783203E-1));
#136 = IFCFACEOUTERBOUND(#134, .T.);
#137 = IFCFACE((#136));
#138 = IFCPOLYLOOP((#139, #140, #141));
#139 = IFCCARTESIANPOINT((-2.01788425445557E-2, -2.13000106811523E-1, 2.36935592651367E-1));
#140 = IFCCARTESIANPOINT((-1.21254816055298E-2, -2.13000061035156E-1, 2.39598281860352E-1));
#141 = IFCCARTESIANPOINT((-2.0222354888916E-2, -2.13000030517578E-1, 1.430869140625E-1));
#142 = IFCFACEOUTERBOUND(#138, .T.);
#143 = IFCFACE((#142));
#144 = IFCPOLYLOOP((#145, #146, #140));
#145 = IFCCARTESIANPOINT((-3.11799669265747E-3, -2.13000076293945E-1, 2.40963806152344E-1));
#146 = IFCCARTESIANPOINT((-1.20758428573608E-2, -2.12999954223633E-1, 1.40423446655273E-1));
#147 = IFCFACEOUTERBOUND(#144, .T.);
#148 = IFCFACE((#147));
#149 = IFCPOLYLOOP((#150, #151, #152));
#150 = IFCCARTESIANPOINT((-2.82870254516602E-2, -2.12999938964844E-1, 1.47492218017578E-1));
#151 = IFCCARTESIANPOINT((-3.66907196044922E-2, -2.13000228881836E-1, 2.25662002563477E-1));
#152 = IFCCARTESIANPOINT((-2.83317813873291E-2, -2.12999984741211E-1, 2.32470947265625E-1));
#153 = IFCFACEOUTERBOUND(#149, .T.);
#154 = IFCFACE((#153));
#155 = IFCPOLYLOOP((#141, #152, #139));
#156 = IFCFACEOUTERBOUND(#155, .T.);
#157 = IFCFACE((#156));
#158 = IFCPOLYLOOP((#159, #160, #151));
#159 = IFCCARTESIANPOINT((-4.27027931213379E-2, -2.13000030517578E-1, 1.62015075683594E-1));
#160 = IFCCARTESIANPOINT((-4.32340545654297E-2, -2.12999954223633E-1, 2.17174209594727E-1));
#161 = IFCFACEOUTERBOUND(#158, .T.);
#162 = IFCFACE((#161));
#163 = IFCPOLYLOOP((#160, #159, #164));
#164 = IFCCARTESIANPOINT((-4.65307502746582E-2, -2.12999862670898E-1, 1.68979782104492E-1));
#165 = IFCFACEOUTERBOUND(#163, .T.);
#166 = IFCFACE((#165));
#167 = IFCPOLYLOOP((#168, #169, #170));
#168 = IFCCARTESIANPOINT((1.71748411655426E-3, -2.13E-1, 1.39011764526367E-1));
#169 = IFCCARTESIANPOINT((-4.77749013900757E-3, -2.12999984741211E-1, 1.39195526123047E-1));
#170 = IFCCARTESIANPOINT((4.33834648132324E-3, -2.13000076293945E-1, 2.40831115722656E-1));
#171 = IFCFACEOUTERBOUND(#167, .T.);
#172 = IFCFACE((#171));
#173 = IFCPOLYLOOP((#174, #130, #164));
#174 = IFCCARTESIANPOINT((-4.91249465942383E-2, -2.12999710083008E-1, 1.76217727661133E-1));
#175 = IFCFACEOUTERBOUND(#173, .T.);
#176 = IFCFACE((#175));
#177 = IFCPOLYLOOP((#130, #129, #164));
#178 = IFCFACEOUTERBOUND(#177, .T.);
#179 = IFCFACE((#178));
#180 = IFCPOLYLOOP((#151, #181, #159));
#181 = IFCCARTESIANPOINT((-3.67788543701172E-2, -2.12999618530273E-1, 1.54512908935547E-1));
#182 = IFCFACEOUTERBOUND(#180, .T.);
#183 = IFCFACE((#182));
#184 = IFCPOLYLOOP((#151, #150, #181));
#185 = IFCFACEOUTERBOUND(#184, .T.);
#186 = IFCFACE((#185));
#187 = IFCPOLYLOOP((#150, #152, #141));
#188 = IFCFACEOUTERBOUND(#187, .T.);
#189 = IFCFACE((#188));
#190 = IFCPOLYLOOP((#146, #141, #140));
#191 = IFCFACEOUTERBOUND(#190, .T.);
#192 = IFCFACE((#191));
#193 = IFCPOLYLOOP((#145, #169, #146));
#194 = IFCFACEOUTERBOUND(#193, .T.);
#195 = IFCFACE((#194));
#196 = IFCPOLYLOOP((#197, #170, #198));
#197 = IFCCARTESIANPOINT((1.61882286071777E-2, -2.13000015258789E-1, 1.4155696105957E-1));
#198 = IFCCARTESIANPOINT((1.21254816055298E-2, -2.13000091552734E-1, 2.39598281860352E-1));
#199 = IFCFACEOUTERBOUND(#196, .T.);
#200 = IFCFACE((#199));
#201 = IFCPOLYLOOP((#198, #202, #197));
#202 = IFCCARTESIANPOINT((2.46158847808838E-2, -2.13E-1, 2.34702590942383E-1));
#203 = IFCFACEOUTERBOUND(#201, .T.);
#204 = IFCFACE((#203));
#205 = IFCPOLYLOOP((#206, #202, #198));
#206 = IFCCARTESIANPOINT((1.82625999450684E-2, -2.13E-1, 2.37618041992188E-1));
#207 = IFCFACEOUTERBOUND(#205, .T.);
#208 = IFCFACE((#207));
#209 = IFCPOLYLOOP((#210, #211, #202));
#210 = IFCCARTESIANPOINT((3.2809268951416E-2, -2.12999877929688E-1, 2.29157516479492E-1));
#211 = IFCCARTESIANPOINT((2.42065410614014E-2, -2.13E-1, 1.45056335449219E-1));
#212 = IFCFACEOUTERBOUND(#209, .T.);
#213 = IFCFACE((#212));
#214 = IFCPOLYLOOP((#215, #216, #210));
#215 = IFCCARTESIANPOINT((4.32429504394531E-2, -2.13E-1, 2.17151809692383E-1));
#216 = IFCCARTESIANPOINT((4.35635604858398E-2, -2.13000106811523E-1, 1.63224227905273E-1));
#217 = IFCFACEOUTERBOUND(#214, .T.);
#218 = IFCFACE((#217));
#219 = IFCPOLYLOOP((#220, #221, #215));
#220 = IFCCARTESIANPOINT((4.90292816162109E-2, -2.12999954223633E-1, 2.04098709106445E-1));
#221 = IFCCARTESIANPOINT((4.7729907989502E-2, -2.1299983215332E-1, 1.71876266479492E-1));
#222 = IFCFACEOUTERBOUND(#219, .T.);
#223 = IFCFACE((#222));
#224 = IFCPOLYLOOP((#225, #220, #226));
#225 = IFCCARTESIANPOINT((5.10406951904297E-2, -2.12999313354492E-1, 1.87776931762695E-1));
#226 = IFCCARTESIANPOINT((5.05907707214355E-2, -2.12997909545898E-1, 1.96814514160156E-1));
#227 = IFCFACEOUTERBOUND(#224, .T.);
#228 = IFCFACE((#227));
#229 = IFCPOLYLOOP((#230, #220, #215));
#230 = IFCCARTESIANPOINT((4.69766616821289E-2, -2.13001983642578E-1, 2.0998046875E-1));
#231 = IFCFACEOUTERBOUND(#229, .T.);
#232 = IFCFACE((#231));
#233 = IFCPOLYLOOP((#234, #215, #210));
#234 = IFCCARTESIANPOINT((3.84246559143066E-2, -2.13E-1, 2.23534240722656E-1));
#235 = IFCFACEOUTERBOUND(#233, .T.);
#236 = IFCFACE((#235));
#237 = IFCPOLYLOOP((#211, #210, #238));
#238 = IFCCARTESIANPOINT((3.06000366210938E-2, -2.13E-1, 1.4920002746582E-1));
#239 = IFCFACEOUTERBOUND(#237, .T.);
#240 = IFCFACE((#239));
#241 = IFCPOLYLOOP((#238, #216, #242));
#242 = IFCCARTESIANPOINT((3.70740928649902E-2, -2.12999298095703E-1, 1.5488737487793E-1));
#243 = IFCFACEOUTERBOUND(#241, .T.);
#244 = IFCFACE((#243));
#245 = IFCPOLYLOOP((#197, #246, #168));
#246 = IFCCARTESIANPOINT((8.39822578430176E-3, -2.12991012573242E-1, 1.39675201416016E-1));
#247 = IFCFACEOUTERBOUND(#245, .T.);
#248 = IFCFACE((#247));
#249 = IFCPOLYLOOP((#197, #202, #211));
#250 = IFCFACEOUTERBOUND(#249, .T.);
#251 = IFCFACE((#250));
#252 = IFCPOLYLOOP((#170, #197, #168));
#253 = IFCFACEOUTERBOUND(#252, .T.);
#254 = IFCFACE((#253));
#255 = IFCPOLYLOOP((#221, #225, #256));
#256 = IFCCARTESIANPOINT((4.99065208435059E-2, -2.13003890991211E-1, 1.79331359863281E-1));
#257 = IFCFACEOUTERBOUND(#255, .T.);
#258 = IFCFACE((#257));
#259 = IFCPOLYLOOP((#220, #225, #221));
#260 = IFCFACEOUTERBOUND(#259, .T.);
#261 = IFCFACE((#260));
#262 = IFCPOLYLOOP((#216, #215, #221));
#263 = IFCFACEOUTERBOUND(#262, .T.);
#264 = IFCFACE((#263));
#265 = IFCPOLYLOOP((#210, #216, #238));
#266 = IFCFACEOUTERBOUND(#265, .T.);
#267 = IFCFACE((#266));
#268 = IFCPOLYLOOP((#198, #170, #269));
#269 = IFCCARTESIANPOINT((3.7702944278717E-3, -2.53000061035156E-1, 2.4208723449707E-1));
#270 = IFCFACEOUTERBOUND(#268, .T.);
#271 = IFCFACE((#270));
#272 = IFCPOLYLOOP((#170, #145, #269));
#273 = IFCFACEOUTERBOUND(#272, .T.);
#274 = IFCFACE((#273));
#275 = IFCPOLYLOOP((#206, #198, #276));
#276 = IFCCARTESIANPOINT((1.30519285202026E-2, -2.52999862670898E-1, 2.40505783081055E-1));
#277 = IFCFACEOUTERBOUND(#275, .T.);
#278 = IFCFACE((#277));
#279 = IFCPOLYLOOP((#202, #206, #280));
#280 = IFCCARTESIANPOINT((2.05666484832764E-2, -2.53000198364258E-1, 2.37937728881836E-1));
#281 = IFCFACEOUTERBOUND(#279, .T.);
#282 = IFCFACE((#281));
#283 = IFCPOLYLOOP((#230, #215, #284));
#284 = IFCCARTESIANPOINT((4.78993148803711E-2, -2.53E-1, 2.10592361450195E-1));
#285 = IFCFACEOUTERBOUND(#283, .T.);
#286 = IFCFACE((#285));
#287 = IFCPOLYLOOP((#210, #288, #234));
#288 = IFCCARTESIANPOINT((3.53714141845703E-2, -2.53E-1, 2.28276306152344E-1));
#289 = IFCFACEOUTERBOUND(#287, .T.);
#290 = IFCFACE((#289));
#291 = IFCPOLYLOOP((#292, #215, #293));
#292 = IFCCARTESIANPOINT((4.43232383728027E-2, -2.52999588012695E-1, 2.17650268554688E-1));
#293 = IFCCARTESIANPOINT((3.92664527893066E-2, -2.53E-1, 2.24268920898438E-1));
#294 = IFCFACEOUTERBOUND(#291, .T.);
#295 = IFCFACE((#294));
#296 = IFCPOLYLOOP((#230, #284, #220));
#297 = IFCFACEOUTERBOUND(#296, .T.);
#298 = IFCFACE((#297));
#299 = IFCPOLYLOOP((#300, #301, #226));
#300 = IFCCARTESIANPOINT((5.04563941955566E-2, -2.53E-1, 2.03397109985352E-1));
#301 = IFCCARTESIANPOINT((5.19383583068848E-2, -2.52999984741211E-1, 1.94882232666016E-1));
#302 = IFCFACEOUTERBOUND(#299, .T.);
#303 = IFCFACE((#302));
#304 = IFCPOLYLOOP((#225, #226, #301));
#305 = IFCFACEOUTERBOUND(#304, .T.);
#306 = IFCFACE((#305));
#307 = IFCPOLYLOOP((#256, #225, #308));
#308 = IFCCARTESIANPOINT((5.20629653930664E-2, -2.52999984741211E-1, 1.86048934936523E-1));
#309 = IFCFACEOUTERBOUND(#307, .T.);
#310 = IFCFACE((#309));
#311 = IFCPOLYLOOP((#216, #221, #312));
#312 = IFCCARTESIANPOINT((4.8030200958252E-2, -2.52999923706055E-1, 1.69677734375E-1));
#313 = IFCFACEOUTERBOUND(#311, .T.);
#314 = IFCFACE((#313));
#315 = IFCPOLYLOOP((#238, #242, #316));
#316 = IFCCARTESIANPOINT((3.7689769744873E-2, -2.52999694824219E-1, 1.53784103393555E-1));
#317 = IFCFACEOUTERBOUND(#315, .T.);
#318 = IFCFACE((#317));
#319 = IFCPOLYLOOP((#197, #211, #320));
#320 = IFCCARTESIANPOINT((2.28379497528076E-2, -2.53E-1, 1.4315299987793E-1));
#321 = IFCFACEOUTERBOUND(#319, .T.);
#322 = IFCFACE((#321));
#323 = IFCPOLYLOOP((#197, #324, #246));
#324 = IFCCARTESIANPOINT((1.68181934356689E-2, -2.52999984741211E-1, 1.40642684936523E-1));
#325 = IFCFACEOUTERBOUND(#323, .T.);
#326 = IFCFACE((#325));
#327 = IFCPOLYLOOP((#328, #329, #168));
#328 = IFCCARTESIANPOINT((7.6737060546875E-3, -2.53000015258789E-1, 1.38316146850586E-1));
#329 = IFCCARTESIANPOINT((-1.8049955368042E-3, -2.53000045776367E-1, 1.37893646240234E-1));
#330 = IFCFACEOUTERBOUND(#327, .T.);
#331 = IFCFACE((#330));
#332 = IFCPOLYLOOP((#333, #320, #211));
#333 = IFCCARTESIANPOINT((2.94370651245117E-2, -2.53000244140625E-1, 1.46940124511719E-1));
#334 = IFCFACEOUTERBOUND(#332, .T.);
#335 = IFCFACE((#334));
#336 = IFCPOLYLOOP((#337, #140, #139));
#337 = IFCCARTESIANPOINT((-1.3051929473877E-2, -2.52999893188477E-1, 2.40505783081055E-1));
#338 = IFCFACEOUTERBOUND(#336, .T.);
#339 = IFCFACE((#338));
#340 = IFCPOLYLOOP((#341, #342, #152));
#341 = IFCCARTESIANPOINT((-2.90060424804688E-2, -2.52999481201172E-1, 2.33439468383789E-1));
#342 = IFCCARTESIANPOINT((-2.06241626739502E-2, -2.53E-1, 2.37907821655273E-1));
#343 = IFCFACEOUTERBOUND(#340, .T.);
#344 = IFCFACE((#343));
#345 = IFCPOLYLOOP((#140, #337, #346));
#346 = IFCCARTESIANPOINT((-5.27924156188965E-3, -2.53E-1, 2.41879730224609E-1));
#347 = IFCFACEOUTERBOUND(#345, .T.);
#348 = IFCFACE((#347));
#349 = IFCPOLYLOOP((#135, #350, #351));
#350 = IFCCARTESIANPOINT((-5.11812782287598E-2, -2.52999877929688E-1, 2.00334579467773E-1));
#351 = IFCCARTESIANPOINT((-4.85037727355957E-2, -2.52999954223633E-1, 2.09226776123047E-1));
#352 = IFCFACEOUTERBOUND(#349, .T.);
#353 = IFCFACE((#352));
#354 = IFCPOLYLOOP((#341, #152, #151));
#355 = IFCFACEOUTERBOUND(#354, .T.);
#356 = IFCFACE((#355));
#357 = IFCPOLYLOOP((#145, #346, #269));
#358 = IFCFACEOUTERBOUND(#357, .T.);
#359 = IFCFACE((#358));
#360 = IFCPOLYLOOP((#151, #160, #361));
#361 = IFCCARTESIANPOINT((-3.746728515625E-2, -2.53000015258789E-1, 2.26357284545898E-1));
#362 = IFCFACEOUTERBOUND(#360, .T.);
#363 = IFCFACE((#362));
#364 = IFCPOLYLOOP((#365, #160, #129));
#365 = IFCCARTESIANPOINT((-4.43799171447754E-2, -2.52999618530273E-1, 2.17567092895508E-1));
#366 = IFCFACEOUTERBOUND(#364, .T.);
#367 = IFCFACE((#366));
#368 = IFCPOLYLOOP((#131, #369, #350));
#369 = IFCCARTESIANPOINT((-5.21181182861328E-2, -2.53000076293945E-1, 1.91666213989258E-1));
#370 = IFCFACEOUTERBOUND(#368, .T.);
#371 = IFCFACE((#370));
#372 = IFCPOLYLOOP((#131, #130, #369));
#373 = IFCFACEOUTERBOUND(#372, .T.);
#374 = IFCFACE((#373));
#375 = IFCPOLYLOOP((#376, #130, #174));
#376 = IFCCARTESIANPOINT((-5.18129386901855E-2, -2.52999908447266E-1, 1.83268493652344E-1));
#377 = IFCFACEOUTERBOUND(#375, .T.);
#378 = IFCFACE((#377));
#379 = IFCPOLYLOOP((#159, #380, #381));
#380 = IFCCARTESIANPOINT((-4.3436840057373E-2, -2.53E-1, 1.61120803833008E-1));
#381 = IFCCARTESIANPOINT((-4.67341728210449E-2, -2.52999923706055E-1, 1.66854431152344E-1));
#382 = IFCFACEOUTERBOUND(#379, .T.);
#383 = IFCFACE((#382));
#384 = IFCPOLYLOOP((#380, #159, #385));
#385 = IFCCARTESIANPOINT((-3.92664527893066E-2, -2.53E-1, 1.55731079101563E-1));
#386 = IFCFACEOUTERBOUND(#384, .T.);
#387 = IFCFACE((#386));
#388 = IFCPOLYLOOP((#169, #329, #389));
#389 = IFCCARTESIANPOINT((-1.15525074005127E-2, -2.53000015258789E-1, 1.39028778076172E-1));
#390 = IFCFACEOUTERBOUND(#388, .T.);
#391 = IFCFACE((#390));
#392 = IFCPOLYLOOP((#150, #393, #394));
#393 = IFCCARTESIANPOINT((-2.70639133453369E-2, -2.53E-1, 1.45460601806641E-1));
#394 = IFCCARTESIANPOINT((-3.35278778076172E-2, -2.52999984741211E-1, 1.50045440673828E-1));
#395 = IFCFACEOUTERBOUND(#392, .T.);
#396 = IFCFACE((#395));
#397 = IFCPOLYLOOP((#181, #394, #385));
#398 = IFCFACEOUTERBOUND(#397, .T.);
#399 = IFCFACE((#398));
#400 = IFCPOLYLOOP((#393, #150, #141));
#401 = IFCFACEOUTERBOUND(#400, .T.);
#402 = IFCFACE((#401));
#403 = IFCPOLYLOOP((#389, #404, #146));
#404 = IFCCARTESIANPOINT((-2.09487266540527E-2, -2.53E-1, 1.42245559692383E-1));
#405 = IFCFACEOUTERBOUND(#403, .T.);
#406 = IFCFACE((#405));
#407 = IFCPOLYLOOP((#168, #329, #169));
#408 = IFCFACEOUTERBOUND(#407, .T.);
#409 = IFCFACE((#408));
#410 = IFCPOLYLOOP((#411, #412, #413));
#411 = IFCCARTESIANPOINT((6.29412574768066E-2, -2.530048828125E-1, 1.49173858642578E-1));
#412 = IFCCARTESIANPOINT((5.79305534362793E-2, -2.53000030517578E-1, 1.42309616088867E-1));
#413 = IFCCARTESIANPOINT((6.73279800415039E-2, -2.52999664306641E-1, 1.56812377929688E-1));
#414 = IFCFACEOUTERBOUND(#410, .T.);
#415 = IFCFACE((#414));
#416 = IFCPOLYLOOP((#413, #412, #417));
#417 = IFCCARTESIANPOINT((7.07336120605469E-2, -2.52999801635742E-1, 1.64964874267578E-1));
#418 = IFCFACEOUTERBOUND(#416, .T.);
#419 = IFCFACE((#418));
#420 = IFCPOLYLOOP((#412, #421, #316));
#421 = IFCCARTESIANPOINT((5.23628997802734E-2, -2.53000015258789E-1, 1.36273742675781E-1));
#422 = IFCFACEOUTERBOUND(#420, .T.);
#423 = IFCFACE((#422));
#424 = IFCPOLYLOOP((#312, #425, #412));
#425 = IFCCARTESIANPOINT((5.04656143188477E-2, -2.53000076293945E-1, 1.76789901733398E-1));
#426 = IFCFACEOUTERBOUND(#424, .T.);
#427 = IFCFACE((#426));
#428 = IFCPOLYLOOP((#412, #429, #430));
#429 = IFCCARTESIANPOINT((7.32080154418945E-2, -2.52999969482422E-1, 2.06514862060547E-1));
#430 = IFCCARTESIANPOINT((7.41275177001953E-2, -2.52999954223633E-1, 1.78360076904297E-1));
#431 = IFCFACEOUTERBOUND(#428, .T.);
#432 = IFCFACE((#431));
#433 = IFCPOLYLOOP((#430, #429, #434));
#434 = IFCCARTESIANPOINT((7.48536605834961E-2, -2.53E-1, 1.85317077636719E-1));
#435 = IFCFACEOUTERBOUND(#433, .T.);
#436 = IFCFACE((#435));
#437 = IFCPOLYLOOP((#308, #301, #429));
#438 = IFCFACEOUTERBOUND(#437, .T.);
#439 = IFCFACE((#438));
#440 = IFCPOLYLOOP((#429, #441, #434));
#441 = IFCCARTESIANPOINT((7.49996719360352E-2, -2.52998764038086E-1, 1.92332748413086E-1));
#442 = IFCFACEOUTERBOUND(#440, .T.);
#443 = IFCFACE((#442));
#444 = IFCPOLYLOOP((#430, #445, #412));
#445 = IFCCARTESIANPOINT((7.26923065185547E-2, -2.53E-1, 1.71538467407227E-1));
#446 = IFCFACEOUTERBOUND(#444, .T.);
#447 = IFCFACE((#446));
#448 = IFCPOLYLOOP((#412, #445, #417));
#449 = IFCFACEOUTERBOUND(#448, .T.);
#450 = IFCFACE((#449));
#451 = IFCPOLYLOOP((#308, #412, #425));
#452 = IFCFACEOUTERBOUND(#451, .T.);
#453 = IFCFACE((#452));
#454 = IFCPOLYLOOP((#455, #456, #457));
#455 = IFCCARTESIANPOINT((3.28651695251465E-2, -2.53E-1, 1.22584266662598E-1));
#456 = IFCCARTESIANPOINT((4.56098899841309E-2, -2.53E-1, 1.30372146606445E-1));
#457 = IFCCARTESIANPOINT((3.89465866088867E-2, -2.53E-1, 1.25905044555664E-1));
#458 = IFCFACEOUTERBOUND(#454, .T.);
#459 = IFCFACE((#458));
#460 = IFCPOLYLOOP((#461, #456, #455));
#461 = IFCCARTESIANPOINT((2.68567638397217E-2, -2.53E-1, 1.19973472595215E-1));
#462 = IFCFACEOUTERBOUND(#460, .T.);
#463 = IFCFACE((#462));
#464 = IFCPOLYLOOP((#456, #333, #316));
#465 = IFCFACEOUTERBOUND(#464, .T.);
#466 = IFCFACE((#465));
#467 = IFCPOLYLOOP((#456, #461, #468));
#468 = IFCCARTESIANPOINT((1.84973545074463E-2, -2.53000228881836E-1, 1.1727645111084E-1));
#469 = IFCFACEOUTERBOUND(#467, .T.);
#470 = IFCFACE((#469));
#471 = IFCPOLYLOOP((#472, #473, #474));
#472 = IFCCARTESIANPOINT((-7.1727991104126E-3, -2.52999237060547E-1, 1.15285507202148E-1));
#473 = IFCCARTESIANPOINT((9.9557523727417E-3, -2.53E-1, 1.15663719177246E-1));
#474 = IFCCARTESIANPOINT((4.66293670342566E-18, -2.53E-1, 1.15E-1));
#475 = IFCFACEOUTERBOUND(#471, .T.);
#476 = IFCFACE((#475));
#477 = IFCPOLYLOOP((#328, #324, #473));
#478 = IFCFACEOUTERBOUND(#477, .T.);
#479 = IFCFACE((#478));
#480 = IFCPOLYLOOP((#473, #456, #468));
#481 = IFCFACEOUTERBOUND(#480, .T.);
#482 = IFCFACE((#481));
#483 = IFCPOLYLOOP((#316, #484, #412));
#484 = IFCCARTESIANPOINT((4.43557815551758E-2, -2.53E-1, 1.62489700317383E-1));
#485 = IFCFACEOUTERBOUND(#483, .T.);
#486 = IFCFACE((#485));
#487 = IFCPOLYLOOP((#484, #312, #412));
#488 = IFCFACEOUTERBOUND(#487, .T.);
#489 = IFCFACE((#488));
#490 = IFCPOLYLOOP((#456, #324, #320));
#491 = IFCFACEOUTERBOUND(#490, .T.);
#492 = IFCFACE((#491));
#493 = IFCPOLYLOOP((#320, #333, #456));
#494 = IFCFACEOUTERBOUND(#493, .T.);
#495 = IFCFACE((#494));
#496 = IFCPOLYLOOP((#429, #497, #441));
#497 = IFCCARTESIANPOINT((7.44163436889648E-2, -2.53E-1, 1.99338516235352E-1));
#498 = IFCFACEOUTERBOUND(#496, .T.);
#499 = IFCFACE((#498));
#500 = IFCPOLYLOOP((#308, #429, #412));
#501 = IFCFACEOUTERBOUND(#500, .T.);
#502 = IFCFACE((#501));
#503 = IFCPOLYLOOP((#429, #301, #300));
#504 = IFCFACEOUTERBOUND(#503, .T.);
#505 = IFCFACE((#504));
#506 = IFCPOLYLOOP((#300, #284, #429));
#507 = IFCFACEOUTERBOUND(#506, .T.);
#508 = IFCFACE((#507));
#509 = IFCPOLYLOOP((#510, #511, #512));
#510 = IFCCARTESIANPOINT((6.61764678955078E-2, -2.53E-1, 2.2529411315918E-1));
#511 = IFCCARTESIANPOINT((6.90686492919922E-2, -2.53000473022461E-1, 2.1930192565918E-1));
#512 = IFCCARTESIANPOINT((6.28251647949219E-2, -2.52999984741211E-1, 2.31035552978516E-1));
#513 = IFCFACEOUTERBOUND(#509, .T.);
#514 = IFCFACE((#513));
#515 = IFCPOLYLOOP((#516, #429, #511));
#516 = IFCCARTESIANPOINT((7.1425163269043E-2, -2.53E-1, 2.12878936767578E-1));
#517 = IFCFACEOUTERBOUND(#515, .T.);
#518 = IFCFACE((#517));
#519 = IFCPOLYLOOP((#293, #288, #520));
#520 = IFCCARTESIANPOINT((5.23425712585449E-2, -2.52999954223633E-1, 2.4376904296875E-1));
#521 = IFCFACEOUTERBOUND(#519, .T.);
#522 = IFCFACE((#521));
#523 = IFCPOLYLOOP((#512, #292, #524));
#524 = IFCCARTESIANPOINT((5.78843231201172E-2, -2.53000030517578E-1, 2.3774821472168E-1));
#525 = IFCFACEOUTERBOUND(#523, .T.);
#526 = IFCFACE((#525));
#527 = IFCPOLYLOOP((#429, #512, #511));
#528 = IFCFACEOUTERBOUND(#527, .T.);
#529 = IFCFACE((#528));
#530 = IFCPOLYLOOP((#292, #512, #284));
#531 = IFCFACEOUTERBOUND(#530, .T.);
#532 = IFCFACE((#531));
#533 = IFCPOLYLOOP((#534, #520, #288));
#534 = IFCCARTESIANPOINT((4.5593318939209E-2, -2.53E-1, 2.49612091064453E-1));
#535 = IFCFACEOUTERBOUND(#533, .T.);
#536 = IFCFACE((#535));
#537 = IFCPOLYLOOP((#534, #538, #280));
#538 = IFCCARTESIANPOINT((2.89161167144775E-2, -2.53000274658203E-1, 2.33431274414063E-1));
#539 = IFCFACEOUTERBOUND(#537, .T.);
#540 = IFCFACE((#539));
#541 = IFCPOLYLOOP((#269, #534, #276));
#542 = IFCFACEOUTERBOUND(#541, .T.);
#543 = IFCFACE((#542));
#544 = IFCPOLYLOOP((#545, #534, #546));
#545 = IFCCARTESIANPOINT((3.89465866088867E-2, -2.53E-1, 2.54094955444336E-1));
#546 = IFCCARTESIANPOINT((3.28651695251465E-2, -2.53E-1, 2.57415740966797E-1));
#547 = IFCFACEOUTERBOUND(#544, .T.);
#548 = IFCFACE((#547));
#549 = IFCPOLYLOOP((#550, #546, #534));
#550 = IFCCARTESIANPOINT((2.68567638397217E-2, -2.53E-1, 2.60026519775391E-1));
#551 = IFCFACEOUTERBOUND(#549, .T.);
#552 = IFCFACE((#551));
#553 = IFCPOLYLOOP((#276, #534, #280));
#554 = IFCFACEOUTERBOUND(#553, .T.);
#555 = IFCFACE((#554));
#556 = IFCPOLYLOOP((#557, #534, #558));
#557 = IFCCARTESIANPOINT((2.1E-2, -2.53E-1, 2.62E-1));
#558 = IFCCARTESIANPOINT((1.53529415130615E-2, -2.53E-1, 2.63411773681641E-1));
#559 = IFCFACEOUTERBOUND(#556, .T.);
#560 = IFCFACE((#559));
#561 = IFCPOLYLOOP((#550, #534, #557));
#562 = IFCFACEOUTERBOUND(#561, .T.);
#563 = IFCFACE((#562));
#564 = IFCPOLYLOOP((#346, #565, #269));
#565 = IFCCARTESIANPOINT((-1.14018592834473E-2, -2.53E-1, 2.64157623291016E-1));
#566 = IFCFACEOUTERBOUND(#564, .T.);
#567 = IFCFACE((#566));
#568 = IFCPOLYLOOP((#565, #558, #534));
#569 = IFCFACEOUTERBOUND(#568, .T.);
#570 = IFCFACE((#569));
#571 = IFCPOLYLOOP((#565, #572, #558));
#572 = IFCCARTESIANPOINT((7.05569887161255E-3, -2.53000350952148E-1, 2.64720123291016E-1));
#573 = IFCFACEOUTERBOUND(#571, .T.);
#574 = IFCFACE((#573));
#575 = IFCPOLYLOOP((#565, #576, #572));
#576 = IFCCARTESIANPOINT((-2.4573187828064E-3, -2.52998992919922E-1, 2.65016021728516E-1));
#577 = IFCFACEOUTERBOUND(#575, .T.);
#578 = IFCFACE((#577));
#579 = IFCPOLYLOOP((#580, #473, #472));
#580 = IFCCARTESIANPOINT((-1.59360237121582E-2, -2.53000228881836E-1, 1.16683959960938E-1));
#581 = IFCFACEOUTERBOUND(#579, .T.);
#582 = IFCFACE((#581));
#583 = IFCPOLYLOOP((#584, #473, #580));
#584 = IFCCARTESIANPOINT((-2.27039432525635E-2, -2.53E-1, 1.18519020080566E-1));
#585 = IFCFACEOUTERBOUND(#583, .T.);
#586 = IFCFACE((#585));
#587 = IFCPOLYLOOP((#588, #473, #584));
#588 = IFCCARTESIANPOINT((-2.91629772186279E-2, -2.53000061035156E-1, 1.20870697021484E-1));
#589 = IFCFACEOUTERBOUND(#587, .T.);
#590 = IFCFACE((#589));
#591 = IFCPOLYLOOP((#592, #593, #588));
#592 = IFCCARTESIANPOINT((-3.54778633117676E-2, -2.53E-1, 1.23921852111816E-1));
#593 = IFCCARTESIANPOINT((-4.12957077026367E-2, -2.53E-1, 1.27356262207031E-1));
#594 = IFCFACEOUTERBOUND(#591, .T.);
#595 = IFCFACE((#594));
#596 = IFCPOLYLOOP((#394, #393, #593));
#597 = IFCFACEOUTERBOUND(#596, .T.);
#598 = IFCFACE((#597));
#599 = IFCPOLYLOOP((#473, #588, #593));
#600 = IFCFACEOUTERBOUND(#599, .T.);
#601 = IFCFACE((#600));
#602 = IFCPOLYLOOP((#404, #473, #593));
#603 = IFCFACEOUTERBOUND(#602, .T.);
#604 = IFCFACE((#603));
#605 = IFCPOLYLOOP((#473, #389, #329));
#606 = IFCFACEOUTERBOUND(#605, .T.);
#607 = IFCFACE((#606));
#608 = IFCPOLYLOOP((#473, #404, #389));
#609 = IFCFACEOUTERBOUND(#608, .T.);
#610 = IFCFACE((#609));
#611 = IFCPOLYLOOP((#385, #612, #613));
#612 = IFCCARTESIANPOINT((-5.69861488342285E-2, -2.53E-1, 1.4123957824707E-1));
#613 = IFCCARTESIANPOINT((-6.12409362792969E-2, -2.53E-1, 1.46649383544922E-1));
#614 = IFCFACEOUTERBOUND(#611, .T.);
#615 = IFCFACE((#614));
#616 = IFCPOLYLOOP((#617, #612, #385));
#617 = IFCCARTESIANPOINT((-5.21289672851563E-2, -2.53E-1, 1.36033828735352E-1));
#618 = IFCFACEOUTERBOUND(#616, .T.);
#619 = IFCFACE((#618));
#620 = IFCPOLYLOOP((#393, #404, #593));
#621 = IFCFACEOUTERBOUND(#620, .T.);
#622 = IFCFACE((#621));
#623 = IFCPOLYLOOP((#329, #328, #473));
#624 = IFCFACEOUTERBOUND(#623, .T.);
#625 = IFCFACE((#624));
#626 = IFCPOLYLOOP((#380, #613, #381));
#627 = IFCFACEOUTERBOUND(#626, .T.);
#628 = IFCFACE((#627));
#629 = IFCPOLYLOOP((#630, #617, #593));
#630 = IFCCARTESIANPOINT((-4.68182334899902E-2, -2.53E-1, 1.31407745361328E-1));
#631 = IFCFACEOUTERBOUND(#629, .T.);
#632 = IFCFACE((#631));
#633 = IFCPOLYLOOP((#634, #635, #613));
#634 = IFCCARTESIANPOINT((-6.49799270629883E-2, -2.53E-1, 1.52548583984375E-1));
#635 = IFCCARTESIANPOINT((-6.81722946166992E-2, -2.52999862670898E-1, 1.58656509399414E-1));
#636 = IFCFACEOUTERBOUND(#633, .T.);
#637 = IFCFACE((#636));
#638 = IFCPOLYLOOP((#613, #635, #639));
#639 = IFCCARTESIANPOINT((-7.07577896118164E-2, -2.53E-1, 1.65133666992188E-1));
#640 = IFCFACEOUTERBOUND(#638, .T.);
#641 = IFCFACE((#640));
#642 = IFCPOLYLOOP((#613, #639, #643));
#643 = IFCCARTESIANPOINT((-7.27762298583984E-2, -2.52999984741211E-1, 1.71734146118164E-1));
#644 = IFCFACEOUTERBOUND(#642, .T.);
#645 = IFCFACE((#644));
#646 = IFCPOLYLOOP((#647, #381, #613));
#647 = IFCCARTESIANPOINT((-4.96087112426758E-2, -2.52999969482422E-1, 1.73852844238281E-1));
#648 = IFCFACEOUTERBOUND(#646, .T.);
#649 = IFCFACE((#648));
#650 = IFCPOLYLOOP((#376, #647, #613));
#651 = IFCFACEOUTERBOUND(#650, .T.);
#652 = IFCFACE((#651));
#653 = IFCPOLYLOOP((#654, #655, #656));
#654 = IFCCARTESIANPOINT((-7.37364044189453E-2, -2.53E-1, 2.03890121459961E-1));
#655 = IFCCARTESIANPOINT((-7.41230163574219E-2, -2.53E-1, 1.78564178466797E-1));
#656 = IFCCARTESIANPOINT((-7.48954391479492E-2, -2.5299951171875E-1, 1.85434951782227E-1));
#657 = IFCFACEOUTERBOUND(#653, .T.);
#658 = IFCFACE((#657));
#659 = IFCPOLYLOOP((#376, #613, #654));
#660 = IFCFACEOUTERBOUND(#659, .T.);
#661 = IFCFACE((#660));
#662 = IFCPOLYLOOP((#654, #656, #663));
#663 = IFCCARTESIANPOINT((-7.48941955566406E-2, -2.53007629394531E-1, 1.94707717895508E-1));
#664 = IFCFACEOUTERBOUND(#662, .T.);
#665 = IFCFACE((#664));
#666 = IFCPOLYLOOP((#643, #655, #654));
#667 = IFCFACEOUTERBOUND(#666, .T.);
#668 = IFCFACE((#667));
#669 = IFCPOLYLOOP((#342, #670, #337));
#670 = IFCCARTESIANPOINT((-3.29784507751465E-2, -2.53000015258789E-1, 2.57411865234375E-1));
#671 = IFCFACEOUTERBOUND(#669, .T.);
#672 = IFCFACE((#671));
#673 = IFCPOLYLOOP((#565, #346, #337));
#674 = IFCFACEOUTERBOUND(#673, .T.);
#675 = IFCFACE((#674));
#676 = IFCPOLYLOOP((#677, #678, #365));
#677 = IFCCARTESIANPOINT((-6.35779457092285E-2, -2.53000015258789E-1, 2.29843475341797E-1));
#678 = IFCCARTESIANPOINT((-5.84323043823242E-2, -2.53000106811523E-1, 2.37105728149414E-1));
#679 = IFCFACEOUTERBOUND(#676, .T.);
#680 = IFCFACE((#679));
#681 = IFCPOLYLOOP((#361, #682, #341));
#682 = IFCCARTESIANPOINT((-5.2045841217041E-2, -2.53000015258789E-1, 2.44057418823242E-1));
#683 = IFCFACEOUTERBOUND(#681, .T.);
#684 = IFCFACE((#683));
#685 = IFCPOLYLOOP((#670, #342, #341));
#686 = IFCFACEOUTERBOUND(#685, .T.);
#687 = IFCFACE((#686));
#688 = IFCPOLYLOOP((#689, #565, #690));
#689 = IFCCARTESIANPOINT((-1.80058059692383E-2, -2.53E-1, 2.62806518554688E-1));
#690 = IFCCARTESIANPOINT((-2.44409217834473E-2, -2.52998687744141E-1, 2.6095263671875E-1));
#691 = IFCFACEOUTERBOUND(#688, .T.);
#692 = IFCFACE((#691));
#693 = IFCPOLYLOOP((#670, #694, #695));
#694 = IFCCARTESIANPOINT((-4.64805755615234E-2, -2.53E-1, 2.48860473632813E-1));
#695 = IFCCARTESIANPOINT((-4.08222999572754E-2, -2.52996871948242E-1, 2.52966552734375E-1));
#696 = IFCFACEOUTERBOUND(#693, .T.);
#697 = IFCFACE((#696));
#698 = IFCPOLYLOOP((#565, #670, #690));
#699 = IFCFACEOUTERBOUND(#698, .T.);
#700 = IFCFACE((#699));
#701 = IFCPOLYLOOP((#269, #565, #534));
#702 = IFCFACEOUTERBOUND(#701, .T.);
#703 = IFCFACE((#702));
#704 = IFCPOLYLOOP((#654, #350, #369));
#705 = IFCFACEOUTERBOUND(#704, .T.);
#706 = IFCFACE((#705));
#707 = IFCPOLYLOOP((#654, #351, #350));
#708 = IFCFACEOUTERBOUND(#707, .T.);
#709 = IFCFACE((#708));
#710 = IFCPOLYLOOP((#654, #711, #351));
#711 = IFCCARTESIANPOINT((-7.16145324707031E-2, -2.53000717163086E-1, 2.12441070556641E-1));
#712 = IFCFACEOUTERBOUND(#710, .T.);
#713 = IFCFACE((#712));
#714 = IFCPOLYLOOP((#643, #654, #613));
#715 = IFCFACEOUTERBOUND(#714, .T.);
#716 = IFCFACE((#715));
#717 = IFCPOLYLOOP((#376, #654, #369));
#718 = IFCFACEOUTERBOUND(#717, .T.);
#719 = IFCFACE((#718));
#720 = IFCPOLYLOOP((#677, #365, #351));
#721 = IFCFACEOUTERBOUND(#720, .T.);
#722 = IFCFACE((#721));
#723 = IFCPOLYLOOP((#670, #682, #694));
#724 = IFCFACEOUTERBOUND(#723, .T.);
#725 = IFCFACE((#724));
#726 = IFCPOLYLOOP((#361, #678, #682));
#727 = IFCFACEOUTERBOUND(#726, .T.);
#728 = IFCFACE((#727));
#729 = IFCPOLYLOOP((#711, #730, #677));
#730 = IFCCARTESIANPOINT((-6.80620727539063E-2, -2.53007843017578E-1, 2.21618133544922E-1));
#731 = IFCFACEOUTERBOUND(#729, .T.);
#732 = IFCFACE((#731));
#733 = IFCPOLYLOOP((#734, #735, #736));
#734 = IFCCARTESIANPOINT((1.25386352539063E-1, -4.35269866943359E-1, 3.9E-1));
#735 = IFCCARTESIANPOINT((5.49365692138672E-2, -2.91841003417969E-1, 3.9E-1));
#736 = IFCCARTESIANPOINT((3.09803714752197E-2, -2.89356262207031E-1, 3.90000091552734E-1));
#737 = IFCFACEOUTERBOUND(#733, .T.);
#738 = IFCFACE((#737));
#739 = IFCPOLYLOOP((#735, #740, #741));
#740 = IFCCARTESIANPOINT((1.04534019470215E-1, -3.11706878662109E-1, 3.9E-1));
#741 = IFCCARTESIANPOINT((9.52201309204102E-2, -3.04255218505859E-1, 3.89999481201172E-1));
#742 = IFCFACEOUTERBOUND(#739, .T.);
#743 = IFCFACE((#742));
#744 = IFCPOLYLOOP((#735, #734, #745));
#745 = IFCCARTESIANPOINT((1.21520767211914E-1, -3.38763214111328E-1, 3.9E-1));
#746 = IFCFACEOUTERBOUND(#744, .T.);
#747 = IFCFACE((#746));
#748 = IFCPOLYLOOP((#735, #749, #750));
#749 = IFCCARTESIANPOINT((8.37542419433594E-2, -2.98657104492188E-1, 3.90002563476563E-1));
#750 = IFCCARTESIANPOINT((7.0807731628418E-2, -2.94677825927734E-1, 3.90008453369141E-1));
#751 = IFCFACEOUTERBOUND(#748, .T.);
#752 = IFCFACE((#751));
#753 = IFCPOLYLOOP((#741, #749, #735));
#754 = IFCFACEOUTERBOUND(#753, .T.);
#755 = IFCFACE((#754));
#756 = IFCPOLYLOOP((#757, #740, #735));
#757 = IFCCARTESIANPOINT((1.10713829040527E-1, -3.18519897460938E-1, 3.89999877929688E-1));
#758 = IFCFACEOUTERBOUND(#756, .T.);
#759 = IFCFACE((#758));
#760 = IFCPOLYLOOP((#761, #757, #735));
#761 = IFCCARTESIANPOINT((1.16737823486328E-1, -3.27910552978516E-1, 3.89999938964844E-1));
#762 = IFCFACEOUTERBOUND(#760, .T.);
#763 = IFCFACE((#762));
#764 = IFCPOLYLOOP((#735, #745, #761));
#765 = IFCFACEOUTERBOUND(#764, .T.);
#766 = IFCFACE((#765));
#767 = IFCPOLYLOOP((#768, #745, #734));
#768 = IFCCARTESIANPOINT((1.2424250793457E-1, -3.49870208740234E-1, 3.89999877929688E-1));
#769 = IFCFACEOUTERBOUND(#767, .T.);
#770 = IFCFACE((#769));
#771 = IFCPOLYLOOP((#772, #768, #734));
#772 = IFCCARTESIANPOINT((1.25739082336426E-1, -3.66716156005859E-1, 3.90013885498047E-1));
#773 = IFCFACEOUTERBOUND(#771, .T.);
#774 = IFCFACE((#773));
#775 = IFCPOLYLOOP((#734, #776, #777));
#776 = IFCCARTESIANPOINT((-6.71410598754883E-2, -2.93762908935547E-1, 3.90000030517578E-1));
#777 = IFCCARTESIANPOINT((-1.24125411987305E-1, -4.92835723876953E-1, 3.9E-1));
#778 = IFCFACEOUTERBOUND(#775, .T.);
#779 = IFCFACE((#778));
#780 = IFCPOLYLOOP((#781, #734, #782));
#781 = IFCCARTESIANPOINT((6.24790954589844E-2, -5.98074768066406E-1, 3.9E-1));
#782 = IFCCARTESIANPOINT((-1.30352010726929E-2, -6.07142150878906E-1, 3.89999969482422E-1));
#783 = IFCFACEOUTERBOUND(#780, .T.);
#784 = IFCFACE((#783));
#785 = IFCPOLYLOOP((#781, #786, #734));
#786 = IFCCARTESIANPOINT((1.15987464904785E-1, -5.53255615234375E-1, 3.9E-1));
#787 = IFCFACEOUTERBOUND(#785, .T.);
#788 = IFCFACE((#787));
#789 = IFCPOLYLOOP((#790, #781, #782));
#790 = IFCCARTESIANPOINT((4.63974952697754E-2, -6.02334777832031E-1, 3.90000091552734E-1));
#791 = IFCFACEOUTERBOUND(#789, .T.);
#792 = IFCFACE((#791));
#793 = IFCPOLYLOOP((#781, #794, #795));
#794 = IFCCARTESIANPOINT((9.60103759765625E-2, -5.80922668457031E-1, 3.89999542236328E-1));
#795 = IFCCARTESIANPOINT((1.04134292602539E-1, -5.72942565917969E-1, 3.89999877929688E-1));
#796 = IFCFACEOUTERBOUND(#793, .T.);
#797 = IFCFACE((#796));
#798 = IFCPOLYLOOP((#799, #800, #781));
#799 = IFCCARTESIANPOINT((7.60520553588867E-2, -5.92933471679688E-1, 3.89999298095703E-1));
#800 = IFCCARTESIANPOINT((8.60198593139648E-2, -5.87879821777344E-1, 3.90000579833984E-1));
#801 = IFCFACEOUTERBOUND(#798, .T.);
#802 = IFCFACE((#801));
#803 = IFCPOLYLOOP((#781, #800, #794));
#804 = IFCFACEOUTERBOUND(#803, .T.);
#805 = IFCFACE((#804));
#806 = IFCPOLYLOOP((#782, #807, #808));
#807 = IFCCARTESIANPOINT((9.27862739562988E-3, -6.07272094726563E-1, 3.90001617431641E-1));
#808 = IFCCARTESIANPOINT((2.8801025390625E-2, -6.05524108886719E-1, 3.89998718261719E-1));
#809 = IFCFACEOUTERBOUND(#806, .T.);
#810 = IFCFACE((#809));
#811 = IFCPOLYLOOP((#808, #790, #782));
#812 = IFCFACEOUTERBOUND(#811, .T.);
#813 = IFCFACE((#812));
#814 = IFCPOLYLOOP((#734, #815, #816));
#815 = IFCCARTESIANPOINT((1.22911460876465E-1, -5.18567016601563E-1, 3.90004119873047E-1));
#816 = IFCCARTESIANPOINT((1.24125473022461E-1, -4.92828857421875E-1, 3.89998321533203E-1));
#817 = IFCFACEOUTERBOUND(#814, .T.);
#818 = IFCFACE((#817));
#819 = IFCPOLYLOOP((#734, #786, #820));
#820 = IFCCARTESIANPOINT((1.20446563720703E-1, -5.38557006835938E-1, 3.90000518798828E-1));
#821 = IFCFACEOUTERBOUND(#819, .T.);
#822 = IFCFACE((#821));
#823 = IFCPOLYLOOP((#781, #795, #824));
#824 = IFCCARTESIANPOINT((1.10917327880859E-1, -5.63636291503906E-1, 3.89999847412109E-1));
#825 = IFCFACEOUTERBOUND(#823, .T.);
#826 = IFCFACE((#825));
#827 = IFCPOLYLOOP((#781, #824, #786));
#828 = IFCFACEOUTERBOUND(#827, .T.);
#829 = IFCFACE((#828));
#830 = IFCPOLYLOOP((#820, #815, #734));
#831 = IFCFACEOUTERBOUND(#830, .T.);
#832 = IFCFACE((#831));
#833 = IFCPOLYLOOP((#834, #736, #835));
#834 = IFCCARTESIANPOINT((-1.73953247070313E-2, -2.88813812255859E-1, 3.90000030517578E-1));
#835 = IFCCARTESIANPOINT((4.52406311035156E-3, -2.88590423583984E-1, 3.89999206542969E-1));
#836 = IFCFACEOUTERBOUND(#833, .T.);
#837 = IFCFACE((#836));
#838 = IFCPOLYLOOP((#734, #736, #776));
#839 = IFCFACEOUTERBOUND(#838, .T.);
#840 = IFCFACE((#839));
#841 = IFCPOLYLOOP((#834, #842, #736));
#842 = IFCCARTESIANPOINT((-4.13061408996582E-2, -2.90200592041016E-1, 3.89999328613281E-1));
#843 = IFCFACEOUTERBOUND(#841, .T.);
#844 = IFCFACE((#843));
#845 = IFCPOLYLOOP((#736, #842, #776));
#846 = IFCFACEOUTERBOUND(#845, .T.);
#847 = IFCFACE((#846));
#848 = IFCPOLYLOOP((#776, #849, #850));
#849 = IFCCARTESIANPOINT((-8.37543792724609E-2, -2.98656921386719E-1, 3.90004364013672E-1));
#850 = IFCCARTESIANPOINT((-9.52201843261719E-2, -3.04255310058594E-1, 3.89999176025391E-1));
#851 = IFCFACEOUTERBOUND(#848, .T.);
#852 = IFCFACE((#851));
#853 = IFCPOLYLOOP((#854, #777, #776));
#854 = IFCCARTESIANPOINT((-1.25386184692383E-1, -4.35283996582031E-1, 3.90000030517578E-1));
#855 = IFCFACEOUTERBOUND(#853, .T.);
#856 = IFCFACE((#855));
#857 = IFCPOLYLOOP((#858, #859, #782));
#858 = IFCCARTESIANPOINT((-6.24798202514648E-2, -5.98074523925781E-1, 3.9E-1));
#859 = IFCCARTESIANPOINT((-4.63977012634277E-2, -6.02334716796875E-1, 3.90000305175781E-1));
#860 = IFCFACEOUTERBOUND(#857, .T.);
#861 = IFCFACE((#860));
#862 = IFCPOLYLOOP((#863, #782, #859));
#863 = IFCCARTESIANPOINT((-3.29043846130371E-2, -6.04877624511719E-1, 3.90000701904297E-1));
#864 = IFCFACEOUTERBOUND(#862, .T.);
#865 = IFCFACE((#864));
#866 = IFCPOLYLOOP((#777, #867, #858));
#867 = IFCCARTESIANPOINT((-1.22911056518555E-1, -5.18565795898438E-1, 3.90000213623047E-1));
#868 = IFCFACEOUTERBOUND(#866, .T.);
#869 = IFCFACE((#868));
#870 = IFCPOLYLOOP((#871, #858, #872));
#871 = IFCCARTESIANPOINT((-8.6019905090332E-2, -5.87879821777344E-1, 3.90000579833984E-1));
#872 = IFCCARTESIANPOINT((-9.6010383605957E-2, -5.80922668457031E-1, 3.89999542236328E-1));
#873 = IFCFACEOUTERBOUND(#870, .T.);
#874 = IFCFACE((#873));
#875 = IFCPOLYLOOP((#876, #872, #858));
#876 = IFCCARTESIANPOINT((-1.04134292602539E-1, -5.72942565917969E-1, 3.89999877929688E-1));
#877 = IFCFACEOUTERBOUND(#875, .T.);
#878 = IFCFACE((#877));
#879 = IFCPOLYLOOP((#858, #871, #880));
#880 = IFCCARTESIANPOINT((-7.6052490234375E-2, -5.92933288574219E-1, 3.89999298095703E-1));
#881 = IFCFACEOUTERBOUND(#879, .T.);
#882 = IFCFACE((#881));
#883 = IFCPOLYLOOP((#850, #884, #776));
#884 = IFCCARTESIANPOINT((-1.04534019470215E-1, -3.11706878662109E-1, 3.9E-1));
#885 = IFCFACEOUTERBOUND(#883, .T.);
#886 = IFCFACE((#885));
#887 = IFCPOLYLOOP((#776, #884, #888));
#888 = IFCCARTESIANPOINT((-1.10713821411133E-1, -3.18519897460938E-1, 3.89999877929688E-1));
#889 = IFCFACEOUTERBOUND(#887, .T.);
#890 = IFCFACE((#889));
#891 = IFCPOLYLOOP((#892, #776, #893));
#892 = IFCCARTESIANPOINT((-1.2152075958252E-1, -3.38763214111328E-1, 3.89999938964844E-1));
#893 = IFCCARTESIANPOINT((-1.16737823486328E-1, -3.27910552978516E-1, 3.89999908447266E-1));
#894 = IFCFACEOUTERBOUND(#891, .T.);
#895 = IFCFACE((#894));
#896 = IFCPOLYLOOP((#888, #893, #776));
#897 = IFCFACEOUTERBOUND(#896, .T.);
#898 = IFCFACE((#897));
#899 = IFCPOLYLOOP((#892, #900, #776));
#900 = IFCCARTESIANPOINT((-1.24242515563965E-1, -3.49870208740234E-1, 3.89999969482422E-1));
#901 = IFCFACEOUTERBOUND(#899, .T.);
#902 = IFCFACE((#901));
#903 = IFCPOLYLOOP((#904, #776, #900));
#904 = IFCCARTESIANPOINT((-1.25737426757813E-1, -3.6671630859375E-1, 3.90000305175781E-1));
#905 = IFCFACEOUTERBOUND(#903, .T.);
#906 = IFCFACE((#905));
#907 = IFCPOLYLOOP((#904, #854, #776));
#908 = IFCFACEOUTERBOUND(#907, .T.);
#909 = IFCFACE((#908));
#910 = IFCPOLYLOOP((#911, #858, #867));
#911 = IFCCARTESIANPOINT((-1.20446556091309E-1, -5.38556823730469E-1, 3.90000213623047E-1));
#912 = IFCFACEOUTERBOUND(#910, .T.);
#913 = IFCFACE((#912));
#914 = IFCPOLYLOOP((#915, #876, #858));
#915 = IFCCARTESIANPOINT((-1.10917327880859E-1, -5.63636291503906E-1, 3.89999877929688E-1));
#916 = IFCFACEOUTERBOUND(#914, .T.);
#917 = IFCFACE((#916));
#918 = IFCPOLYLOOP((#858, #919, #915));
#919 = IFCCARTESIANPOINT((-1.15987457275391E-1, -5.53255615234375E-1, 3.89999969482422E-1));
#920 = IFCFACEOUTERBOUND(#918, .T.);
#921 = IFCFACE((#920));
#922 = IFCPOLYLOOP((#858, #911, #919));
#923 = IFCFACEOUTERBOUND(#922, .T.);
#924 = IFCFACE((#923));
#925 = IFCPOLYLOOP((#863, #859, #926));
#926 = IFCCARTESIANPOINT((-4.41293563842773E-2, -6.03858703613281E-1, 4.00000030517578E-1));
#927 = IFCFACEOUTERBOUND(#925, .T.);
#928 = IFCFACE((#927));
#929 = IFCPOLYLOOP((#859, #858, #930));
#930 = IFCCARTESIANPOINT((-6.08960914611816E-2, -5.99647766113281E-1, 3.99999694824219E-1));
#931 = IFCFACEOUTERBOUND(#929, .T.);
#932 = IFCFACE((#931));
#933 = IFCPOLYLOOP((#880, #871, #934));
#934 = IFCCARTESIANPOINT((-8.62177658081055E-2, -5.89130432128906E-1, 4.00000061035156E-1));
#935 = IFCFACEOUTERBOUND(#933, .T.);
#936 = IFCFACE((#935));
#937 = IFCPOLYLOOP((#858, #880, #938));
#938 = IFCCARTESIANPOINT((-7.60309371948242E-2, -5.94121337890625E-1, 3.99999877929688E-1));
#939 = IFCFACEOUTERBOUND(#937, .T.);
#940 = IFCFACE((#939));
#941 = IFCPOLYLOOP((#872, #876, #942));
#942 = IFCCARTESIANPOINT((-1.04814277648926E-1, -5.74447021484375E-1, 4.E-1));
#943 = IFCFACEOUTERBOUND(#941, .T.);
#944 = IFCFACE((#943));
#945 = IFCPOLYLOOP((#876, #915, #946));
#946 = IFCCARTESIANPOINT((-1.11786376953125E-1, -5.65327819824219E-1, 3.99999908447266E-1));
#947 = IFCFACEOUTERBOUND(#945, .T.);
#948 = IFCFACE((#947));
#949 = IFCPOLYLOOP((#871, #872, #950));
#950 = IFCCARTESIANPOINT((-9.64121017456055E-2, -5.82341857910156E-1, 3.99999786376953E-1));
#951 = IFCFACEOUTERBOUND(#949, .T.);
#952 = IFCFACE((#951));
#953 = IFCPOLYLOOP((#954, #955, #782));
#954 = IFCCARTESIANPOINT((-3.05955600738525E-2, -6.06224487304688E-1, 4.E-1));
#955 = IFCCARTESIANPOINT((-9.79307460784912E-3, -6.0835595703125E-1, 3.99999694824219E-1));
#956 = IFCFACEOUTERBOUND(#953, .T.);
#957 = IFCFACE((#956));
#958 = IFCPOLYLOOP((#919, #911, #959));
#959 = IFCCARTESIANPOINT((-1.21420608520508E-1, -5.41599487304688E-1, 3.99999359130859E-1));
#960 = IFCFACEOUTERBOUND(#958, .T.);
#961 = IFCFACE((#960));
#962 = IFCPOLYLOOP((#915, #919, #963));
#963 = IFCCARTESIANPOINT((-1.1702604675293E-1, -5.55112060546875E-1, 3.99999664306641E-1));
#964 = IFCFACEOUTERBOUND(#962, .T.);
#965 = IFCFACE((#964));
#966 = IFCPOLYLOOP((#967, #959, #911));
#967 = IFCCARTESIANPOINT((-1.23756507873535E-1, -5.23466186523438E-1, 4.00000061035156E-1));
#968 = IFCFACEOUTERBOUND(#966, .T.);
#969 = IFCFACE((#968));
#970 = IFCPOLYLOOP((#867, #971, #967));
#971 = IFCCARTESIANPOINT((-1.24945953369141E-1, -4.99623291015625E-1, 4.E-1));
#972 = IFCFACEOUTERBOUND(#970, .T.);
#973 = IFCFACE((#972));
#974 = IFCPOLYLOOP((#971, #777, #975));
#975 = IFCCARTESIANPOINT((-1.26533874511719E-1, -4.34659393310547E-1, 4.00000030517578E-1));
#976 = IFCFACEOUTERBOUND(#974, .T.);
#977 = IFCFACE((#976));
#978 = IFCPOLYLOOP((#854, #979, #975));
#979 = IFCCARTESIANPOINT((-1.26979835510254E-1, -3.687314453125E-1, 4.00000030517578E-1));
#980 = IFCFACEOUTERBOUND(#978, .T.);
#981 = IFCFACE((#980));
#982 = IFCPOLYLOOP((#904, #900, #983));
#983 = IFCCARTESIANPOINT((-1.25574180603027E-1, -3.50428283691406E-1, 3.99999969482422E-1));
#984 = IFCFACEOUTERBOUND(#982, .T.);
#985 = IFCFACE((#984));
#986 = IFCPOLYLOOP((#900, #892, #987));
#987 = IFCCARTESIANPOINT((-1.22924491882324E-1, -3.39134338378906E-1, 3.99999786376953E-1));
#988 = IFCFACEOUTERBOUND(#986, .T.);
#989 = IFCFACE((#988));
#990 = IFCPOLYLOOP((#892, #893, #991));
#991 = IFCCARTESIANPOINT((-1.18265892028809E-1, -3.28183807373047E-1, 3.99999816894531E-1));
#992 = IFCFACEOUTERBOUND(#990, .T.);
#993 = IFCFACE((#992));
#994 = IFCPOLYLOOP((#893, #888, #995));
#995 = IFCCARTESIANPOINT((-1.12294006347656E-1, -3.18580871582031E-1, 3.99999816894531E-1));
#996 = IFCFACEOUTERBOUND(#994, .T.);
#997 = IFCFACE((#996));
#998 = IFCPOLYLOOP((#884, #850, #999));
#999 = IFCCARTESIANPOINT((-9.71925430297852E-2, -3.04057037353516E-1, 3.99999908447266E-1));
#1000 = IFCFACEOUTERBOUND(#998, .T.);
#1001 = IFCFACE((#1000));
#1002 = IFCPOLYLOOP((#850, #849, #1003));
#1003 = IFCCARTESIANPOINT((-8.5263786315918E-2, -2.97971008300781E-1, 4.E-1));
#1004 = IFCFACEOUTERBOUND(#1002, .T.);
#1005 = IFCFACE((#1004));
#1006 = IFCPOLYLOOP((#849, #776, #1007));
#1007 = IFCCARTESIANPOINT((-6.96993637084961E-2, -2.93102691650391E-1, 4.00000030517578E-1));
#1008 = IFCFACEOUTERBOUND(#1006, .T.);
#1009 = IFCFACE((#1008));
#1010 = IFCPOLYLOOP((#888, #884, #1011));
#1011 = IFCCARTESIANPOINT((-1.05729042053223E-1, -3.11178436279297E-1, 3.99999969482422E-1));
#1012 = IFCFACEOUTERBOUND(#1010, .T.);
#1013 = IFCFACE((#1012));
#1014 = IFCPOLYLOOP((#1007, #776, #1015));
#1015 = IFCCARTESIANPOINT((-4.41831512451172E-2, -2.89249877929688E-1, 3.99999908447266E-1));
#1016 = IFCFACEOUTERBOUND(#1014, .T.);
#1017 = IFCFACE((#1016));
#1018 = IFCPOLYLOOP((#1015, #842, #1019));
#1019 = IFCCARTESIANPOINT((-1.73410148620605E-2, -2.87556579589844E-1, 3.99999969482422E-1));
#1020 = IFCFACEOUTERBOUND(#1018, .T.);
#1021 = IFCFACE((#1020));
#1022 = IFCPOLYLOOP((#782, #863, #954));
#1023 = IFCFACEOUTERBOUND(#1022, .T.);
#1024 = IFCFACE((#1023));
#1025 = IFCPOLYLOOP((#911, #867, #967));
#1026 = IFCFACEOUTERBOUND(#1025, .T.);
#1027 = IFCFACE((#1026));
#1028 = IFCPOLYLOOP((#867, #777, #971));
#1029 = IFCFACEOUTERBOUND(#1028, .T.);
#1030 = IFCFACE((#1029));
#1031 = IFCPOLYLOOP((#777, #854, #975));
#1032 = IFCFACEOUTERBOUND(#1031, .T.);
#1033 = IFCFACE((#1032));
#1034 = IFCPOLYLOOP((#854, #904, #979));
#1035 = IFCFACEOUTERBOUND(#1034, .T.);
#1036 = IFCFACE((#1035));
#1037 = IFCPOLYLOOP((#776, #842, #1015));
#1038 = IFCFACEOUTERBOUND(#1037, .T.);
#1039 = IFCFACE((#1038));
#1040 = IFCPOLYLOOP((#1019, #835, #1041));
#1041 = IFCCARTESIANPOINT((7.89375495910645E-3, -2.87421325683594E-1, 4.E-1));
#1042 = IFCFACEOUTERBOUND(#1040, .T.);
#1043 = IFCFACE((#1042));
#1044 = IFCPOLYLOOP((#834, #835, #1019));
#1045 = IFCFACEOUTERBOUND(#1044, .T.);
#1046 = IFCFACE((#1045));
#1047 = IFCPOLYLOOP((#842, #834, #1019));
#1048 = IFCFACEOUTERBOUND(#1047, .T.);
#1049 = IFCFACE((#1048));
#1050 = IFCPOLYLOOP((#1051, #808, #1052));
#1051 = IFCCARTESIANPOINT((3.82713356018066E-2, -6.05115356445313E-1, 4.00000152587891E-1));
#1052 = IFCCARTESIANPOINT((1.39834318161011E-2, -6.08018615722656E-1, 3.99999847412109E-1));
#1053 = IFCFACEOUTERBOUND(#1050, .T.);
#1054 = IFCFACE((#1053));
#1055 = IFCPOLYLOOP((#1056, #790, #1051));
#1056 = IFCCARTESIANPOINT((6.1120491027832E-2, -5.99573608398438E-1, 3.99999633789063E-1));
#1057 = IFCFACEOUTERBOUND(#1055, .T.);
#1058 = IFCFACE((#1057));
#1059 = IFCPOLYLOOP((#1060, #799, #781));
#1060 = IFCCARTESIANPOINT((7.60306396484375E-2, -5.94121459960938E-1, 3.99999938964844E-1));
#1061 = IFCFACEOUTERBOUND(#1059, .T.);
#1062 = IFCFACE((#1061));
#1063 = IFCPOLYLOOP((#1064, #800, #799));
#1064 = IFCCARTESIANPOINT((8.62177276611328E-2, -5.89130432128906E-1, 4.E-1));
#1065 = IFCFACEOUTERBOUND(#1063, .T.);
#1066 = IFCFACE((#1065));
#1067 = IFCPOLYLOOP((#1068, #794, #800));
#1068 = IFCCARTESIANPOINT((9.6412109375E-2, -5.82341857910156E-1, 3.99999816894531E-1));
#1069 = IFCFACEOUTERBOUND(#1067, .T.);
#1070 = IFCFACE((#1069));
#1071 = IFCPOLYLOOP((#1072, #795, #794));
#1072 = IFCCARTESIANPOINT((1.04814262390137E-1, -5.74446960449219E-1, 3.99999755859375E-1));
#1073 = IFCFACEOUTERBOUND(#1071, .T.);
#1074 = IFCFACE((#1073));
#1075 = IFCPOLYLOOP((#1076, #824, #795));
#1076 = IFCCARTESIANPOINT((1.11786361694336E-1, -5.65327758789063E-1, 3.99999786376953E-1));
#1077 = IFCFACEOUTERBOUND(#1075, .T.);
#1078 = IFCFACE((#1077));
#1079 = IFCPOLYLOOP((#1080, #786, #824));
#1080 = IFCCARTESIANPOINT((1.17026054382324E-1, -5.55112121582031E-1, 3.99999725341797E-1));
#1081 = IFCFACEOUTERBOUND(#1079, .T.);
#1082 = IFCFACE((#1081));
#1083 = IFCPOLYLOOP((#1084, #820, #786));
#1084 = IFCCARTESIANPOINT((1.2142066192627E-1, -5.41599548339844E-1, 3.99999816894531E-1));
#1085 = IFCFACEOUTERBOUND(#1083, .T.);
#1086 = IFCFACE((#1085));
#1087 = IFCPOLYLOOP((#1084, #1088, #820));
#1088 = IFCCARTESIANPOINT((1.23756500244141E-1, -5.23466247558594E-1, 4.00000061035156E-1));
#1089 = IFCFACEOUTERBOUND(#1087, .T.);
#1090 = IFCFACE((#1089));
#1091 = IFCPOLYLOOP((#1092, #815, #1088));
#1092 = IFCCARTESIANPOINT((1.24945938110352E-1, -4.99623565673828E-1, 4.E-1));
#1093 = IFCFACEOUTERBOUND(#1091, .T.);
#1094 = IFCFACE((#1093));
#1095 = IFCPOLYLOOP((#1096, #816, #1092));
#1096 = IFCCARTESIANPOINT((1.26533988952637E-1, -4.34652954101563E-1, 4.00000061035156E-1));
#1097 = IFCFACEOUTERBOUND(#1095, .T.);
#1098 = IFCFACE((#1097));
#1099 = IFCPOLYLOOP((#807, #782, #955));
#1100 = IFCFACEOUTERBOUND(#1099, .T.);
#1101 = IFCFACE((#1100));
#1102 = IFCPOLYLOOP((#1052, #807, #955));
#1103 = IFCFACEOUTERBOUND(#1102, .T.);
#1104 = IFCFACE((#1103));
#1105 = IFCPOLYLOOP((#808, #807, #1052));
#1106 = IFCFACEOUTERBOUND(#1105, .T.);
#1107 = IFCFACE((#1106));
#1108 = IFCPOLYLOOP((#790, #808, #1051));
#1109 = IFCFACEOUTERBOUND(#1108, .T.);
#1110 = IFCFACE((#1109));
#1111 = IFCPOLYLOOP((#1056, #781, #790));
#1112 = IFCFACEOUTERBOUND(#1111, .T.);
#1113 = IFCFACE((#1112));
#1114 = IFCPOLYLOOP((#820, #1088, #815));
#1115 = IFCFACEOUTERBOUND(#1114, .T.);
#1116 = IFCFACE((#1115));
#1117 = IFCPOLYLOOP((#815, #1092, #816));
#1118 = IFCFACEOUTERBOUND(#1117, .T.);
#1119 = IFCFACE((#1118));
#1120 = IFCPOLYLOOP((#734, #816, #1096));
#1121 = IFCFACEOUTERBOUND(#1120, .T.);
#1122 = IFCFACE((#1121));
#1123 = IFCPOLYLOOP((#1124, #734, #1096));
#1124 = IFCCARTESIANPOINT((1.26979820251465E-1, -3.68731109619141E-1, 4.00000030517578E-1));
#1125 = IFCFACEOUTERBOUND(#1123, .T.);
#1126 = IFCFACE((#1125));
#1127 = IFCPOLYLOOP((#1128, #768, #772));
#1128 = IFCCARTESIANPOINT((1.25574157714844E-1, -3.50428283691406E-1, 3.99999786376953E-1));
#1129 = IFCFACEOUTERBOUND(#1127, .T.);
#1130 = IFCFACE((#1129));
#1131 = IFCPOLYLOOP((#1132, #745, #768));
#1132 = IFCCARTESIANPOINT((1.22924476623535E-1, -3.39134338378906E-1, 3.99999664306641E-1));
#1133 = IFCFACEOUTERBOUND(#1131, .T.);
#1134 = IFCFACE((#1133));
#1135 = IFCPOLYLOOP((#1136, #761, #745));
#1136 = IFCCARTESIANPOINT((1.18265869140625E-1, -3.28183807373047E-1, 3.99999633789063E-1));
#1137 = IFCFACEOUTERBOUND(#1135, .T.);
#1138 = IFCFACE((#1137));
#1139 = IFCPOLYLOOP((#1140, #757, #761));
#1140 = IFCCARTESIANPOINT((1.12293975830078E-1, -3.18580902099609E-1, 3.9999951171875E-1));
#1141 = IFCFACEOUTERBOUND(#1139, .T.);
#1142 = IFCFACE((#1141));
#1143 = IFCPOLYLOOP((#1144, #740, #757));
#1144 = IFCCARTESIANPOINT((1.05729034423828E-1, -3.11178436279297E-1, 3.99999847412109E-1));
#1145 = IFCFACEOUTERBOUND(#1143, .T.);
#1146 = IFCFACE((#1145));
#1147 = IFCPOLYLOOP((#1148, #741, #740));
#1148 = IFCCARTESIANPOINT((9.71925354003906E-2, -3.04057037353516E-1, 3.99999877929688E-1));
#1149 = IFCFACEOUTERBOUND(#1147, .T.);
#1150 = IFCFACE((#1149));
#1151 = IFCPOLYLOOP((#1152, #749, #741));
#1152 = IFCCARTESIANPOINT((8.5263786315918E-2, -2.97971008300781E-1, 4.E-1));
#1153 = IFCFACEOUTERBOUND(#1151, .T.);
#1154 = IFCFACE((#1153));
#1155 = IFCPOLYLOOP((#1156, #735, #750));
#1156 = IFCCARTESIANPOINT((5.66914672851563E-2, -2.90871124267578E-1, 3.99999969482422E-1));
#1157 = IFCFACEOUTERBOUND(#1155, .T.);
#1158 = IFCFACE((#1157));
#1159 = IFCPOLYLOOP((#1160, #750, #749));
#1160 = IFCCARTESIANPOINT((7.26433792114258E-2, -2.93902770996094E-1, 4.E-1));
#1161 = IFCFACEOUTERBOUND(#1159, .T.);
#1162 = IFCFACE((#1161));
#1163 = IFCPOLYLOOP((#1156, #1164, #735));
#1164 = IFCCARTESIANPOINT((3.48963661193848E-2, -2.88447723388672E-1, 4.00000030517578E-1));
#1165 = IFCFACEOUTERBOUND(#1163, .T.);
#1166 = IFCFACE((#1165));
#1167 = IFCPOLYLOOP((#1164, #1041, #736));
#1168 = IFCFACEOUTERBOUND(#1167, .T.);
#1169 = IFCFACE((#1168));
#1170 = IFCPOLYLOOP((#1124, #772, #734));
#1171 = IFCFACEOUTERBOUND(#1170, .T.);
#1172 = IFCFACE((#1171));
#1173 = IFCPOLYLOOP((#736, #735, #1164));
#1174 = IFCFACEOUTERBOUND(#1173, .T.);
#1175 = IFCFACE((#1174));
#1176 = IFCPOLYLOOP((#1041, #835, #736));
#1177 = IFCFACEOUTERBOUND(#1176, .T.);
#1178 = IFCFACE((#1177));
#1179 = IFCPOLYLOOP((#1180, #1181, #1182));
#1180 = IFCCARTESIANPOINT((-1.27884338378906E-1, -2.5660498046875E-1, 1.89066513061523E-1));
#1181 = IFCCARTESIANPOINT((-1.2658048248291E-1, -2.72595245361328E-1, 1.8280256652832E-1));
#1182 = IFCCARTESIANPOINT((-1.38864532470703E-1, -2.78098022460938E-1, 2.06749267578125E-1));
#1183 = IFCFACEOUTERBOUND(#1179, .T.);
#1184 = IFCFACE((#1183));
#1185 = IFCPOLYLOOP((#1186, #1187, #1188));
#1186 = IFCCARTESIANPOINT((-1.4296501159668E-1, -2.53520614624023E-1, 2.23598175048828E-1));
#1187 = IFCCARTESIANPOINT((-1.29160446166992E-1, -2.42446212768555E-1, 1.96675506591797E-1));
#1188 = IFCCARTESIANPOINT((-1.39683395385742E-1, -2.60958831787109E-1, 2.1321208190918E-1));
#1189 = IFCFACEOUTERBOUND(#1185, .T.);
#1190 = IFCFACE((#1189));
#1191 = IFCPOLYLOOP((#1192, #1188, #1182));
#1192 = IFCCARTESIANPOINT((-1.49352279663086E-1, -2.71374603271484E-1, 2.33044738769531E-1));
#1193 = IFCFACEOUTERBOUND(#1191, .T.);
#1194 = IFCFACE((#1193));
#1195 = IFCPOLYLOOP((#1186, #1188, #1192));
#1196 = IFCFACEOUTERBOUND(#1195, .T.);
#1197 = IFCFACE((#1196));
#1198 = IFCPOLYLOOP((#1199, #1200, #1186));
#1199 = IFCCARTESIANPOINT((-1.51137008666992E-1, -2.57540008544922E-1, 2.43183135986328E-1));
#1200 = IFCCARTESIANPOINT((-1.46096908569336E-1, -2.4030598449707E-1, 2.39194732666016E-1));
#1201 = IFCFACEOUTERBOUND(#1198, .T.);
#1202 = IFCFACE((#1201));
#1203 = IFCPOLYLOOP((#1204, #1205, #1200));
#1204 = IFCCARTESIANPOINT((-1.44309463500977E-1, -2.25508239746094E-1, 2.47753814697266E-1));
#1205 = IFCCARTESIANPOINT((-1.31678604125977E-1, -2.18857650756836E-1, 2.17224075317383E-1));
#1206 = IFCFACEOUTERBOUND(#1203, .T.);
#1207 = IFCFACE((#1206));
#1208 = IFCPOLYLOOP((#1209, #1210, #1204));
#1209 = IFCCARTESIANPOINT((-1.4707633972168E-1, -2.20983947753906E-1, 2.62508850097656E-1));
#1210 = IFCCARTESIANPOINT((-1.35685882568359E-1, -2.03374114990234E-1, 2.48498947143555E-1));
#1211 = IFCFACEOUTERBOUND(#1208, .T.);
#1212 = IFCFACE((#1211));
#1213 = IFCPOLYLOOP((#1192, #1214, #1215));
#1214 = IFCCARTESIANPOINT((-1.52556838989258E-1, -2.89066467285156E-1, 2.36843841552734E-1));
#1215 = IFCCARTESIANPOINT((-1.56324905395508E-1, -2.70195617675781E-1, 2.53198638916016E-1));
#1216 = IFCFACEOUTERBOUND(#1213, .T.);
#1217 = IFCFACE((#1216));
#1218 = IFCPOLYLOOP((#1200, #1199, #1219));
#1219 = IFCCARTESIANPOINT((-1.53692398071289E-1, -2.39224456787109E-1, 2.63764007568359E-1));
#1220 = IFCFACEOUTERBOUND(#1218, .T.);
#1221 = IFCFACE((#1220));
#1222 = IFCPOLYLOOP((#1209, #1204, #1219));
#1223 = IFCFACEOUTERBOUND(#1222, .T.);
#1224 = IFCFACE((#1223));
#1225 = IFCPOLYLOOP((#1226, #1199, #1215));
#1226 = IFCCARTESIANPOINT((-1.5644075012207E-1, -2.54763442993164E-1, 2.60885131835938E-1));
#1227 = IFCFACEOUTERBOUND(#1225, .T.);
#1228 = IFCFACE((#1227));
#1229 = IFCPOLYLOOP((#1230, #1231, #1209));
#1230 = IFCCARTESIANPOINT((-1.48049407958984E-1, -2.13618103027344E-1, 2.786865234375E-1));
#1231 = IFCCARTESIANPOINT((-1.39211990356445E-1, -1.99455520629883E-1, 2.70117492675781E-1));
#1232 = IFCFACEOUTERBOUND(#1229, .T.);
#1233 = IFCFACE((#1232));
#1234 = IFCPOLYLOOP((#1235, #1236, #1237));
#1235 = IFCCARTESIANPOINT((-1.58745574951172E-1, -2.86332427978516E-1, 2.55186233520508E-1));
#1236 = IFCCARTESIANPOINT((-1.64487091064453E-1, -2.8885986328125E-1, 2.74229125976563E-1));
#1237 = IFCCARTESIANPOINT((-1.61106506347656E-1, -2.68361419677734E-1, 2.69706085205078E-1));
#1238 = IFCFACEOUTERBOUND(#1234, .T.);
#1239 = IFCFACE((#1238));
#1240 = IFCPOLYLOOP((#1241, #1230, #1209));
#1241 = IFCCARTESIANPOINT((-1.55570053100586E-1, -2.28089263916016E-1, 2.84837615966797E-1));
#1242 = IFCFACEOUTERBOUND(#1240, .T.);
#1243 = IFCFACE((#1242));
#1244 = IFCPOLYLOOP((#1245, #1226, #1237));
#1245 = IFCCARTESIANPOINT((-1.62662979125977E-1, -2.53125518798828E-1, 2.84638366699219E-1));
#1246 = IFCFACEOUTERBOUND(#1244, .T.);
#1247 = IFCFACE((#1246));
#1248 = IFCPOLYLOOP((#1219, #1226, #1245));
#1249 = IFCFACEOUTERBOUND(#1248, .T.);
#1250 = IFCFACE((#1249));
#1251 = IFCPOLYLOOP((#1236, #1252, #1253));
#1252 = IFCCARTESIANPOINT((-1.67347915649414E-1, -2.87988983154297E-1, 2.86341339111328E-1));
#1253 = IFCCARTESIANPOINT((-1.65332412719727E-1, -2.68373016357422E-1, 2.86074981689453E-1));
#1254 = IFCFACEOUTERBOUND(#1251, .T.);
#1255 = IFCFACE((#1254));
#1256 = IFCPOLYLOOP((#1245, #1253, #1257));
#1257 = IFCCARTESIANPOINT((-1.66689712524414E-1, -2.52452133178711E-1, 3.03750183105469E-1));
#1258 = IFCFACEOUTERBOUND(#1256, .T.);
#1259 = IFCFACE((#1258));
#1260 = IFCPOLYLOOP((#1261, #1245, #1257));
#1261 = IFCCARTESIANPOINT((-1.59221374511719E-1, -2.37844482421875E-1, 2.86529907226563E-1));
#1262 = IFCFACEOUTERBOUND(#1260, .T.);
#1263 = IFCFACE((#1262));
#1264 = IFCPOLYLOOP((#1265, #1266, #1267));
#1265 = IFCCARTESIANPOINT((-1.59768417358398E-1, -2.25581893920898E-1, 3.10018463134766E-1));
#1266 = IFCCARTESIANPOINT((-1.54267395019531E-1, -2.16073822021484E-1, 3.0205224609375E-1));
#1267 = IFCCARTESIANPOINT((-1.63499389648438E-1, -2.37365173339844E-1, 3.07388458251953E-1));
#1268 = IFCFACEOUTERBOUND(#1264, .T.);
#1269 = IFCFACE((#1268));
#1270 = IFCPOLYLOOP((#1271, #1272, #1273));
#1271 = IFCCARTESIANPOINT((-1.71790878295898E-1, -2.67848419189453E-1, 3.19614440917969E-1));
#1272 = IFCCARTESIANPOINT((-1.69407531738281E-1, -2.71008270263672E-1, 3.03750793457031E-1));
#1273 = IFCCARTESIANPOINT((-1.72880477905273E-1, -2.88873809814453E-1, 3.14860168457031E-1));
#1274 = IFCFACEOUTERBOUND(#1270, .T.);
#1275 = IFCFACE((#1274));
#1276 = IFCPOLYLOOP((#1277, #1278, #1271));
#1277 = IFCCARTESIANPOINT((-1.71729766845703E-1, -2.5663037109375E-1, 3.29052368164063E-1));
#1278 = IFCCARTESIANPOINT((-1.70226318359375E-1, -2.48481155395508E-1, 3.29249145507813E-1));
#1279 = IFCFACEOUTERBOUND(#1276, .T.);
#1280 = IFCFACE((#1279));
#1281 = IFCPOLYLOOP((#1282, #1267, #1278));
#1282 = IFCCARTESIANPOINT((-1.66898132324219E-1, -2.35002883911133E-1, 3.31657348632813E-1));
#1283 = IFCFACEOUTERBOUND(#1281, .T.);
#1284 = IFCFACE((#1283));
#1285 = IFCPOLYLOOP((#1265, #1267, #1282));
#1286 = IFCFACEOUTERBOUND(#1285, .T.);
#1287 = IFCFACE((#1286));
#1288 = IFCPOLYLOOP((#1289, #1290, #1291));
#1289 = IFCCARTESIANPOINT((-1.57131240844727E-1, -2.11367660522461E-1, 3.35011596679688E-1));
#1290 = IFCCARTESIANPOINT((-1.51846862792969E-1, -2.07704956054688E-1, 3.12526275634766E-1));
#1291 = IFCCARTESIANPOINT((-1.62031860351563E-1, -2.22041397094727E-1, 3.33375274658203E-1));
#1292 = IFCFACEOUTERBOUND(#1288, .T.);
#1293 = IFCFACE((#1292));
#1294 = IFCPOLYLOOP((#1295, #1296, #1297));
#1295 = IFCCARTESIANPOINT((-1.767919921875E-1, -2.91104095458984E-1, 3.46136474609375E-1));
#1296 = IFCCARTESIANPOINT((-1.7818342590332E-1, -2.87487670898438E-1, 3.69358123779297E-1));
#1297 = IFCCARTESIANPOINT((-1.75615585327148E-1, -2.62768798828125E-1, 3.54956268310547E-1));
#1298 = IFCFACEOUTERBOUND(#1294, .T.);
#1299 = IFCFACE((#1298));
#1300 = IFCPOLYLOOP((#1278, #1277, #1301));
#1301 = IFCCARTESIANPOINT((-1.7308642578125E-1, -2.48618148803711E-1, 3.52905487060547E-1));
#1302 = IFCFACEOUTERBOUND(#1300, .T.);
#1303 = IFCFACE((#1302));
#1304 = IFCPOLYLOOP((#1282, #1278, #1305));
#1305 = IFCCARTESIANPOINT((-1.70833526611328E-1, -2.39657012939453E-1, 3.53325714111328E-1));
#1306 = IFCFACEOUTERBOUND(#1304, .T.);
#1307 = IFCFACE((#1306));
#1308 = IFCPOLYLOOP((#1309, #1291, #1305));
#1309 = IFCCARTESIANPOINT((-1.68425216674805E-1, -2.29703201293945E-1, 3.61790618896484E-1));
#1310 = IFCFACEOUTERBOUND(#1308, .T.);
#1311 = IFCFACE((#1310));
#1312 = IFCPOLYLOOP((#1313, #1291, #1309));
#1313 = IFCCARTESIANPOINT((-1.63152328491211E-1, -2.18846954345703E-1, 3.56394470214844E-1));
#1314 = IFCFACEOUTERBOUND(#1312, .T.);
#1315 = IFCFACE((#1314));
#1316 = IFCPOLYLOOP((#1317, #1289, #1313));
#1317 = IFCCARTESIANPOINT((-1.58005081176758E-1, -2.0799592590332E-1, 3.63722381591797E-1));
#1318 = IFCFACEOUTERBOUND(#1316, .T.);
#1319 = IFCFACE((#1318));
#1320 = IFCPOLYLOOP((#1321, #1297, #1296));
#1321 = IFCCARTESIANPOINT((-1.76808044433594E-1, -2.62123382568359E-1, 3.72157806396484E-1));
#1322 = IFCFACEOUTERBOUND(#1320, .T.);
#1323 = IFCFACE((#1322));
#1324 = IFCPOLYLOOP((#1301, #1297, #1325));
#1325 = IFCCARTESIANPOINT((-1.74471969604492E-1, -2.47890441894531E-1, 3.71474029541016E-1));
#1326 = IFCFACEOUTERBOUND(#1324, .T.);
#1327 = IFCFACE((#1326));
#1328 = IFCPOLYLOOP((#1305, #1301, #1325));
#1329 = IFCFACEOUTERBOUND(#1328, .T.);
#1330 = IFCFACE((#1329));
#1331 = IFCPOLYLOOP((#1332, #1317, #1313));
#1332 = IFCCARTESIANPOINT((-1.64317230224609E-1, -2.18452041625977E-1, 3.74008544921875E-1));
#1333 = IFCFACEOUTERBOUND(#1331, .T.);
#1334 = IFCFACE((#1333));
#1335 = IFCPOLYLOOP((#1336, #1337, #1182));
#1336 = IFCCARTESIANPOINT((-1.25932289123535E-1, -2.93143615722656E-1, 1.78621719360352E-1));
#1337 = IFCCARTESIANPOINT((-1.39442916870117E-1, -3.00880950927734E-1, 2.04221069335938E-1));
#1338 = IFCFACEOUTERBOUND(#1335, .T.);
#1339 = IFCFACE((#1338));
#1340 = IFCPOLYLOOP((#1182, #1337, #1341));
#1341 = IFCCARTESIANPOINT((-1.47556182861328E-1, -2.89502197265625E-1, 2.24244338989258E-1));
#1342 = IFCFACEOUTERBOUND(#1340, .T.);
#1343 = IFCFACE((#1342));
#1344 = IFCPOLYLOOP((#1272, #1252, #1273));
#1345 = IFCFACEOUTERBOUND(#1344, .T.);
#1346 = IFCFACE((#1345));
#1347 = IFCPOLYLOOP((#1348, #1273, #1295));
#1348 = IFCCARTESIANPOINT((-1.74274612426758E-1, -2.69394592285156E-1, 3.36362365722656E-1));
#1349 = IFCFACEOUTERBOUND(#1347, .T.);
#1350 = IFCFACE((#1349));
#1351 = IFCPOLYLOOP((#1296, #1295, #1352));
#1352 = IFCCARTESIANPOINT((-1.78216949462891E-1, -3.14303283691406E-1, 3.52622039794922E-1));
#1353 = IFCFACEOUTERBOUND(#1351, .T.);
#1354 = IFCFACE((#1353));
#1355 = IFCPOLYLOOP((#1186, #1356, #1187));
#1356 = IFCCARTESIANPOINT((-1.30120758056641E-1, -2.2979866027832E-1, 2.05337707519531E-1));
#1357 = IFCFACEOUTERBOUND(#1355, .T.);
#1358 = IFCFACE((#1357));
#1359 = IFCPOLYLOOP((#1230, #1266, #1231));
#1360 = IFCFACEOUTERBOUND(#1359, .T.);
#1361 = IFCFACE((#1360));
#1362 = IFCPOLYLOOP((#1363, #1364, #1325));
#1363 = IFCCARTESIANPOINT((-1.76823135375977E-1, -2.55958267211914E-1, 3.90866760253906E-1));
#1364 = IFCCARTESIANPOINT((-1.74316543579102E-1, -2.43058090209961E-1, 3.90702819824219E-1));
#1365 = IFCFACEOUTERBOUND(#1362, .T.);
#1366 = IFCFACE((#1365));
#1367 = IFCPOLYLOOP((#1368, #1332, #1369));
#1368 = IFCCARTESIANPOINT((-1.7018733215332E-1, -2.29837051391602E-1, 3.90671844482422E-1));
#1369 = IFCCARTESIANPOINT((-1.72420196533203E-1, -2.39282211303711E-1, 3.73228759765625E-1));
#1370 = IFCFACEOUTERBOUND(#1367, .T.);
#1371 = IFCFACE((#1370));
#1372 = IFCPOLYLOOP((#1369, #1325, #1364));
#1373 = IFCFACEOUTERBOUND(#1372, .T.);
#1374 = IFCFACE((#1373));
#1375 = IFCPOLYLOOP((#1321, #1296, #1376));
#1376 = IFCCARTESIANPOINT((-1.78447265625E-1, -2.76226654052734E-1, 3.91520782470703E-1));
#1377 = IFCFACEOUTERBOUND(#1375, .T.);
#1378 = IFCFACE((#1377));
#1379 = IFCPOLYLOOP((#1364, #1368, #1369));
#1380 = IFCFACEOUTERBOUND(#1379, .T.);
#1381 = IFCFACE((#1380));
#1382 = IFCPOLYLOOP((#1363, #1321, #1376));
#1383 = IFCFACEOUTERBOUND(#1382, .T.);
#1384 = IFCFACE((#1383));
#1385 = IFCPOLYLOOP((#1317, #1332, #1386));
#1386 = IFCCARTESIANPOINT((-1.62058563232422E-1, -2.12668121337891E-1, 3.91540954589844E-1));
#1387 = IFCFACEOUTERBOUND(#1385, .T.);
#1388 = IFCFACE((#1387));
#1389 = IFCPOLYLOOP((#1386, #1390, #1391));
#1390 = IFCCARTESIANPOINT((-1.49364883422852E-1, -1.92821426391602E-1, 3.92178100585938E-1));
#1391 = IFCCARTESIANPOINT((-1.49704055786133E-1, -1.94197540283203E-1, 3.67819244384766E-1));
#1392 = IFCFACEOUTERBOUND(#1389, .T.);
#1393 = IFCFACE((#1392));
#1394 = IFCPOLYLOOP((#1386, #1332, #1368));
#1395 = IFCFACEOUTERBOUND(#1394, .T.);
#1396 = IFCFACE((#1395));
#1397 = IFCPOLYLOOP((#1376, #1296, #1398));
#1398 = IFCCARTESIANPOINT((-1.79181793212891E-1, -3.17083862304688E-1, 3.70723937988281E-1));
#1399 = IFCFACEOUTERBOUND(#1397, .T.);
#1400 = IFCFACE((#1399));
#1401 = IFCPOLYLOOP((#1402, #1363, #1376));
#1402 = IFCCARTESIANPOINT((-1.76261611938477E-1, -2.58876953125E-1, 3.9452978515625E-1));
#1403 = IFCFACEOUTERBOUND(#1401, .T.);
#1404 = IFCFACE((#1403));
#1405 = IFCPOLYLOOP((#1406, #1364, #1363));
#1406 = IFCCARTESIANPOINT((-1.72619537353516E-1, -2.39259490966797E-1, 3.94041900634766E-1));
#1407 = IFCFACEOUTERBOUND(#1405, .T.);
#1408 = IFCFACE((#1407));
#1409 = IFCPOLYLOOP((#1410, #1368, #1406));
#1410 = IFCCARTESIANPOINT((-1.66070343017578E-1, -2.24602462768555E-1, 3.96005126953125E-1));
#1411 = IFCFACEOUTERBOUND(#1409, .T.);
#1412 = IFCFACE((#1411));
#1413 = IFCPOLYLOOP((#1414, #1402, #1376));
#1414 = IFCCARTESIANPOINT((-1.76291793823242E-1, -2.74848602294922E-1, 3.96115631103516E-1));
#1415 = IFCFACEOUTERBOUND(#1413, .T.);
#1416 = IFCFACE((#1415));
#1417 = IFCPOLYLOOP((#1418, #1386, #1410));
#1418 = IFCCARTESIANPOINT((-1.57324630737305E-1, -2.08977996826172E-1, 3.96195526123047E-1));
#1419 = IFCFACEOUTERBOUND(#1417, .T.);
#1420 = IFCFACE((#1419));
#1421 = IFCPOLYLOOP((#1422, #1406, #1402));
#1422 = IFCCARTESIANPOINT((-1.71216018676758E-1, -2.44231643676758E-1, 3.97517547607422E-1));
#1423 = IFCFACEOUTERBOUND(#1421, .T.);
#1424 = IFCFACE((#1423));
#1425 = IFCPOLYLOOP((#1426, #1414, #1427));
#1426 = IFCCARTESIANPOINT((-1.73986022949219E-1, -2.95324371337891E-1, 3.98783813476563E-1));
#1427 = IFCCARTESIANPOINT((-1.77929672241211E-1, -3.14166564941406E-1, 3.95633209228516E-1));
#1428 = IFCFACEOUTERBOUND(#1425, .T.);
#1429 = IFCFACE((#1428));
#1430 = IFCPOLYLOOP((#1431, #1410, #1422));
#1431 = IFCCARTESIANPOINT((-1.65043975830078E-1, -2.3156022644043E-1, 3.98989685058594E-1));
#1432 = IFCFACEOUTERBOUND(#1430, .T.);
#1433 = IFCFACE((#1432));
#1434 = IFCPOLYLOOP((#1435, #1410, #1431));
#1435 = IFCCARTESIANPOINT((-1.56398834228516E-1, -2.13073211669922E-1, 3.98753784179688E-1));
#1436 = IFCFACEOUTERBOUND(#1434, .T.);
#1437 = IFCFACE((#1436));
#1438 = IFCPOLYLOOP((#1439, #1440, #1426));
#1439 = IFCCARTESIANPOINT((-1.71050659179688E-1, -2.68532928466797E-1, 3.99593475341797E-1));
#1440 = IFCCARTESIANPOINT((-1.73408752441406E-1, -2.59760803222656E-1, 3.97967956542969E-1));
#1441 = IFCFACEOUTERBOUND(#1438, .T.);
#1442 = IFCFACE((#1441));
#1443 = IFCPOLYLOOP((#1444, #1422, #1440));
#1444 = IFCCARTESIANPOINT((-1.67468933105469E-1, -2.48315490722656E-1, 3.99999145507813E-1));
#1445 = IFCFACEOUTERBOUND(#1443, .T.);
#1446 = IFCFACE((#1445));
#1447 = IFCPOLYLOOP((#1431, #1422, #1444));
#1448 = IFCFACEOUTERBOUND(#1447, .T.);
#1449 = IFCFACE((#1448));
#1450 = IFCPOLYLOOP((#1451, #1431, #1444));
#1451 = IFCCARTESIANPOINT((-1.55640853881836E-1, -2.18933410644531E-1, 3.99936431884766E-1));
#1452 = IFCFACEOUTERBOUND(#1450, .T.);
#1453 = IFCFACE((#1452));
#1454 = IFCPOLYLOOP((#1376, #1427, #1414));
#1455 = IFCFACEOUTERBOUND(#1454, .T.);
#1456 = IFCFACE((#1455));
#1457 = IFCPOLYLOOP((#1435, #1451, #1458));
#1458 = IFCCARTESIANPOINT((-1.43634719848633E-1, -1.94080093383789E-1, 3.99075256347656E-1));
#1459 = IFCFACEOUTERBOUND(#1457, .T.);
#1460 = IFCFACE((#1459));
#1461 = IFCPOLYLOOP((#1462, #1463, #1464));
#1462 = IFCCARTESIANPOINT((-4.53362846374512E-2, -6.55997436523438E-1, 3.92671600341797E-1));
#1463 = IFCCARTESIANPOINT((-4.12912139892578E-2, -6.57035461425781E-1, 3.89358917236328E-1));
#1464 = IFCCARTESIANPOINT((-1.99427433013916E-2, -6.59158325195313E-1, 3.93425384521484E-1));
#1465 = IFCFACEOUTERBOUND(#1461, .T.);
#1466 = IFCFACE((#1465));
#1467 = IFCPOLYLOOP((#1462, #1468, #1463));
#1468 = IFCCARTESIANPOINT((-5.55712738037109E-2, -6.54351806640625E-1, 3.8959521484375E-1));
#1469 = IFCFACEOUTERBOUND(#1467, .T.);
#1470 = IFCFACE((#1469));
#1471 = IFCPOLYLOOP((#1472, #1473, #1474));
#1472 = IFCCARTESIANPOINT((-1.30444793701172E-1, -6.20947814941406E-1, 3.93492645263672E-1));
#1473 = IFCCARTESIANPOINT((-1.31451644897461E-1, -6.20866577148438E-1, 3.89532348632813E-1));
#1474 = IFCCARTESIANPOINT((-1.21471824645996E-1, -6.28054748535156E-1, 3.89263458251953E-1));
#1475 = IFCFACEOUTERBOUND(#1471, .T.);
#1476 = IFCFACE((#1475));
#1477 = IFCPOLYLOOP((#1478, #1479, #1473));
#1478 = IFCCARTESIANPOINT((-1.44562561035156E-1, -6.08160949707031E-1, 3.93404815673828E-1));
#1479 = IFCCARTESIANPOINT((-1.41618103027344E-1, -6.11789672851563E-1, 3.89329315185547E-1));
#1480 = IFCFACEOUTERBOUND(#1477, .T.);
#1481 = IFCFACE((#1480));
#1482 = IFCPOLYLOOP((#1478, #1483, #1479));
#1483 = IFCCARTESIANPOINT((-1.50434066772461E-1, -6.01779907226563E-1, 3.89294891357422E-1));
#1484 = IFCFACEOUTERBOUND(#1482, .T.);
#1485 = IFCFACE((#1484));
#1486 = IFCPOLYLOOP((#1487, #1483, #1478));
#1487 = IFCCARTESIANPOINT((-1.56519744873047E-1, -5.93524108886719E-1, 3.90819061279297E-1));
#1488 = IFCFACEOUTERBOUND(#1486, .T.);
#1489 = IFCFACE((#1488));
#1490 = IFCPOLYLOOP((#1491, #1492, #1487));
#1491 = IFCCARTESIANPOINT((-1.60504196166992E-1, -5.83991882324219E-1, 3.94880218505859E-1));
#1492 = IFCCARTESIANPOINT((-1.62894821166992E-1, -5.81775939941406E-1, 3.89724365234375E-1));
#1493 = IFCFACEOUTERBOUND(#1490, .T.);
#1494 = IFCFACE((#1493));
#1495 = IFCPOLYLOOP((#1496, #1492, #1491));
#1496 = IFCCARTESIANPOINT((-1.66333190917969E-1, -5.72011779785156E-1, 3.93531982421875E-1));
#1497 = IFCFACEOUTERBOUND(#1495, .T.);
#1498 = IFCFACE((#1497));
#1499 = IFCPOLYLOOP((#1500, #1501, #1502));
#1500 = IFCCARTESIANPOINT((-1.71497573852539E-1, -5.56934509277344E-1, 3.90192413330078E-1));
#1501 = IFCCARTESIANPOINT((-1.67623687744141E-1, -5.69931701660156E-1, 3.89385284423828E-1));
#1502 = IFCCARTESIANPOINT((-1.70832870483398E-1, -5.56927673339844E-1, 3.93681549072266E-1));
#1503 = IFCFACEOUTERBOUND(#1499, .T.);
#1504 = IFCFACE((#1503));
#1505 = IFCPOLYLOOP((#1506, #1507, #1502));
#1506 = IFCCARTESIANPOINT((-1.73934051513672E-1, -5.39902770996094E-1, 3.93746917724609E-1));
#1507 = IFCCARTESIANPOINT((-1.74374572753906E-1, -5.41376220703125E-1, 3.89995971679688E-1));
#1508 = IFCFACEOUTERBOUND(#1505, .T.);
#1509 = IFCFACE((#1508));
#1510 = IFCPOLYLOOP((#1511, #1462, #1464));
#1511 = IFCCARTESIANPOINT((-4.5158016204834E-2, -6.5450732421875E-1, 3.95905975341797E-1));
#1512 = IFCFACEOUTERBOUND(#1510, .T.);
#1513 = IFCFACE((#1512));
#1514 = IFCPOLYLOOP((#1515, #1516, #1462));
#1515 = IFCCARTESIANPOINT((-6.42380828857422E-2, -6.50546325683594E-1, 3.95712646484375E-1));
#1516 = IFCCARTESIANPOINT((-6.7835319519043E-2, -6.51516418457031E-1, 3.90891937255859E-1));
#1517 = IFCFACEOUTERBOUND(#1514, .T.);
#1518 = IFCFACE((#1517));
#1519 = IFCPOLYLOOP((#1520, #1521, #1516));
#1520 = IFCCARTESIANPOINT((-8.47464599609375E-2, -6.44256469726563E-1, 3.95821044921875E-1));
#1521 = IFCCARTESIANPOINT((-7.90602264404297E-2, -6.4814501953125E-1, 3.90610015869141E-1));
#1522 = IFCFACEOUTERBOUND(#1519, .T.);
#1523 = IFCFACE((#1522));
#1524 = IFCPOLYLOOP((#1520, #1525, #1521));
#1525 = IFCCARTESIANPOINT((-9.31086959838867E-2, -6.43037109375E-1, 3.9083740234375E-1));
#1526 = IFCFACEOUTERBOUND(#1524, .T.);
#1527 = IFCFACE((#1526));
#1528 = IFCPOLYLOOP((#1529, #1530, #1525));
#1529 = IFCCARTESIANPOINT((-1.0304842376709E-1, -6.36587036132813E-1, 3.95600921630859E-1));
#1530 = IFCCARTESIANPOINT((-1.14064971923828E-1, -6.32875122070313E-1, 3.90837127685547E-1));
#1531 = IFCFACEOUTERBOUND(#1528, .T.);
#1532 = IFCFACE((#1531));
#1533 = IFCPOLYLOOP((#1534, #1535, #1506));
#1534 = IFCCARTESIANPOINT((-1.75332580566406E-1, -5.1465087890625E-1, 3.95824249267578E-1));
#1535 = IFCCARTESIANPOINT((-1.76195587158203E-1, -5.26588073730469E-1, 3.90550994873047E-1));
#1536 = IFCFACEOUTERBOUND(#1533, .T.);
#1537 = IFCFACE((#1536));
#1538 = IFCPOLYLOOP((#1539, #1540, #1534));
#1539 = IFCCARTESIANPOINT((-1.78501480102539E-1, -4.38823516845703E-1, 3.94278533935547E-1));
#1540 = IFCCARTESIANPOINT((-1.77649810791016E-1, -5.00922485351563E-1, 3.91270690917969E-1));
#1541 = IFCFACEOUTERBOUND(#1538, .T.);
#1542 = IFCFACE((#1541));
#1543 = IFCPOLYLOOP((#1539, #1544, #1540));
#1544 = IFCCARTESIANPOINT((-1.79380813598633E-1, -4.39385498046875E-1, 3.91401824951172E-1));
#1545 = IFCFACEOUTERBOUND(#1543, .T.);
#1546 = IFCFACE((#1545));
#1547 = IFCPOLYLOOP((#1548, #1549, #1539));
#1548 = IFCCARTESIANPOINT((-1.78287734985352E-1, -3.65999450683594E-1, 3.95646301269531E-1));
#1549 = IFCCARTESIANPOINT((-1.79692077636719E-1, -3.63406097412109E-1, 3.92466033935547E-1));
#1550 = IFCFACEOUTERBOUND(#1547, .T.);
#1551 = IFCFACE((#1550));
#1552 = IFCPOLYLOOP((#1427, #1553, #1549));
#1553 = IFCCARTESIANPOINT((-1.79680313110352E-1, -3.25767272949219E-1, 3.91119689941406E-1));
#1554 = IFCFACEOUTERBOUND(#1552, .T.);
#1555 = IFCFACE((#1554));
#1556 = IFCPOLYLOOP((#1427, #1376, #1553));
#1557 = IFCFACEOUTERBOUND(#1556, .T.);
#1558 = IFCFACE((#1557));
#1559 = IFCPOLYLOOP((#1560, #1472, #1561));
#1560 = IFCCARTESIANPOINT((-1.33007858276367E-1, -6.15810180664063E-1, 3.97228424072266E-1));
#1561 = IFCCARTESIANPOINT((-1.16895393371582E-1, -6.28860778808594E-1, 3.95843200683594E-1));
#1562 = IFCFACEOUTERBOUND(#1559, .T.);
#1563 = IFCFACE((#1562));
#1564 = IFCPOLYLOOP((#1560, #1478, #1472));
#1565 = IFCFACEOUTERBOUND(#1564, .T.);
#1566 = IFCFACE((#1565));
#1567 = IFCPOLYLOOP((#1568, #1496, #1491));
#1568 = IFCCARTESIANPOINT((-1.64145721435547E-1, -5.70611206054688E-1, 3.97325866699219E-1));
#1569 = IFCFACEOUTERBOUND(#1567, .T.);
#1570 = IFCFACE((#1569));
#1571 = IFCPOLYLOOP((#1572, #1502, #1568));
#1572 = IFCCARTESIANPOINT((-1.68173904418945E-1, -5.55719421386719E-1, 3.97760406494141E-1));
#1573 = IFCFACEOUTERBOUND(#1571, .T.);
#1574 = IFCFACE((#1573));
#1575 = IFCPOLYLOOP((#1576, #1506, #1572));
#1576 = IFCCARTESIANPOINT((-1.72473510742188E-1, -5.37455993652344E-1, 3.96539764404297E-1));
#1577 = IFCFACEOUTERBOUND(#1575, .T.);
#1578 = IFCFACE((#1577));
#1579 = IFCPOLYLOOP((#1580, #1511, #1581));
#1580 = IFCCARTESIANPOINT((-5.31435775756836E-2, -6.49729187011719E-1, 3.98921478271484E-1));
#1581 = IFCCARTESIANPOINT((-1.92227840423584E-2, -6.56738830566406E-1, 3.97199279785156E-1));
#1582 = IFCFACEOUTERBOUND(#1579, .T.);
#1583 = IFCFACE((#1582));
#1584 = IFCPOLYLOOP((#1580, #1515, #1511));
#1585 = IFCFACEOUTERBOUND(#1584, .T.);
#1586 = IFCFACE((#1585));
#1587 = IFCPOLYLOOP((#1588, #1520, #1515));
#1588 = IFCCARTESIANPOINT((-8.25436019897461E-2, -6.41080383300781E-1, 3.99092041015625E-1));
#1589 = IFCFACEOUTERBOUND(#1587, .T.);
#1590 = IFCFACE((#1589));
#1591 = IFCPOLYLOOP((#1592, #1529, #1520));
#1592 = IFCCARTESIANPOINT((-1.08935623168945E-1, -6.30129577636719E-1, 3.98734191894531E-1));
#1593 = IFCFACEOUTERBOUND(#1591, .T.);
#1594 = IFCFACE((#1593));
#1595 = IFCPOLYLOOP((#1592, #1561, #1529));
#1596 = IFCFACEOUTERBOUND(#1595, .T.);
#1597 = IFCFACE((#1596));
#1598 = IFCPOLYLOOP((#1599, #1560, #1561));
#1599 = IFCCARTESIANPOINT((-1.28565811157227E-1, -6.16203063964844E-1, 3.99064270019531E-1));
#1600 = IFCFACEOUTERBOUND(#1598, .T.);
#1601 = IFCFACE((#1600));
#1602 = IFCPOLYLOOP((#1603, #1491, #1604));
#1603 = IFCCARTESIANPOINT((-1.57214019775391E-1, -5.824580078125E-1, 3.98580902099609E-1));
#1604 = IFCCARTESIANPOINT((-1.54153503417969E-1, -5.93428527832031E-1, 3.95875946044922E-1));
#1605 = IFCFACEOUTERBOUND(#1602, .T.);
#1606 = IFCFACE((#1605));
#1607 = IFCPOLYLOOP((#1608, #1576, #1572));
#1608 = IFCCARTESIANPOINT((-1.69751770019531E-1, -5.37898559570313E-1, 3.98811187744141E-1));
#1609 = IFCFACEOUTERBOUND(#1607, .T.);
#1610 = IFCFACE((#1609));
#1611 = IFCPOLYLOOP((#1612, #1534, #1608));
#1612 = IFCCARTESIANPOINT((-1.71808151245117E-1, -5.13018798828125E-1, 3.98934204101563E-1));
#1613 = IFCFACEOUTERBOUND(#1611, .T.);
#1614 = IFCFACE((#1613));
#1615 = IFCPOLYLOOP((#1616, #1548, #1617));
#1616 = IFCCARTESIANPOINT((-1.75299026489258E-1, -3.49419982910156E-1, 3.98568206787109E-1));
#1617 = IFCCARTESIANPOINT((-1.76270233154297E-1, -4.36383209228516E-1, 3.97442596435547E-1));
#1618 = IFCFACEOUTERBOUND(#1615, .T.);
#1619 = IFCFACE((#1618));
#1620 = IFCPOLYLOOP((#1616, #1427, #1548));
#1621 = IFCFACEOUTERBOUND(#1620, .T.);
#1622 = IFCFACE((#1621));
#1623 = IFCPOLYLOOP((#1624, #1568, #1603));
#1624 = IFCCARTESIANPOINT((-1.61710464477539E-1, -5.64197082519531E-1, 3.99822540283203E-1));
#1625 = IFCFACEOUTERBOUND(#1623, .T.);
#1626 = IFCFACE((#1625));
#1627 = IFCPOLYLOOP((#1628, #1617, #1612));
#1628 = IFCCARTESIANPOINT((-1.73317779541016E-1, -4.42037567138672E-1, 3.99174041748047E-1));
#1629 = IFCFACEOUTERBOUND(#1627, .T.);
#1630 = IFCFACE((#1629));
#1631 = IFCPOLYLOOP((#1632, #1592, #1588));
#1632 = IFCCARTESIANPOINT((-1.04254173278809E-1, -6.28022766113281E-1, 3.99995849609375E-1));
#1633 = IFCFACEOUTERBOUND(#1631, .T.);
#1634 = IFCFACE((#1633));
#1635 = IFCPOLYLOOP((#1636, #1599, #1592));
#1636 = IFCCARTESIANPOINT((-1.22523048400879E-1, -6.16474914550781E-1, 3.99997680664063E-1));
#1637 = IFCFACEOUTERBOUND(#1635, .T.);
#1638 = IFCFACE((#1637));
#1639 = IFCPOLYLOOP((#1640, #1641, #1599));
#1640 = IFCCARTESIANPOINT((-1.47675430297852E-1, -5.91912292480469E-1, 3.99987854003906E-1));
#1641 = IFCCARTESIANPOINT((-1.46506439208984E-1, -6.00582702636719E-1, 3.98151458740234E-1));
#1642 = IFCFACEOUTERBOUND(#1639, .T.);
#1643 = IFCFACE((#1642));
#1644 = IFCPOLYLOOP((#1640, #1603, #1641));
#1645 = IFCFACEOUTERBOUND(#1644, .T.);
#1646 = IFCFACE((#1645));
#1647 = IFCPOLYLOOP((#1648, #1608, #1624));
#1648 = IFCCARTESIANPOINT((-1.67552703857422E-1, -5.24980712890625E-1, 3.99995422363281E-1));
#1649 = IFCFACEOUTERBOUND(#1647, .T.);
#1650 = IFCFACE((#1649));
#1651 = IFCPOLYLOOP((#1652, #1628, #1612));
#1652 = IFCCARTESIANPOINT((-1.70278732299805E-1, -4.49722259521484E-1, 3.99996704101563E-1));
#1653 = IFCFACEOUTERBOUND(#1651, .T.);
#1654 = IFCFACE((#1653));
#1655 = IFCPOLYLOOP((#1656, #1628, #1652));
#1656 = IFCCARTESIANPOINT((-1.71879013061523E-1, -3.59415802001953E-1, 3.99855865478516E-1));
#1657 = IFCFACEOUTERBOUND(#1655, .T.);
#1658 = IFCFACE((#1657));
#1659 = IFCPOLYLOOP((#1656, #1426, #1616));
#1660 = IFCFACEOUTERBOUND(#1659, .T.);
#1661 = IFCFACE((#1660));
#1662 = IFCPOLYLOOP((#1663, #1464, #1664));
#1663 = IFCCARTESIANPOINT((4.96904993057251E-3, -6.59308471679688E-1, 3.94608245849609E-1));
#1664 = IFCCARTESIANPOINT((8.7259316444397E-4, -6.6043798828125E-1, 3.89780395507813E-1));
#1665 = IFCFACEOUTERBOUND(#1662, .T.);
#1666 = IFCFACE((#1665));
#1667 = IFCPOLYLOOP((#1581, #1663, #1668));
#1668 = IFCCARTESIANPOINT((2.80162858963013E-3, -6.55882751464844E-1, 3.98400329589844E-1));
#1669 = IFCFACEOUTERBOUND(#1667, .T.);
#1670 = IFCFACE((#1669));
#1671 = IFCPOLYLOOP((#1663, #1581, #1464));
#1672 = IFCFACEOUTERBOUND(#1671, .T.);
#1673 = IFCFACE((#1672));
#1674 = IFCPOLYLOOP((#1675, #1668, #1676));
#1675 = IFCCARTESIANPOINT((-2.02274742126465E-2, -6.53462646484375E-1, 3.99229156494141E-1));
#1676 = IFCCARTESIANPOINT((1.36026315689087E-2, -6.51581970214844E-1, 3.99995361328125E-1));
#1677 = IFCFACEOUTERBOUND(#1674, .T.);
#1678 = IFCFACE((#1677));
#1679 = IFCPOLYLOOP((#1680, #1675, #1676));
#1680 = IFCCARTESIANPOINT((-2.41216087341309E-2, -6.5025048828125E-1, 3.99994049072266E-1));
#1681 = IFCFACEOUTERBOUND(#1679, .T.);
#1682 = IFCFACE((#1681));
#1683 = IFCPOLYLOOP((#1581, #1668, #1675));
#1684 = IFCFACEOUTERBOUND(#1683, .T.);
#1685 = IFCFACE((#1684));
#1686 = IFCPOLYLOOP((#1680, #1687, #1580));
#1687 = IFCCARTESIANPOINT((-6.29933662414551E-2, -6.43441223144531E-1, 3.9999755859375E-1));
#1688 = IFCFACEOUTERBOUND(#1686, .T.);
#1689 = IFCFACE((#1688));
#1690 = IFCPOLYLOOP((#1588, #1687, #1632));
#1691 = IFCFACEOUTERBOUND(#1690, .T.);
#1692 = IFCFACE((#1691));
#1693 = IFCPOLYLOOP((#1599, #1636, #1640));
#1694 = IFCFACEOUTERBOUND(#1693, .T.);
#1695 = IFCFACE((#1694));
#1696 = IFCPOLYLOOP((#1439, #1656, #1444));
#1697 = IFCFACEOUTERBOUND(#1696, .T.);
#1698 = IFCFACE((#1697));
#1699 = IFCPOLYLOOP((#1700, #1701, #1702));
#1700 = IFCCARTESIANPOINT((-2.825465965271E-2, -5.66480407714844E-1, 1.90518692016602E-1));
#1701 = IFCCARTESIANPOINT((-1.33953418731689E-2, -5.66779174804688E-1, 1.89447082519531E-1));
#1702 = IFCCARTESIANPOINT((-2.75152721405029E-2, -5.79108032226563E-1, 2.05512985229492E-1));
#1703 = IFCFACEOUTERBOUND(#1699, .T.);
#1704 = IFCFACE((#1703));
#1705 = IFCPOLYLOOP((#1700, #1702, #1706));
#1706 = IFCCARTESIANPOINT((-4.69917411804199E-2, -5.71799621582031E-1, 2.00572845458984E-1));
#1707 = IFCFACEOUTERBOUND(#1705, .T.);
#1708 = IFCFACE((#1707));
#1709 = IFCPOLYLOOP((#1710, #1711, #1706));
#1710 = IFCCARTESIANPOINT((-6.32732467651367E-2, -5.66797912597656E-1, 2.00053558349609E-1));
#1711 = IFCCARTESIANPOINT((-4.92073554992676E-2, -5.61116882324219E-1, 1.88636489868164E-1));
#1712 = IFCFACEOUTERBOUND(#1709, .T.);
#1713 = IFCFACE((#1712));
#1714 = IFCPOLYLOOP((#1715, #1716, #1710));
#1715 = IFCCARTESIANPOINT((-7.61973037719727E-2, -5.61348754882813E-1, 1.99653915405273E-1));
#1716 = IFCCARTESIANPOINT((-6.81364135742188E-2, -5.55124877929688E-1, 1.88617858886719E-1));
#1717 = IFCFACEOUTERBOUND(#1714, .T.);
#1718 = IFCFACE((#1717));
#1719 = IFCPOLYLOOP((#1720, #1721, #1722));
#1720 = IFCCARTESIANPOINT((-8.50417861938477E-2, -5.4931591796875E-1, 1.91052459716797E-1));
#1721 = IFCCARTESIANPOINT((-8.93383178710938E-2, -5.59198364257813E-1, 2.05223983764648E-1));
#1722 = IFCCARTESIANPOINT((-9.98379211425781E-2, -5.51199035644531E-1, 2.04280731201172E-1));
#1723 = IFCFACEOUTERBOUND(#1719, .T.);
#1724 = IFCFACE((#1723));
#1725 = IFCPOLYLOOP((#1726, #1727, #1728));
#1726 = IFCCARTESIANPOINT((-1.07225524902344E-1, -5.446337890625E-1, 2.04019226074219E-1));
#1727 = IFCCARTESIANPOINT((-1.11908157348633E-1, -5.3576904296875E-1, 1.99939910888672E-1));
#1728 = IFCCARTESIANPOINT((-9.67574615478516E-2, -5.4023583984375E-1, 1.90040435791016E-1));
#1729 = IFCFACEOUTERBOUND(#1725, .T.);
#1730 = IFCFACE((#1729));
#1731 = IFCPOLYLOOP((#1732, #1733, #1727));
#1732 = IFCCARTESIANPOINT((-1.13418106079102E-1, -5.22108764648438E-1, 1.89143173217773E-1));
#1733 = IFCCARTESIANPOINT((-1.05104309082031E-1, -5.31647766113281E-1, 1.88916107177734E-1));
#1734 = IFCFACEOUTERBOUND(#1731, .T.);
#1735 = IFCFACE((#1734));
#1736 = IFCPOLYLOOP((#1732, #1727, #1737));
#1737 = IFCCARTESIANPOINT((-1.23566772460938E-1, -5.28491455078125E-1, 2.07727447509766E-1));
#1738 = IFCFACEOUTERBOUND(#1736, .T.);
#1739 = IFCFACE((#1738));
#1740 = IFCPOLYLOOP((#1737, #1741, #1742));
#1741 = IFCCARTESIANPOINT((-1.29899810791016E-1, -5.17756530761719E-1, 2.08594573974609E-1));
#1742 = IFCCARTESIANPOINT((-1.18373519897461E-1, -5.15575073242188E-1, 1.90036437988281E-1));
#1743 = IFCFACEOUTERBOUND(#1740, .T.);
#1744 = IFCFACE((#1743));
#1745 = IFCPOLYLOOP((#1741, #1746, #1742));
#1746 = IFCCARTESIANPOINT((-1.3198664855957E-1, -5.08307983398438E-1, 2.05705169677734E-1));
#1747 = IFCFACEOUTERBOUND(#1745, .T.);
#1748 = IFCFACE((#1747));
#1749 = IFCPOLYLOOP((#1750, #1751, #1752));
#1750 = IFCCARTESIANPOINT((-1.4025569152832E-1, -4.78178497314453E-1, 2.0729655456543E-1));
#1751 = IFCCARTESIANPOINT((-1.32348785400391E-1, -4.73874786376953E-1, 1.90233749389648E-1));
#1752 = IFCCARTESIANPOINT((-1.32045684814453E-1, -4.92427490234375E-1, 1.96753204345703E-1));
#1753 = IFCFACEOUTERBOUND(#1749, .T.);
#1754 = IFCFACE((#1753));
#1755 = IFCPOLYLOOP((#1750, #1756, #1757));
#1756 = IFCCARTESIANPOINT((-1.45790481567383E-1, -4.64239593505859E-1, 2.16089599609375E-1));
#1757 = IFCCARTESIANPOINT((-1.3642594909668E-1, -4.56896728515625E-1, 1.94483963012695E-1));
#1758 = IFCFACEOUTERBOUND(#1755, .T.);
#1759 = IFCFACE((#1758));
#1760 = IFCPOLYLOOP((#1761, #1762, #1757));
#1761 = IFCCARTESIANPOINT((-1.45858947753906E-1, -4.48176208496094E-1, 2.13734878540039E-1));
#1762 = IFCCARTESIANPOINT((-1.36130264282227E-1, -4.43152099609375E-1, 1.92650115966797E-1));
#1763 = IFCFACEOUTERBOUND(#1760, .T.);
#1764 = IFCFACE((#1763));
#1765 = IFCPOLYLOOP((#1762, #1761, #1766));
#1766 = IFCCARTESIANPOINT((-1.43143981933594E-1, -4.23201354980469E-1, 2.06472305297852E-1));
#1767 = IFCFACEOUTERBOUND(#1765, .T.);
#1768 = IFCFACE((#1767));
#1769 = IFCPOLYLOOP((#1766, #1770, #1762));
#1770 = IFCCARTESIANPOINT((-1.35530395507813E-1, -4.20766937255859E-1, 1.90718078613281E-1));
#1771 = IFCFACEOUTERBOUND(#1769, .T.);
#1772 = IFCFACE((#1771));
#1773 = IFCPOLYLOOP((#1774, #1770, #1766));
#1774 = IFCCARTESIANPOINT((-1.39866653442383E-1, -3.82386688232422E-1, 1.99590606689453E-1));
#1775 = IFCFACEOUTERBOUND(#1773, .T.);
#1776 = IFCFACE((#1775));
#1777 = IFCPOLYLOOP((#1778, #1779, #1780));
#1778 = IFCCARTESIANPOINT((-1.39175567626953E-1, -3.56506164550781E-1, 1.98983428955078E-1));
#1779 = IFCCARTESIANPOINT((-1.48087753295898E-1, -3.51093475341797E-1, 2.18265533447266E-1));
#1780 = IFCCARTESIANPOINT((-1.43000152587891E-1, -3.22316528320313E-1, 2.09402679443359E-1));
#1781 = IFCFACEOUTERBOUND(#1777, .T.);
#1782 = IFCFACE((#1781));
#1783 = IFCPOLYLOOP((#1784, #1702, #1785));
#1784 = IFCCARTESIANPOINT((-4.24928016662598E-2, -5.85390197753906E-1, 2.16880187988281E-1));
#1785 = IFCCARTESIANPOINT((-2.66502323150635E-2, -5.89302368164063E-1, 2.18849594116211E-1));
#1786 = IFCFACEOUTERBOUND(#1783, .T.);
#1787 = IFCFACE((#1786));
#1788 = IFCPOLYLOOP((#1706, #1702, #1784));
#1789 = IFCFACEOUTERBOUND(#1788, .T.);
#1790 = IFCFACE((#1789));
#1791 = IFCPOLYLOOP((#1792, #1793, #1710));
#1792 = IFCCARTESIANPOINT((-5.83399696350098E-2, -5.78484985351563E-1, 2.12911987304688E-1));
#1793 = IFCCARTESIANPOINT((-7.24620132446289E-2, -5.71579040527344E-1, 2.10436492919922E-1));
#1794 = IFCFACEOUTERBOUND(#1791, .T.);
#1795 = IFCFACE((#1794));
#1796 = IFCPOLYLOOP((#1715, #1710, #1793));
#1797 = IFCFACEOUTERBOUND(#1796, .T.);
#1798 = IFCFACE((#1797));
#1799 = IFCPOLYLOOP((#1800, #1721, #1715));
#1800 = IFCCARTESIANPOINT((-8.3084114074707E-2, -5.705419921875E-1, 2.15206527709961E-1));
#1801 = IFCFACEOUTERBOUND(#1799, .T.);
#1802 = IFCFACE((#1801));
#1803 = IFCPOLYLOOP((#1804, #1737, #1726));
#1804 = IFCCARTESIANPOINT((-1.20422302246094E-1, -5.47255493164063E-1, 2.22276275634766E-1));
#1805 = IFCFACEOUTERBOUND(#1803, .T.);
#1806 = IFCFACE((#1805));
#1807 = IFCPOLYLOOP((#1808, #1752, #1746));
#1808 = IFCCARTESIANPOINT((-1.38700622558594E-1, -5.00946563720703E-1, 2.14009384155273E-1));
#1809 = IFCFACEOUTERBOUND(#1807, .T.);
#1810 = IFCFACE((#1809));
#1811 = IFCPOLYLOOP((#1766, #1812, #1774));
#1812 = IFCCARTESIANPOINT((-1.51251846313477E-1, -4.18482208251953E-1, 2.24681655883789E-1));
#1813 = IFCFACEOUTERBOUND(#1811, .T.);
#1814 = IFCFACE((#1813));
#1815 = IFCPOLYLOOP((#1778, #1774, #1816));
#1816 = IFCCARTESIANPOINT((-1.49313385009766E-1, -3.78321746826172E-1, 2.19814895629883E-1));
#1817 = IFCFACEOUTERBOUND(#1815, .T.);
#1818 = IFCFACE((#1817));
#1819 = IFCPOLYLOOP((#1820, #1341, #1337));
#1820 = IFCCARTESIANPOINT((-1.49995697021484E-1, -3.16185638427734E-1, 2.25678375244141E-1));
#1821 = IFCFACEOUTERBOUND(#1819, .T.);
#1822 = IFCFACE((#1821));
#1823 = IFCPOLYLOOP((#1785, #1702, #1824));
#1824 = IFCCARTESIANPOINT((-1.22437105178833E-2, -5.82411987304688E-1, 2.08003753662109E-1));
#1825 = IFCFACEOUTERBOUND(#1823, .T.);
#1826 = IFCFACE((#1825));
#1827 = IFCPOLYLOOP((#1828, #1793, #1792));
#1828 = IFCCARTESIANPOINT((-7.24737396240234E-2, -5.82763854980469E-1, 2.25360595703125E-1));
#1829 = IFCFACEOUTERBOUND(#1827, .T.);
#1830 = IFCFACE((#1829));
#1831 = IFCPOLYLOOP((#1832, #1833, #1800));
#1832 = IFCCARTESIANPOINT((-9.33662109375E-2, -5.73490051269531E-1, 2.26670623779297E-1));
#1833 = IFCCARTESIANPOINT((-1.01643051147461E-1, -5.63542846679688E-1, 2.20811584472656E-1));
#1834 = IFCFACEOUTERBOUND(#1831, .T.);
#1835 = IFCFACE((#1834));
#1836 = IFCPOLYLOOP((#1833, #1722, #1721));
#1837 = IFCFACEOUTERBOUND(#1836, .T.);
#1838 = IFCFACE((#1837));
#1839 = IFCPOLYLOOP((#1722, #1833, #1840));
#1840 = IFCCARTESIANPOINT((-1.13414901733398E-1, -5.57039184570313E-1, 2.2499267578125E-1));
#1841 = IFCFACEOUTERBOUND(#1839, .T.);
#1842 = IFCFACE((#1841));
#1843 = IFCPOLYLOOP((#1844, #1737, #1804));
#1844 = IFCCARTESIANPOINT((-1.29102676391602E-1, -5.40043395996094E-1, 2.27391265869141E-1));
#1845 = IFCFACEOUTERBOUND(#1843, .T.);
#1846 = IFCFACE((#1845));
#1847 = IFCPOLYLOOP((#1848, #1808, #1741));
#1848 = IFCCARTESIANPOINT((-1.39577697753906E-1, -5.18399841308594E-1, 2.26806411743164E-1));
#1849 = IFCFACEOUTERBOUND(#1847, .T.);
#1850 = IFCFACE((#1849));
#1851 = IFCPOLYLOOP((#1812, #1766, #1761));
#1852 = IFCFACEOUTERBOUND(#1851, .T.);
#1853 = IFCFACE((#1852));
#1854 = IFCPOLYLOOP((#1779, #1855, #1820));
#1855 = IFCCARTESIANPOINT((-1.56501495361328E-1, -3.46325347900391E-1, 2.3877604675293E-1));
#1856 = IFCFACEOUTERBOUND(#1854, .T.);
#1857 = IFCFACE((#1856));
#1858 = IFCPOLYLOOP((#1784, #1859, #1860));
#1859 = IFCCARTESIANPOINT((-4.35450553894043E-2, -5.96171630859375E-1, 2.32792083740234E-1));
#1860 = IFCCARTESIANPOINT((-5.85549964904785E-2, -5.88800231933594E-1, 2.27222198486328E-1));
#1861 = IFCFACEOUTERBOUND(#1858, .T.);
#1862 = IFCFACE((#1861));
#1863 = IFCPOLYLOOP((#1800, #1793, #1828));
#1864 = IFCFACEOUTERBOUND(#1863, .T.);
#1865 = IFCFACE((#1864));
#1866 = IFCPOLYLOOP((#1832, #1800, #1867));
#1867 = IFCCARTESIANPOINT((-8.48467254638672E-2, -5.79825988769531E-1, 2.29171646118164E-1));
#1868 = IFCFACEOUTERBOUND(#1866, .T.);
#1869 = IFCFACE((#1868));
#1870 = IFCPOLYLOOP((#1871, #1848, #1741));
#1871 = IFCCARTESIANPOINT((-1.35382705688477E-1, -5.30277282714844E-1, 2.28710754394531E-1));
#1872 = IFCFACEOUTERBOUND(#1870, .T.);
#1873 = IFCFACE((#1872));
#1874 = IFCPOLYLOOP((#1875, #1876, #1808));
#1875 = IFCCARTESIANPOINT((-1.4689582824707E-1, -5.06612701416016E-1, 2.35025131225586E-1));
#1876 = IFCCARTESIANPOINT((-1.42952178955078E-1, -4.92859558105469E-1, 2.18835189819336E-1));
#1877 = IFCFACEOUTERBOUND(#1874, .T.);
#1878 = IFCFACE((#1877));
#1879 = IFCPOLYLOOP((#1880, #1750, #1876));
#1880 = IFCCARTESIANPOINT((-1.47216339111328E-1, -4.81087493896484E-1, 2.24001815795898E-1));
#1881 = IFCFACEOUTERBOUND(#1879, .T.);
#1882 = IFCFACE((#1881));
#1883 = IFCPOLYLOOP((#1880, #1884, #1756));
#1884 = IFCCARTESIANPOINT((-1.52605499267578E-1, -4.69919769287109E-1, 2.34068252563477E-1));
#1885 = IFCFACEOUTERBOUND(#1883, .T.);
#1886 = IFCFACE((#1885));
#1887 = IFCPOLYLOOP((#1750, #1880, #1756));
#1888 = IFCFACEOUTERBOUND(#1887, .T.);
#1889 = IFCFACE((#1888));
#1890 = IFCPOLYLOOP((#1756, #1884, #1891));
#1891 = IFCCARTESIANPOINT((-1.53660919189453E-1, -4.50406951904297E-1, 2.3310954284668E-1));
#1892 = IFCFACEOUTERBOUND(#1890, .T.);
#1893 = IFCFACE((#1892));
#1894 = IFCPOLYLOOP((#1855, #1779, #1816));
#1895 = IFCFACEOUTERBOUND(#1894, .T.);
#1896 = IFCFACE((#1895));
#1897 = IFCPOLYLOOP((#1859, #1784, #1898));
#1898 = IFCCARTESIANPOINT((-3.19347839355469E-2, -5.95715759277344E-1, 2.29038269042969E-1));
#1899 = IFCFACEOUTERBOUND(#1897, .T.);
#1900 = IFCFACE((#1899));
#1901 = IFCPOLYLOOP((#1902, #1903, #1832));
#1902 = IFCCARTESIANPOINT((-1.04985107421875E-1, -5.78249084472656E-1, 2.44453140258789E-1));
#1903 = IFCCARTESIANPOINT((-1.10893882751465E-1, -5.69686279296875E-1, 2.38699417114258E-1));
#1904 = IFCFACEOUTERBOUND(#1901, .T.);
#1905 = IFCFACE((#1904));
#1906 = IFCPOLYLOOP((#1903, #1840, #1833));
#1907 = IFCFACEOUTERBOUND(#1906, .T.);
#1908 = IFCFACE((#1907));
#1909 = IFCPOLYLOOP((#1910, #1880, #1876));
#1910 = IFCCARTESIANPOINT((-1.52409225463867E-1, -4.92860687255859E-1, 2.415185546875E-1));
#1911 = IFCFACEOUTERBOUND(#1909, .T.);
#1912 = IFCFACE((#1911));
#1913 = IFCPOLYLOOP((#1891, #1914, #1812));
#1914 = IFCCARTESIANPOINT((-1.56321350097656E-1, -4.23352813720703E-1, 2.3783642578125E-1));
#1915 = IFCFACEOUTERBOUND(#1913, .T.);
#1916 = IFCFACE((#1915));
#1917 = IFCPOLYLOOP((#1914, #1918, #1812));
#1918 = IFCCARTESIANPOINT((-1.62440582275391E-1, -4.15124420166016E-1, 2.54892166137695E-1));
#1919 = IFCFACEOUTERBOUND(#1917, .T.);
#1920 = IFCFACE((#1919));
#1921 = IFCPOLYLOOP((#1922, #1923, #1816));
#1922 = IFCCARTESIANPOINT((-1.57619506835938E-1, -3.85975555419922E-1, 2.40302017211914E-1));
#1923 = IFCCARTESIANPOINT((-1.63038055419922E-1, -3.72443817138672E-1, 2.56229797363281E-1));
#1924 = IFCFACEOUTERBOUND(#1921, .T.);
#1925 = IFCFACE((#1924));
#1926 = IFCPOLYLOOP((#1855, #1927, #1820));
#1927 = IFCCARTESIANPOINT((-1.57541107177734E-1, -3.1664404296875E-1, 2.45141098022461E-1));
#1928 = IFCFACEOUTERBOUND(#1926, .T.);
#1929 = IFCFACE((#1928));
#1930 = IFCPOLYLOOP((#1931, #1859, #1898));
#1931 = IFCCARTESIANPOINT((-3.76793937683105E-2, -6.07285949707031E-1, 2.48522201538086E-1));
#1932 = IFCFACEOUTERBOUND(#1930, .T.);
#1933 = IFCFACE((#1932));
#1934 = IFCPOLYLOOP((#1935, #1859, #1931));
#1935 = IFCCARTESIANPOINT((-5.0112735748291E-2, -6.04441162109375E-1, 2.48142120361328E-1));
#1936 = IFCFACEOUTERBOUND(#1934, .T.);
#1937 = IFCFACE((#1936));
#1938 = IFCPOLYLOOP((#1860, #1859, #1939));
#1939 = IFCCARTESIANPOINT((-6.24116630554199E-2, -6.00740173339844E-1, 2.47509246826172E-1));
#1940 = IFCFACEOUTERBOUND(#1938, .T.);
#1941 = IFCFACE((#1940));
#1942 = IFCPOLYLOOP((#1828, #1860, #1943));
#1943 = IFCCARTESIANPOINT((-7.69050979614258E-2, -5.93164672851563E-1, 2.43813079833984E-1));
#1944 = IFCFACEOUTERBOUND(#1942, .T.);
#1945 = IFCFACE((#1944));
#1946 = IFCPOLYLOOP((#1947, #1867, #1943));
#1947 = IFCCARTESIANPOINT((-8.87091369628906E-2, -5.87960510253906E-1, 2.44372253417969E-1));
#1948 = IFCFACEOUTERBOUND(#1946, .T.);
#1949 = IFCFACE((#1948));
#1950 = IFCPOLYLOOP((#1951, #1902, #1947));
#1951 = IFCCARTESIANPOINT((-9.86622009277344E-2, -5.85906494140625E-1, 2.49838363647461E-1));
#1952 = IFCFACEOUTERBOUND(#1950, .T.);
#1953 = IFCFACE((#1952));
#1954 = IFCPOLYLOOP((#1955, #1956, #1903));
#1955 = IFCCARTESIANPOINT((-1.21307907104492E-1, -5.66259826660156E-1, 2.47405380249023E-1));
#1956 = IFCCARTESIANPOINT((-1.26973358154297E-1, -5.57132141113281E-1, 2.43731216430664E-1));
#1957 = IFCFACEOUTERBOUND(#1954, .T.);
#1958 = IFCFACE((#1957));
#1959 = IFCPOLYLOOP((#1956, #1804, #1840));
#1960 = IFCFACEOUTERBOUND(#1959, .T.);
#1961 = IFCFACE((#1960));
#1962 = IFCPOLYLOOP((#1804, #1956, #1844));
#1963 = IFCFACEOUTERBOUND(#1962, .T.);
#1964 = IFCFACE((#1963));
#1965 = IFCPOLYLOOP((#1844, #1966, #1967));
#1966 = IFCCARTESIANPOINT((-1.35806015014648E-1, -5.47738098144531E-1, 2.47035888671875E-1));
#1967 = IFCCARTESIANPOINT((-1.41639129638672E-1, -5.37913635253906E-1, 2.48281646728516E-1));
#1968 = IFCFACEOUTERBOUND(#1965, .T.);
#1969 = IFCFACE((#1968));
#1970 = IFCPOLYLOOP((#1971, #1972, #1871));
#1971 = IFCCARTESIANPOINT((-1.45125717163086E-1, -5.31098937988281E-1, 2.49265747070313E-1));
#1972 = IFCCARTESIANPOINT((-1.45745071411133E-1, -5.1859423828125E-1, 2.40408813476563E-1));
#1973 = IFCFACEOUTERBOUND(#1970, .T.);
#1974 = IFCFACE((#1973));
#1975 = IFCPOLYLOOP((#1976, #1891, #1884));
#1976 = IFCCARTESIANPOINT((-1.57884826660156E-1, -4.63159332275391E-1, 2.4722607421875E-1));
#1977 = IFCFACEOUTERBOUND(#1975, .T.);
#1978 = IFCFACE((#1977));
#1979 = IFCPOLYLOOP((#1891, #1980, #1914));
#1980 = IFCCARTESIANPOINT((-1.59924682617188E-1, -4.4633837890625E-1, 2.50274765014648E-1));
#1981 = IFCFACEOUTERBOUND(#1979, .T.);
#1982 = IFCFACE((#1981));
#1983 = IFCPOLYLOOP((#1984, #1875, #1972));
#1984 = IFCCARTESIANPOINT((-1.54615951538086E-1, -5.11557525634766E-1, 2.58103759765625E-1));
#1985 = IFCFACEOUTERBOUND(#1983, .T.);
#1986 = IFCFACE((#1985));
#1987 = IFCPOLYLOOP((#1884, #1880, #1910));
#1988 = IFCFACEOUTERBOUND(#1987, .T.);
#1989 = IFCFACE((#1988));
#1990 = IFCPOLYLOOP((#1884, #1991, #1976));
#1991 = IFCCARTESIANPOINT((-1.57016525268555E-1, -4.84192657470703E-1, 2.50981658935547E-1));
#1992 = IFCFACEOUTERBOUND(#1990, .T.);
#1993 = IFCFACE((#1992));
#1994 = IFCPOLYLOOP((#1918, #1914, #1980));
#1995 = IFCFACEOUTERBOUND(#1994, .T.);
#1996 = IFCFACE((#1995));
#1997 = IFCPOLYLOOP((#1918, #1998, #1922));
#1998 = IFCCARTESIANPOINT((-1.67524703979492E-1, -3.91068939208984E-1, 2.71578277587891E-1));
#1999 = IFCFACEOUTERBOUND(#1997, .T.);
#2000 = IFCFACE((#1999));
#2001 = IFCPOLYLOOP((#1923, #2002, #1855));
#2002 = IFCCARTESIANPOINT((-1.63227066040039E-1, -3.43912261962891E-1, 2.58706909179688E-1));
#2003 = IFCFACEOUTERBOUND(#2001, .T.);
#2004 = IFCFACE((#2003));
#2005 = IFCPOLYLOOP((#2006, #2007, #2008));
#2006 = IFCCARTESIANPOINT((-2.19746780395508E-2, -6.13199096679688E-1, 2.55023803710938E-1));
#2007 = IFCCARTESIANPOINT((-2.07199592590332E-2, -6.03462768554688E-1, 2.38588256835938E-1));
#2008 = IFCCARTESIANPOINT((-3.72575974464417E-3, -6.11932495117188E-1, 2.50861587524414E-1));
#2009 = IFCFACEOUTERBOUND(#2005, .T.);
#2010 = IFCFACE((#2009));
#2011 = IFCPOLYLOOP((#2012, #1943, #1939));
#2012 = IFCCARTESIANPOINT((-7.74509963989258E-2, -6.04807434082031E-1, 2.64061950683594E-1));
#2013 = IFCFACEOUTERBOUND(#2011, .T.);
#2014 = IFCFACE((#2013));
#2015 = IFCPOLYLOOP((#2016, #1947, #1943));
#2016 = IFCCARTESIANPOINT((-8.91568374633789E-2, -5.99252563476563E-1, 2.63373992919922E-1));
#2017 = IFCFACEOUTERBOUND(#2015, .T.);
#2018 = IFCFACE((#2017));
#2019 = IFCPOLYLOOP((#2020, #1955, #1902));
#2020 = IFCCARTESIANPOINT((-1.16880210876465E-1, -5.77854125976563E-1, 2.58332763671875E-1));
#2021 = IFCFACEOUTERBOUND(#2019, .T.);
#2022 = IFCFACE((#2021));
#2023 = IFCPOLYLOOP((#2024, #1956, #1955));
#2024 = IFCCARTESIANPOINT((-1.31653213500977E-1, -5.6508203125E-1, 2.62162902832031E-1));
#2025 = IFCFACEOUTERBOUND(#2023, .T.);
#2026 = IFCFACE((#2025));
#2027 = IFCPOLYLOOP((#2028, #1984, #1971));
#2028 = IFCCARTESIANPOINT((-1.52752868652344E-1, -5.24047668457031E-1, 2.62220733642578E-1));
#2029 = IFCFACEOUTERBOUND(#2027, .T.);
#2030 = IFCFACE((#2029));
#2031 = IFCPOLYLOOP((#1910, #1875, #1984));
#2032 = IFCFACEOUTERBOUND(#2031, .T.);
#2033 = IFCFACE((#2032));
#2034 = IFCPOLYLOOP((#1910, #2035, #1991));
#2035 = IFCCARTESIANPOINT((-1.5830500793457E-1, -5.00119781494141E-1, 2.62506378173828E-1));
#2036 = IFCFACEOUTERBOUND(#2034, .T.);
#2037 = IFCFACE((#2036));
#2038 = IFCPOLYLOOP((#1991, #2039, #2040));
#2039 = IFCCARTESIANPOINT((-1.61675750732422E-1, -4.85688232421875E-1, 2.66355194091797E-1));
#2040 = IFCCARTESIANPOINT((-1.63084915161133E-1, -4.59070922851563E-1, 2.62549438476563E-1));
#2041 = IFCFACEOUTERBOUND(#2038, .T.);
#2042 = IFCFACE((#2041));
#2043 = IFCPOLYLOOP((#1927, #1855, #2002));
#2044 = IFCFACEOUTERBOUND(#2043, .T.);
#2045 = IFCFACE((#2044));
#2046 = IFCPOLYLOOP((#2006, #2008, #2047));
#2047 = IFCCARTESIANPOINT((-8.84848308563232E-3, -6.20823974609375E-1, 2.67256744384766E-1));
#2048 = IFCFACEOUTERBOUND(#2046, .T.);
#2049 = IFCFACE((#2048));
#2050 = IFCPOLYLOOP((#1931, #2006, #2051));
#2051 = IFCCARTESIANPOINT((-3.93450088500977E-2, -6.17413940429688E-1, 2.67160522460938E-1));
#2052 = IFCFACEOUTERBOUND(#2050, .T.);
#2053 = IFCFACE((#2052));
#2054 = IFCPOLYLOOP((#1935, #1931, #2051));
#2055 = IFCFACEOUTERBOUND(#2054, .T.);
#2056 = IFCFACE((#2055));
#2057 = IFCPOLYLOOP((#1939, #1935, #2058));
#2058 = IFCCARTESIANPOINT((-6.57410430908203E-2, -6.10937255859375E-1, 2.67508514404297E-1));
#2059 = IFCFACEOUTERBOUND(#2057, .T.);
#2060 = IFCFACE((#2059));
#2061 = IFCPOLYLOOP((#2062, #1951, #2016));
#2062 = IFCCARTESIANPOINT((-1.02711875915527E-1, -5.94378662109375E-1, 2.68371002197266E-1));
#2063 = IFCFACEOUTERBOUND(#2061, .T.);
#2064 = IFCFACE((#2063));
#2065 = IFCPOLYLOOP((#2066, #2020, #1951));
#2066 = IFCCARTESIANPOINT((-1.10930267333984E-1, -5.88417175292969E-1, 2.6783984375E-1));
#2067 = IFCFACEOUTERBOUND(#2065, .T.);
#2068 = IFCFACE((#2067));
#2069 = IFCPOLYLOOP((#2070, #2024, #2020));
#2070 = IFCCARTESIANPOINT((-1.27641670227051E-1, -5.73778381347656E-1, 2.68178924560547E-1));
#2071 = IFCFACEOUTERBOUND(#2069, .T.);
#2072 = IFCFACE((#2071));
#2073 = IFCPOLYLOOP((#2074, #2075, #2024));
#2074 = IFCCARTESIANPOINT((-1.39723190307617E-1, -5.6293994140625E-1, 2.74632110595703E-1));
#2075 = IFCCARTESIANPOINT((-1.44409454345703E-1, -5.53796508789063E-1, 2.72570953369141E-1));
#2076 = IFCFACEOUTERBOUND(#2073, .T.);
#2077 = IFCFACE((#2076));
#2078 = IFCPOLYLOOP((#2079, #1967, #1966));
#2079 = IFCCARTESIANPOINT((-1.47390838623047E-1, -5.45132751464844E-1, 2.69338592529297E-1));
#2080 = IFCFACEOUTERBOUND(#2078, .T.);
#2081 = IFCFACE((#2080));
#2082 = IFCPOLYLOOP((#2083, #1971, #1967));
#2083 = IFCCARTESIANPOINT((-1.50792495727539E-1, -5.36828735351563E-1, 2.68836944580078E-1));
#2084 = IFCFACEOUTERBOUND(#2082, .T.);
#2085 = IFCFACE((#2084));
#2086 = IFCPOLYLOOP((#2040, #2087, #1980));
#2087 = IFCCARTESIANPOINT((-1.66621994018555E-1, -4.22314544677734E-1, 2.69990142822266E-1));
#2088 = IFCFACEOUTERBOUND(#2086, .T.);
#2089 = IFCFACE((#2088));
#2090 = IFCPOLYLOOP((#1998, #1918, #2087));
#2091 = IFCFACEOUTERBOUND(#2090, .T.);
#2092 = IFCFACE((#2091));
#2093 = IFCPOLYLOOP((#1998, #2094, #1923));
#2094 = IFCCARTESIANPOINT((-1.70970977783203E-1, -3.60571350097656E-1, 2.86697845458984E-1));
#2095 = IFCFACEOUTERBOUND(#2093, .T.);
#2096 = IFCFACE((#2095));
#2097 = IFCPOLYLOOP((#1923, #2098, #2002));
#2098 = IFCCARTESIANPOINT((-1.6773518371582E-1, -3.55763397216797E-1, 2.7342333984375E-1));
#2099 = IFCFACEOUTERBOUND(#2097, .T.);
#2100 = IFCFACE((#2099));
#2101 = IFCPOLYLOOP((#2102, #2002, #2098));
#2102 = IFCCARTESIANPOINT((-1.67595291137695E-1, -3.22410430908203E-1, 2.7730126953125E-1));
#2103 = IFCFACEOUTERBOUND(#2101, .T.);
#2104 = IFCFACE((#2103));
#2105 = IFCPOLYLOOP((#2106, #2070, #2020));
#2106 = IFCCARTESIANPOINT((-1.21050422668457E-1, -5.83046020507813E-1, 2.7269287109375E-1));
#2107 = IFCFACEOUTERBOUND(#2105, .T.);
#2108 = IFCFACE((#2107));
#2109 = IFCPOLYLOOP((#2110, #1984, #2028));
#2110 = IFCCARTESIANPOINT((-1.60092468261719E-1, -5.14745300292969E-1, 2.77789123535156E-1));
#2111 = IFCFACEOUTERBOUND(#2109, .T.);
#2112 = IFCFACE((#2111));
#2113 = IFCPOLYLOOP((#1984, #2110, #2035));
#2114 = IFCFACEOUTERBOUND(#2113, .T.);
#2115 = IFCFACE((#2114));
#2116 = IFCPOLYLOOP((#2039, #2117, #2040));
#2117 = IFCCARTESIANPOINT((-1.67207504272461E-1, -4.58322296142578E-1, 2.78086029052734E-1));
#2118 = IFCFACEOUTERBOUND(#2116, .T.);
#2119 = IFCFACE((#2118));
#2120 = IFCPOLYLOOP((#2040, #2117, #2087));
#2121 = IFCFACEOUTERBOUND(#2120, .T.);
#2122 = IFCFACE((#2121));
#2123 = IFCPOLYLOOP((#2124, #2047, #2125));
#2124 = IFCCARTESIANPOINT((-2.25186862945557E-2, -6.19695007324219E-1, 2.66892425537109E-1));
#2125 = IFCCARTESIANPOINT((-1.48632841110229E-2, -6.30219970703125E-1, 2.86840515136719E-1));
#2126 = IFCFACEOUTERBOUND(#2123, .T.);
#2127 = IFCFACE((#2126));
#2128 = IFCPOLYLOOP((#2129, #2051, #2130));
#2129 = IFCCARTESIANPOINT((-4.6242130279541E-2, -6.24373107910156E-1, 2.83976593017578E-1));
#2130 = IFCCARTESIANPOINT((-3.25989570617676E-2, -6.26841186523438E-1, 2.83854583740234E-1));
#2131 = IFCFACEOUTERBOUND(#2128, .T.);
#2132 = IFCFACE((#2131));
#2133 = IFCPOLYLOOP((#2134, #2051, #2129));
#2134 = IFCCARTESIANPOINT((-5.3173656463623E-2, -6.14692749023438E-1, 2.67852874755859E-1));
#2135 = IFCFACEOUTERBOUND(#2133, .T.);
#2136 = IFCFACE((#2135));
#2137 = IFCPOLYLOOP((#2058, #2134, #2138));
#2138 = IFCCARTESIANPOINT((-5.94325408935547E-2, -6.21489440917969E-1, 2.84735290527344E-1));
#2139 = IFCFACEOUTERBOUND(#2137, .T.);
#2140 = IFCFACE((#2139));
#2141 = IFCPOLYLOOP((#2016, #2012, #2142));
#2142 = IFCCARTESIANPOINT((-9.34756698608398E-2, -6.08039611816406E-1, 2.84242584228516E-1));
#2143 = IFCFACEOUTERBOUND(#2141, .T.);
#2144 = IFCFACE((#2143));
#2145 = IFCPOLYLOOP((#2146, #2062, #2142));
#2146 = IFCCARTESIANPOINT((-1.06438385009766E-1, -6.00887817382813E-1, 2.84862335205078E-1));
#2147 = IFCFACEOUTERBOUND(#2145, .T.);
#2148 = IFCFACE((#2147));
#2149 = IFCPOLYLOOP((#2062, #2146, #2150));
#2150 = IFCCARTESIANPOINT((-1.14761177062988E-1, -5.94614379882813E-1, 2.8407763671875E-1));
#2151 = IFCFACEOUTERBOUND(#2149, .T.);
#2152 = IFCFACE((#2151));
#2153 = IFCPOLYLOOP((#2154, #2155, #2106));
#2154 = IFCCARTESIANPOINT((-1.28405883789063E-1, -5.8535302734375E-1, 2.88750671386719E-1));
#2155 = IFCCARTESIANPOINT((-1.35457504272461E-1, -5.74529541015625E-1, 2.83774230957031E-1));
#2156 = IFCFACEOUTERBOUND(#2153, .T.);
#2157 = IFCFACE((#2156));
#2158 = IFCPOLYLOOP((#2155, #2074, #2070));
#2159 = IFCFACEOUTERBOUND(#2158, .T.);
#2160 = IFCFACE((#2159));
#2161 = IFCPOLYLOOP((#2162, #2163, #2079));
#2162 = IFCCARTESIANPOINT((-1.52307205200195E-1, -5.51035278320313E-1, 2.89435089111328E-1));
#2163 = IFCCARTESIANPOINT((-1.55654556274414E-1, -5.4172802734375E-1, 2.87990753173828E-1));
#2164 = IFCFACEOUTERBOUND(#2161, .T.);
#2165 = IFCFACE((#2164));
#2166 = IFCPOLYLOOP((#2163, #2083, #2079));
#2167 = IFCFACEOUTERBOUND(#2166, .T.);
#2168 = IFCFACE((#2167));
#2169 = IFCPOLYLOOP((#2170, #2110, #2028));
#2170 = IFCCARTESIANPOINT((-1.589013671875E-1, -5.29430236816406E-1, 2.85747314453125E-1));
#2171 = IFCFACEOUTERBOUND(#2169, .T.);
#2172 = IFCFACE((#2171));
#2173 = IFCPOLYLOOP((#2039, #2035, #2174));
#2174 = IFCCARTESIANPOINT((-1.62128921508789E-1, -5.03646820068359E-1, 2.77557189941406E-1));
#2175 = IFCFACEOUTERBOUND(#2173, .T.);
#2176 = IFCFACE((#2175));
#2177 = IFCPOLYLOOP((#2178, #2179, #2117));
#2178 = IFCCARTESIANPOINT((-1.66582504272461E-1, -4.87504272460938E-1, 2.86553955078125E-1));
#2179 = IFCCARTESIANPOINT((-1.70566299438477E-1, -4.75919036865234E-1, 3.00650909423828E-1));
#2180 = IFCFACEOUTERBOUND(#2177, .T.);
#2181 = IFCFACE((#2180));
#2182 = IFCPOLYLOOP((#2117, #2183, #2087));
#2183 = IFCCARTESIANPOINT((-1.7116357421875E-1, -4.49135437011719E-1, 2.94807403564453E-1));
#2184 = IFCFACEOUTERBOUND(#2182, .T.);
#2185 = IFCFACE((#2184));
#2186 = IFCPOLYLOOP((#1998, #2087, #2187));
#2187 = IFCCARTESIANPOINT((-1.71213775634766E-1, -3.98262786865234E-1, 2.87658386230469E-1));
#2188 = IFCFACEOUTERBOUND(#2186, .T.);
#2189 = IFCFACE((#2188));
#2190 = IFCPOLYLOOP((#2187, #2191, #1998));
#2191 = IFCCARTESIANPOINT((-1.73124298095703E-1, -3.72065093994141E-1, 2.97238830566406E-1));
#2192 = IFCFACEOUTERBOUND(#2190, .T.);
#2193 = IFCFACE((#2192));
#2194 = IFCPOLYLOOP((#2195, #2154, #2150));
#2195 = IFCCARTESIANPOINT((-1.20159973144531E-1, -5.96919006347656E-1, 2.96731750488281E-1));
#2196 = IFCFACEOUTERBOUND(#2194, .T.);
#2197 = IFCFACE((#2196));
#2198 = IFCPOLYLOOP((#2199, #2200, #2155));
#2199 = IFCCARTESIANPOINT((-1.41438507080078E-1, -5.73330993652344E-1, 2.94540557861328E-1));
#2200 = IFCCARTESIANPOINT((-1.47739944458008E-1, -5.63578186035156E-1, 2.94493408203125E-1));
#2201 = IFCFACEOUTERBOUND(#2198, .T.);
#2202 = IFCFACE((#2201));
#2203 = IFCPOLYLOOP((#2200, #2162, #2074));
#2204 = IFCFACEOUTERBOUND(#2203, .T.);
#2205 = IFCFACE((#2204));
#2206 = IFCPOLYLOOP((#2207, #2110, #2170));
#2207 = IFCCARTESIANPOINT((-1.65116882324219E-1, -5.17414489746094E-1, 2.99258392333984E-1));
#2208 = IFCFACEOUTERBOUND(#2206, .T.);
#2209 = IFCFACE((#2208));
#2210 = IFCPOLYLOOP((#2110, #2207, #2211));
#2211 = IFCCARTESIANPOINT((-1.66735275268555E-1, -5.0789599609375E-1, 2.99060028076172E-1));
#2212 = IFCFACEOUTERBOUND(#2210, .T.);
#2213 = IFCFACE((#2212));
#2214 = IFCPOLYLOOP((#2179, #2183, #2117));
#2215 = IFCFACEOUTERBOUND(#2214, .T.);
#2216 = IFCFACE((#2215));
#2217 = IFCPOLYLOOP((#2102, #2098, #2218));
#2218 = IFCCARTESIANPOINT((-1.7111784362793E-1, -3.27232269287109E-1, 2.92341430664063E-1));
#2219 = IFCFACEOUTERBOUND(#2217, .T.);
#2220 = IFCFACE((#2219));
#2221 = IFCPOLYLOOP((#2222, #2102, #2218));
#2222 = IFCCARTESIANPOINT((-1.70648406982422E-1, -3.03604125976563E-1, 2.96355651855469E-1));
#2223 = IFCFACEOUTERBOUND(#2221, .T.);
#2224 = IFCFACE((#2223));
#2225 = IFCPOLYLOOP((#2226, #2130, #2125));
#2226 = IFCCARTESIANPOINT((-3.26269454956055E-2, -6.33892517089844E-1, 2.99801208496094E-1));
#2227 = IFCFACEOUTERBOUND(#2225, .T.);
#2228 = IFCFACE((#2227));
#2229 = IFCPOLYLOOP((#2129, #2130, #2230));
#2230 = IFCCARTESIANPOINT((-4.76536140441895E-2, -6.31341857910156E-1, 3.00446380615234E-1));
#2231 = IFCFACEOUTERBOUND(#2229, .T.);
#2232 = IFCFACE((#2231));
#2233 = IFCPOLYLOOP((#2138, #2129, #2230));
#2234 = IFCFACEOUTERBOUND(#2233, .T.);
#2235 = IFCFACE((#2234));
#2236 = IFCPOLYLOOP((#2237, #2138, #2238));
#2237 = IFCCARTESIANPOINT((-7.71876754760742E-2, -6.15467163085938E-1, 2.84419769287109E-1));
#2238 = IFCCARTESIANPOINT((-7.50430374145508E-2, -6.23566650390625E-1, 3.00761962890625E-1));
#2239 = IFCFACEOUTERBOUND(#2236, .T.);
#2240 = IFCFACE((#2239));
#2241 = IFCPOLYLOOP((#2242, #2237, #2238));
#2242 = IFCCARTESIANPOINT((-8.82337417602539E-2, -6.18798522949219E-1, 3.02081298828125E-1));
#2243 = IFCFACEOUTERBOUND(#2241, .T.);
#2244 = IFCFACE((#2243));
#2245 = IFCPOLYLOOP((#2142, #2237, #2242));
#2246 = IFCFACEOUTERBOUND(#2245, .T.);
#2247 = IFCFACE((#2246));
#2248 = IFCPOLYLOOP((#2146, #2142, #2249));
#2249 = IFCCARTESIANPOINT((-1.01041374206543E-1, -6.11860534667969E-1, 3.01158020019531E-1));
#2250 = IFCFACEOUTERBOUND(#2248, .T.);
#2251 = IFCFACE((#2250));
#2252 = IFCPOLYLOOP((#2146, #2253, #2195));
#2253 = IFCCARTESIANPOINT((-1.1027815246582E-1, -6.05778503417969E-1, 3.00048217773438E-1));
#2254 = IFCFACEOUTERBOUND(#2252, .T.);
#2255 = IFCFACE((#2254));
#2256 = IFCPOLYLOOP((#2257, #2199, #2154));
#2257 = IFCCARTESIANPOINT((-1.35408462524414E-1, -5.86155517578125E-1, 3.03985626220703E-1));
#2258 = IFCFACEOUTERBOUND(#2256, .T.);
#2259 = IFCFACE((#2258));
#2260 = IFCPOLYLOOP((#2178, #2174, #2211));
#2261 = IFCFACEOUTERBOUND(#2260, .T.);
#2262 = IFCFACE((#2261));
#2263 = IFCPOLYLOOP((#2264, #2265, #2266));
#2264 = IFCCARTESIANPOINT((-1.71254653930664E-1, -4.20901611328125E-1, 2.89511566162109E-1));
#2265 = IFCCARTESIANPOINT((-1.7468684387207E-1, -4.24876647949219E-1, 3.10794799804688E-1));
#2266 = IFCCARTESIANPOINT((-1.7492724609375E-1, -4.00611938476563E-1, 3.08854034423828E-1));
#2267 = IFCFACEOUTERBOUND(#2263, .T.);
#2268 = IFCFACE((#2267));
#2269 = IFCPOLYLOOP((#2191, #2270, #2271));
#2270 = IFCCARTESIANPOINT((-1.75804916381836E-1, -3.61630035400391E-1, 3.1476513671875E-1));
#2271 = IFCCARTESIANPOINT((-1.74040374755859E-1, -3.49237487792969E-1, 3.04571105957031E-1));
#2272 = IFCFACEOUTERBOUND(#2269, .T.);
#2273 = IFCFACE((#2272));
#2274 = IFCPOLYLOOP((#2218, #2094, #2271));
#2275 = IFCFACEOUTERBOUND(#2274, .T.);
#2276 = IFCFACE((#2275));
#2277 = IFCPOLYLOOP((#2271, #2278, #2218));
#2278 = IFCCARTESIANPOINT((-1.7346467590332E-1, -3.19647979736328E-1, 3.07120513916016E-1));
#2279 = IFCFACEOUTERBOUND(#2277, .T.);
#2280 = IFCFACE((#2279));
#2281 = IFCPOLYLOOP((#2282, #2257, #2195));
#2282 = IFCCARTESIANPOINT((-1.28280349731445E-1, -5.96461364746094E-1, 3.10377532958984E-1));
#2283 = IFCFACEOUTERBOUND(#2281, .T.);
#2284 = IFCFACE((#2283));
#2285 = IFCPOLYLOOP((#2286, #2287, #2257));
#2286 = IFCCARTESIANPOINT((-1.43626861572266E-1, -5.85618713378906E-1, 3.22211975097656E-1));
#2287 = IFCCARTESIANPOINT((-1.49899993896484E-1, -5.75216674804688E-1, 3.19565795898438E-1));
#2288 = IFCFACEOUTERBOUND(#2285, .T.);
#2289 = IFCFACE((#2288));
#2290 = IFCPOLYLOOP((#2287, #2291, #2199));
#2291 = IFCCARTESIANPOINT((-1.52514556884766E-1, -5.64884521484375E-1, 3.10165802001953E-1));
#2292 = IFCFACEOUTERBOUND(#2290, .T.);
#2293 = IFCFACE((#2292));
#2294 = IFCPOLYLOOP((#2295, #2162, #2200));
#2295 = IFCCARTESIANPOINT((-1.56280532836914E-1, -5.56479248046875E-1, 3.09217803955078E-1));
#2296 = IFCFACEOUTERBOUND(#2294, .T.);
#2297 = IFCFACE((#2296));
#2298 = IFCPOLYLOOP((#2162, #2295, #2299));
#2299 = IFCCARTESIANPOINT((-1.6116374206543E-1, -5.45132751464844E-1, 3.11252319335938E-1));
#2300 = IFCFACEOUTERBOUND(#2298, .T.);
#2301 = IFCFACE((#2300));
#2302 = IFCPOLYLOOP((#2299, #2303, #2163));
#2303 = IFCCARTESIANPOINT((-1.63500366210938E-1, -5.2922509765625E-1, 3.0326171875E-1));
#2304 = IFCFACEOUTERBOUND(#2302, .T.);
#2305 = IFCFACE((#2304));
#2306 = IFCPOLYLOOP((#2307, #2183, #2179));
#2307 = IFCCARTESIANPOINT((-1.73878890991211E-1, -4.48327209472656E-1, 3.11050018310547E-1));
#2308 = IFCFACEOUTERBOUND(#2306, .T.);
#2309 = IFCFACE((#2308));
#2310 = IFCPOLYLOOP((#2183, #2307, #2265));
#2311 = IFCFACEOUTERBOUND(#2310, .T.);
#2312 = IFCFACE((#2311));
#2313 = IFCPOLYLOOP((#2266, #2314, #2270));
#2314 = IFCCARTESIANPOINT((-1.77297698974609E-1, -3.97778533935547E-1, 3.29203979492188E-1));
#2315 = IFCFACEOUTERBOUND(#2313, .T.);
#2316 = IFCFACE((#2315));
#2317 = IFCPOLYLOOP((#2318, #2226, #2319));
#2318 = IFCCARTESIANPOINT((-3.41367950439453E-2, -6.40067016601563E-1, 3.16234130859375E-1));
#2319 = IFCCARTESIANPOINT((-1.57318515777588E-2, -6.402236328125E-1, 3.11124237060547E-1));
#2320 = IFCFACEOUTERBOUND(#2317, .T.);
#2321 = IFCFACE((#2320));
#2322 = IFCPOLYLOOP((#2230, #2226, #2318));
#2323 = IFCFACEOUTERBOUND(#2322, .T.);
#2324 = IFCFACE((#2323));
#2325 = IFCPOLYLOOP((#2326, #2230, #2327));
#2326 = IFCCARTESIANPOINT((-6.12878761291504E-2, -6.27742126464844E-1, 2.99903228759766E-1));
#2327 = IFCCARTESIANPOINT((-6.3186466217041E-2, -6.33923156738281E-1, 3.16811218261719E-1));
#2328 = IFCFACEOUTERBOUND(#2325, .T.);
#2329 = IFCFACE((#2328));
#2330 = IFCPOLYLOOP((#2238, #2326, #2327));
#2331 = IFCFACEOUTERBOUND(#2330, .T.);
#2332 = IFCFACE((#2331));
#2333 = IFCPOLYLOOP((#2242, #2238, #2334));
#2334 = IFCCARTESIANPOINT((-7.73405151367188E-2, -6.29504455566406E-1, 3.17597961425781E-1));
#2335 = IFCFACEOUTERBOUND(#2333, .T.);
#2336 = IFCFACE((#2335));
#2337 = IFCPOLYLOOP((#2249, #2242, #2338));
#2338 = IFCCARTESIANPOINT((-9.12123413085938E-2, -6.23662353515625E-1, 3.17094451904297E-1));
#2339 = IFCFACEOUTERBOUND(#2337, .T.);
#2340 = IFCFACE((#2339));
#2341 = IFCPOLYLOOP((#2342, #2282, #2253));
#2342 = IFCCARTESIANPOINT((-1.18825965881348E-1, -6.08339233398438E-1, 3.19267211914063E-1));
#2343 = IFCFACEOUTERBOUND(#2341, .T.);
#2344 = IFCFACE((#2343));
#2345 = IFCPOLYLOOP((#2346, #2347, #2303));
#2346 = IFCCARTESIANPOINT((-1.6644367980957E-1, -5.34593566894531E-1, 3.22099243164063E-1));
#2347 = IFCCARTESIANPOINT((-1.6836457824707E-1, -5.20401245117188E-1, 3.17712860107422E-1));
#2348 = IFCFACEOUTERBOUND(#2345, .T.);
#2349 = IFCFACE((#2348));
#2350 = IFCPOLYLOOP((#2347, #2207, #2303));
#2351 = IFCFACEOUTERBOUND(#2350, .T.);
#2352 = IFCFACE((#2351));
#2353 = IFCPOLYLOOP((#2207, #2347, #2211));
#2354 = IFCFACEOUTERBOUND(#2353, .T.);
#2355 = IFCFACE((#2354));
#2356 = IFCPOLYLOOP((#2211, #2357, #2358));
#2357 = IFCCARTESIANPOINT((-1.70759185791016E-1, -5.07435424804688E-1, 3.20518005371094E-1));
#2358 = IFCCARTESIANPOINT((-1.69098220825195E-1, -4.95580596923828E-1, 3.03072326660156E-1));
#2359 = IFCFACEOUTERBOUND(#2356, .T.);
#2360 = IFCFACE((#2359));
#2361 = IFCPOLYLOOP((#2358, #2362, #2363));
#2362 = IFCCARTESIANPOINT((-1.71865173339844E-1, -4.95262969970703E-1, 3.19364624023438E-1));
#2363 = IFCCARTESIANPOINT((-1.73113723754883E-1, -4.78856750488281E-1, 3.18409637451172E-1));
#2364 = IFCFACEOUTERBOUND(#2361, .T.);
#2365 = IFCFACE((#2364));
#2366 = IFCPOLYLOOP((#2278, #2271, #2367));
#2367 = IFCCARTESIANPOINT((-1.75553863525391E-1, -3.21155120849609E-1, 3.21413177490234E-1));
#2368 = IFCFACEOUTERBOUND(#2366, .T.);
#2369 = IFCFACE((#2368));
#2370 = IFCPOLYLOOP((#2371, #2372, #2342));
#2371 = IFCCARTESIANPOINT((-1.26599006652832E-1, -6.06717407226563E-1, 3.30358795166016E-1));
#2372 = IFCCARTESIANPOINT((-1.3496809387207E-1, -5.9674560546875E-1, 3.25204986572266E-1));
#2373 = IFCFACEOUTERBOUND(#2370, .T.);
#2374 = IFCFACE((#2373));
#2375 = IFCPOLYLOOP((#2372, #2286, #2282));
#2376 = IFCFACEOUTERBOUND(#2375, .T.);
#2377 = IFCFACE((#2376));
#2378 = IFCPOLYLOOP((#2379, #2291, #2287));
#2379 = IFCCARTESIANPOINT((-1.55859573364258E-1, -5.68340209960938E-1, 3.27103088378906E-1));
#2380 = IFCFACEOUTERBOUND(#2378, .T.);
#2381 = IFCFACE((#2380));
#2382 = IFCPOLYLOOP((#2291, #2379, #2383));
#2383 = IFCCARTESIANPOINT((-1.59630615234375E-1, -5.6012548828125E-1, 3.27041320800781E-1));
#2384 = IFCFACEOUTERBOUND(#2382, .T.);
#2385 = IFCFACE((#2384));
#2386 = IFCPOLYLOOP((#2295, #2383, #2299));
#2387 = IFCFACEOUTERBOUND(#2386, .T.);
#2388 = IFCFACE((#2387));
#2389 = IFCPOLYLOOP((#2307, #2179, #2363));
#2390 = IFCFACEOUTERBOUND(#2389, .T.);
#2391 = IFCFACE((#2390));
#2392 = IFCPOLYLOOP((#2307, #2393, #2394));
#2393 = IFCCARTESIANPOINT((-1.75863433837891E-1, -4.50118530273438E-1, 3.28044311523438E-1));
#2394 = IFCCARTESIANPOINT((-1.76672958374023E-1, -4.24192749023438E-1, 3.27570251464844E-1));
#2395 = IFCFACEOUTERBOUND(#2392, .T.);
#2396 = IFCFACE((#2395));
#2397 = IFCPOLYLOOP((#2266, #2265, #2394));
#2398 = IFCFACEOUTERBOUND(#2397, .T.);
#2399 = IFCFACE((#2398));
#2400 = IFCPOLYLOOP((#2314, #2401, #2270));
#2401 = IFCCARTESIANPOINT((-1.78685531616211E-1, -3.80132873535156E-1, 3.45378234863281E-1));
#2402 = IFCFACEOUTERBOUND(#2400, .T.);
#2403 = IFCFACE((#2402));
#2404 = IFCPOLYLOOP((#2405, #2319, #2406));
#2405 = IFCCARTESIANPOINT((-1.99571781158447E-2, -6.46168823242188E-1, 3.29539978027344E-1));
#2406 = IFCCARTESIANPOINT((-4.20788192749023E-3, -6.45514221191406E-1, 3.24527923583984E-1));
#2407 = IFCFACEOUTERBOUND(#2404, .T.);
#2408 = IFCFACE((#2407));
#2409 = IFCPOLYLOOP((#2318, #2319, #2405));
#2410 = IFCFACEOUTERBOUND(#2409, .T.);
#2411 = IFCFACE((#2410));
#2412 = IFCPOLYLOOP((#2413, #2318, #2414));
#2413 = IFCCARTESIANPOINT((-4.91645469665527E-2, -6.37598022460938E-1, 3.17290466308594E-1));
#2414 = IFCCARTESIANPOINT((-3.48639717102051E-2, -6.45748107910156E-1, 3.33546905517578E-1));
#2415 = IFCFACEOUTERBOUND(#2412, .T.);
#2416 = IFCFACE((#2415));
#2417 = IFCPOLYLOOP((#2327, #2413, #2418));
#2418 = IFCCARTESIANPOINT((-6.48374786376953E-2, -6.39223754882813E-1, 3.33613342285156E-1));
#2419 = IFCFACEOUTERBOUND(#2417, .T.);
#2420 = IFCFACE((#2419));
#2421 = IFCPOLYLOOP((#2334, #2327, #2418));
#2422 = IFCFACEOUTERBOUND(#2421, .T.);
#2423 = IFCFACE((#2422));
#2424 = IFCPOLYLOOP((#2338, #2334, #2425));
#2425 = IFCCARTESIANPOINT((-9.35920562744141E-2, -6.28568603515625E-1, 3.33626800537109E-1));
#2426 = IFCFACEOUTERBOUND(#2424, .T.);
#2427 = IFCFACE((#2426));
#2428 = IFCPOLYLOOP((#2429, #2338, #2425));
#2429 = IFCCARTESIANPOINT((-1.06474792480469E-1, -6.15960266113281E-1, 3.17974182128906E-1));
#2430 = IFCFACEOUTERBOUND(#2428, .T.);
#2431 = IFCFACE((#2430));
#2432 = IFCPOLYLOOP((#2433, #2347, #2346));
#2433 = IFCCARTESIANPOINT((-1.71241516113281E-1, -5.29134033203125E-1, 3.43775268554688E-1));
#2434 = IFCFACEOUTERBOUND(#2432, .T.);
#2435 = IFCFACE((#2434));
#2436 = IFCPOLYLOOP((#2437, #2438, #2362));
#2437 = IFCCARTESIANPOINT((-1.73773010253906E-1, -5.05378387451172E-1, 3.41158233642578E-1));
#2438 = IFCCARTESIANPOINT((-1.75092803955078E-1, -4.83701293945313E-1, 3.37611785888672E-1));
#2439 = IFCFACEOUTERBOUND(#2436, .T.);
#2440 = IFCFACE((#2439));
#2441 = IFCPOLYLOOP((#2438, #2363, #2362));
#2442 = IFCFACEOUTERBOUND(#2441, .T.);
#2443 = IFCFACE((#2442));
#2444 = IFCPOLYLOOP((#2445, #2446, #2367));
#2445 = IFCCARTESIANPOINT((-1.77333358764648E-1, -3.58638031005859E-1, 3.28664184570313E-1));
#2446 = IFCCARTESIANPOINT((-1.78580749511719E-1, -3.50264099121094E-1, 3.45997192382813E-1));
#2447 = IFCFACEOUTERBOUND(#2444, .T.);
#2448 = IFCFACE((#2447));
#2449 = IFCPOLYLOOP((#2450, #2371, #2451));
#2450 = IFCCARTESIANPOINT((-1.18682235717773E-1, -6.1950341796875E-1, 3.48975006103516E-1));
#2451 = IFCCARTESIANPOINT((-1.09445922851563E-1, -6.20421020507813E-1, 3.34404693603516E-1));
#2452 = IFCFACEOUTERBOUND(#2449, .T.);
#2453 = IFCFACE((#2452));
#2454 = IFCPOLYLOOP((#2455, #2456, #2371));
#2455 = IFCCARTESIANPOINT((-1.35435302734375E-1, -6.056787109375E-1, 3.48461822509766E-1));
#2456 = IFCCARTESIANPOINT((-1.41844909667969E-1, -5.98577209472656E-1, 3.47417755126953E-1));
#2457 = IFCFACEOUTERBOUND(#2454, .T.);
#2458 = IFCFACE((#2457));
#2459 = IFCPOLYLOOP((#2456, #2460, #2286));
#2460 = IFCCARTESIANPOINT((-1.49139709472656E-1, -5.90390686035156E-1, 3.49628753662109E-1));
#2461 = IFCFACEOUTERBOUND(#2459, .T.);
#2462 = IFCFACE((#2461));
#2463 = IFCPOLYLOOP((#2464, #2287, #2286));
#2464 = IFCCARTESIANPOINT((-1.55399688720703E-1, -5.80089599609375E-1, 3.48025115966797E-1));
#2465 = IFCFACEOUTERBOUND(#2463, .T.);
#2466 = IFCFACE((#2465));
#2467 = IFCPOLYLOOP((#2287, #2464, #2379));
#2468 = IFCFACEOUTERBOUND(#2467, .T.);
#2469 = IFCFACE((#2468));
#2470 = IFCPOLYLOOP((#2379, #2471, #2472));
#2471 = IFCCARTESIANPOINT((-1.59690246582031E-1, -5.71430480957031E-1, 3.47752014160156E-1));
#2472 = IFCCARTESIANPOINT((-1.62826721191406E-1, -5.64042053222656E-1, 3.47677459716797E-1));
#2473 = IFCFACEOUTERBOUND(#2470, .T.);
#2474 = IFCFACE((#2473));
#2475 = IFCPOLYLOOP((#2476, #2433, #2477));
#2476 = IFCCARTESIANPOINT((-1.68839767456055E-1, -5.45282409667969E-1, 3.4901171875E-1));
#2477 = IFCCARTESIANPOINT((-1.64045043945313E-1, -5.4983203125E-1, 3.30111785888672E-1));
#2478 = IFCFACEOUTERBOUND(#2475, .T.);
#2479 = IFCFACE((#2478));
#2480 = IFCPOLYLOOP((#2357, #2347, #2437));
#2481 = IFCFACEOUTERBOUND(#2480, .T.);
#2482 = IFCFACE((#2481));
#2483 = IFCPOLYLOOP((#2438, #2484, #2485));
#2484 = IFCCARTESIANPOINT((-1.77125305175781E-1, -4.79922149658203E-1, 3.60620849609375E-1));
#2485 = IFCCARTESIANPOINT((-1.77646469116211E-1, -4.48220703125E-1, 3.48008880615234E-1));
#2486 = IFCFACEOUTERBOUND(#2483, .T.);
#2487 = IFCFACE((#2486));
#2488 = IFCPOLYLOOP((#2393, #2485, #2394));
#2489 = IFCFACEOUTERBOUND(#2488, .T.);
#2490 = IFCFACE((#2489));
#2491 = IFCPOLYLOOP((#2492, #2493, #2314));
#2492 = IFCCARTESIANPOINT((-1.78250762939453E-1, -4.24171234130859E-1, 3.47085479736328E-1));
#2493 = IFCCARTESIANPOINT((-1.79361587524414E-1, -4.12278228759766E-1, 3.66703399658203E-1));
#2494 = IFCFACEOUTERBOUND(#2491, .T.);
#2495 = IFCFACE((#2494));
#2496 = IFCPOLYLOOP((#2446, #2445, #2401));
#2497 = IFCFACEOUTERBOUND(#2496, .T.);
#2498 = IFCFACE((#2497));
#2499 = IFCPOLYLOOP((#2414, #2405, #2500));
#2500 = IFCCARTESIANPOINT((-1.55317211151123E-2, -6.5033984375E-1, 3.42157104492188E-1));
#2501 = IFCFACEOUTERBOUND(#2499, .T.);
#2502 = IFCFACE((#2501));
#2503 = IFCPOLYLOOP((#2504, #2414, #2505));
#2504 = IFCCARTESIANPOINT((-5.04134101867676E-2, -6.430458984375E-1, 3.34336669921875E-1));
#2505 = IFCCARTESIANPOINT((-3.55140609741211E-2, -6.50433471679688E-1, 3.50413879394531E-1));
#2506 = IFCFACEOUTERBOUND(#2503, .T.);
#2507 = IFCFACE((#2506));
#2508 = IFCPOLYLOOP((#2418, #2504, #2509));
#2509 = IFCCARTESIANPOINT((-6.62844161987305E-2, -6.43707397460938E-1, 3.50226623535156E-1));
#2510 = IFCFACEOUTERBOUND(#2508, .T.);
#2511 = IFCFACE((#2510));
#2512 = IFCPOLYLOOP((#2513, #2418, #2509));
#2513 = IFCCARTESIANPOINT((-7.93410034179688E-2, -6.34712219238281E-1, 3.34614318847656E-1));
#2514 = IFCFACEOUTERBOUND(#2512, .T.);
#2515 = IFCFACE((#2514));
#2516 = IFCPOLYLOOP((#2425, #2513, #2517));
#2517 = IFCCARTESIANPOINT((-9.52189178466797E-2, -6.32944946289063E-1, 3.49837219238281E-1));
#2518 = IFCFACEOUTERBOUND(#2516, .T.);
#2519 = IFCFACE((#2518));
#2520 = IFCPOLYLOOP((#2451, #2425, #2521));
#2521 = IFCCARTESIANPOINT((-1.0901676940918E-1, -6.26200439453125E-1, 3.51451751708984E-1));
#2522 = IFCFACEOUTERBOUND(#2520, .T.);
#2523 = IFCFACE((#2522));
#2524 = IFCPOLYLOOP((#2450, #2451, #2521));
#2525 = IFCFACEOUTERBOUND(#2524, .T.);
#2526 = IFCFACE((#2525));
#2527 = IFCPOLYLOOP((#2528, #2371, #2450));
#2528 = IFCCARTESIANPOINT((-1.28069641113281E-1, -6.13060974121094E-1, 3.51169067382813E-1));
#2529 = IFCFACEOUTERBOUND(#2527, .T.);
#2530 = IFCFACE((#2529));
#2531 = IFCPOLYLOOP((#2532, #2476, #2472));
#2532 = IFCCARTESIANPOINT((-1.67567413330078E-1, -5.58517883300781E-1, 3.63160766601563E-1));
#2533 = IFCFACEOUTERBOUND(#2531, .T.);
#2534 = IFCFACE((#2533));
#2535 = IFCPOLYLOOP((#1352, #2536, #2446));
#2536 = IFCCARTESIANPOINT((-1.77221084594727E-1, -3.20695983886719E-1, 3.37078643798828E-1));
#2537 = IFCFACEOUTERBOUND(#2535, .T.);
#2538 = IFCFACE((#2537));
#2539 = IFCPOLYLOOP((#2500, #2540, #2541));
#2540 = IFCCARTESIANPOINT((2.15259024116676E-8, -6.5198828125E-1, 3.46416564941406E-1));
#2541 = IFCCARTESIANPOINT((-6.18708801269531E-3, -6.55278381347656E-1, 3.60325653076172E-1));
#2542 = IFCFACEOUTERBOUND(#2539, .T.);
#2543 = IFCFACE((#2542));
#2544 = IFCPOLYLOOP((#2545, #2437, #2433));
#2545 = IFCCARTESIANPOINT((-1.74393997192383E-1, -5.21170349121094E-1, 3.61971343994141E-1));
#2546 = IFCFACEOUTERBOUND(#2544, .T.);
#2547 = IFCFACE((#2546));
#2548 = IFCPOLYLOOP((#2549, #2484, #2437));
#2549 = IFCCARTESIANPOINT((-1.76264373779297E-1, -5.04966613769531E-1, 3.681201171875E-1));
#2550 = IFCFACEOUTERBOUND(#2548, .T.);
#2551 = IFCFACE((#2550));
#2552 = IFCPOLYLOOP((#2493, #2553, #2401));
#2553 = IFCCARTESIANPOINT((-1.80050567626953E-1, -3.76969421386719E-1, 3.89411376953125E-1));
#2554 = IFCFACEOUTERBOUND(#2552, .T.);
#2555 = IFCFACE((#2554));
#2556 = IFCPOLYLOOP((#1352, #2446, #1398));
#2557 = IFCFACEOUTERBOUND(#2556, .T.);
#2558 = IFCFACE((#2557));
#2559 = IFCPOLYLOOP((#2560, #2505, #2561));
#2560 = IFCCARTESIANPOINT((-3.74066047668457E-2, -6.54736511230469E-1, 3.70934753417969E-1));
#2561 = IFCCARTESIANPOINT((-1.93674468994141E-2, -6.54567321777344E-1, 3.6037890625E-1));
#2562 = IFCFACEOUTERBOUND(#2559, .T.);
#2563 = IFCFACE((#2562));
#2564 = IFCPOLYLOOP((#2565, #2505, #2560));
#2565 = IFCCARTESIANPOINT((-5.15496215820313E-2, -6.47528137207031E-1, 3.50895080566406E-1));
#2566 = IFCFACEOUTERBOUND(#2564, .T.);
#2567 = IFCFACE((#2566));
#2568 = IFCPOLYLOOP((#2509, #2565, #2569));
#2569 = IFCCARTESIANPOINT((-5.30546722412109E-2, -6.51751159667969E-1, 3.70690979003906E-1));
#2570 = IFCFACEOUTERBOUND(#2568, .T.);
#2571 = IFCFACE((#2570));
#2572 = IFCPOLYLOOP((#2573, #2509, #2574));
#2573 = IFCCARTESIANPOINT((-8.1098030090332E-2, -6.39035034179688E-1, 3.51120483398438E-1));
#2574 = IFCCARTESIANPOINT((-6.85148620605469E-2, -6.47875854492188E-1, 3.70340423583984E-1));
#2575 = IFCFACEOUTERBOUND(#2572, .T.);
#2576 = IFCFACE((#2575));
#2577 = IFCPOLYLOOP((#2517, #2573, #2578));
#2578 = IFCCARTESIANPOINT((-9.86292343139648E-2, -6.36709228515625E-1, 3.70263031005859E-1));
#2579 = IFCFACEOUTERBOUND(#2577, .T.);
#2580 = IFCFACE((#2579));
#2581 = IFCPOLYLOOP((#2521, #2517, #2578));
#2582 = IFCFACEOUTERBOUND(#2581, .T.);
#2583 = IFCFACE((#2582));
#2584 = IFCPOLYLOOP((#2450, #2521, #2585));
#2585 = IFCCARTESIANPOINT((-1.21405006408691E-1, -6.2422509765625E-1, 3.72154174804688E-1));
#2586 = IFCFACEOUTERBOUND(#2584, .T.);
#2587 = IFCFACE((#2586));
#2588 = IFCPOLYLOOP((#2589, #2528, #2450));
#2589 = IFCCARTESIANPOINT((-1.29476409912109E-1, -6.17409973144531E-1, 3.69112274169922E-1));
#2590 = IFCFACEOUTERBOUND(#2588, .T.);
#2591 = IFCFACE((#2590));
#2592 = IFCPOLYLOOP((#2593, #2594, #2455));
#2593 = IFCCARTESIANPOINT((-1.37534515380859E-1, -6.11482849121094E-1, 3.72804840087891E-1));
#2594 = IFCCARTESIANPOINT((-1.44978637695313E-1, -6.02679504394531E-1, 3.69528839111328E-1));
#2595 = IFCFACEOUTERBOUND(#2592, .T.);
#2596 = IFCFACE((#2595));
#2597 = IFCPOLYLOOP((#2594, #2456, #2455));
#2598 = IFCFACEOUTERBOUND(#2597, .T.);
#2599 = IFCFACE((#2598));
#2600 = IFCPOLYLOOP((#2456, #2594, #2460));
#2601 = IFCFACEOUTERBOUND(#2600, .T.);
#2602 = IFCFACE((#2601));
#2603 = IFCPOLYLOOP((#2460, #2604, #2605));
#2604 = IFCCARTESIANPOINT((-1.51388031005859E-1, -5.9487646484375E-1, 3.70357482910156E-1));
#2605 = IFCCARTESIANPOINT((-1.58126281738281E-1, -5.8445947265625E-1, 3.70703704833984E-1));
#2606 = IFCFACEOUTERBOUND(#2603, .T.);
#2607 = IFCFACE((#2606));
#2608 = IFCPOLYLOOP((#2464, #2605, #2609));
#2609 = IFCCARTESIANPOINT((-1.63717575073242E-1, -5.72609558105469E-1, 3.70202514648438E-1));
#2610 = IFCFACEOUTERBOUND(#2608, .T.);
#2611 = IFCFACE((#2610));
#2612 = IFCPOLYLOOP((#2609, #2532, #2471));
#2613 = IFCFACEOUTERBOUND(#2612, .T.);
#2614 = IFCFACE((#2613));
#2615 = IFCPOLYLOOP((#2616, #2476, #2532));
#2616 = IFCCARTESIANPOINT((-1.70777618408203E-1, -5.49140380859375E-1, 3.68987060546875E-1));
#2617 = IFCFACEOUTERBOUND(#2615, .T.);
#2618 = IFCFACE((#2617));
#2619 = IFCPOLYLOOP((#2620, #2545, #2476));
#2620 = IFCCARTESIANPOINT((-1.73090621948242E-1, -5.40149108886719E-1, 3.73830749511719E-1));
#2621 = IFCFACEOUTERBOUND(#2619, .T.);
#2622 = IFCFACE((#2621));
#2623 = IFCPOLYLOOP((#2624, #2485, #2484));
#2624 = IFCCARTESIANPOINT((-1.78704925537109E-1, -4.50600433349609E-1, 3.73369964599609E-1));
#2625 = IFCFACEOUTERBOUND(#2623, .T.);
#2626 = IFCFACE((#2625));
#2627 = IFCPOLYLOOP((#2485, #2624, #2492));
#2628 = IFCFACEOUTERBOUND(#2627, .T.);
#2629 = IFCFACE((#2628));
#2630 = IFCPOLYLOOP((#2561, #2541, #2631));
#2631 = IFCCARTESIANPOINT((-4.35730266571045E-3, -6.57953735351563E-1, 3.73645538330078E-1));
#2632 = IFCFACEOUTERBOUND(#2630, .T.);
#2633 = IFCFACE((#2632));
#2634 = IFCPOLYLOOP((#1535, #2545, #2620));
#2635 = IFCFACEOUTERBOUND(#2634, .T.);
#2636 = IFCFACE((#2635));
#2637 = IFCPOLYLOOP((#1540, #2484, #2549));
#2638 = IFCFACEOUTERBOUND(#2637, .T.);
#2639 = IFCFACE((#2638));
#2640 = IFCPOLYLOOP((#2641, #1701, #2642));
#2641 = IFCCARTESIANPOINT((-2.33337625861168E-4, -5.79239440917969E-1, 2.03680877685547E-1));
#2642 = IFCCARTESIANPOINT((4.18725043535233E-4, -5.66049865722656E-1, 1.88222045898438E-1));
#2643 = IFCFACEOUTERBOUND(#2640, .T.);
#2644 = IFCFACE((#2643));
#2645 = IFCPOLYLOOP((#2646, #1824, #2641));
#2646 = IFCCARTESIANPOINT((4.62401580810547E-3, -5.92937561035156E-1, 2.21673751831055E-1));
#2647 = IFCFACEOUTERBOUND(#2645, .T.);
#2648 = IFCFACE((#2647));
#2649 = IFCPOLYLOOP((#2008, #2007, #2650));
#2650 = IFCCARTESIANPOINT((4.43423509597778E-3, -6.01569763183594E-1, 2.34313873291016E-1));
#2651 = IFCFACEOUTERBOUND(#2649, .T.);
#2652 = IFCFACE((#2651));
#2653 = IFCPOLYLOOP((#2646, #2650, #2654));
#2654 = IFCCARTESIANPOINT((-1.05437059402466E-2, -5.98458801269531E-1, 2.29928588867188E-1));
#2655 = IFCFACEOUTERBOUND(#2653, .T.);
#2656 = IFCFACE((#2655));
#2657 = IFCPOLYLOOP((#2658, #2047, #2008));
#2658 = IFCCARTESIANPOINT((4.96575975418091E-3, -6.23499267578125E-1, 2.71918060302734E-1));
#2659 = IFCFACEOUTERBOUND(#2657, .T.);
#2660 = IFCFACE((#2659));
#2661 = IFCPOLYLOOP((#2540, #2500, #2406));
#2662 = IFCFACEOUTERBOUND(#2661, .T.);
#2663 = IFCFACE((#2662));
#2664 = IFCPOLYLOOP((#1824, #1701, #2641));
#2665 = IFCFACEOUTERBOUND(#2664, .T.);
#2666 = IFCFACE((#2665));
#2667 = IFCPOLYLOOP((#2654, #1785, #1824));
#2668 = IFCFACEOUTERBOUND(#2667, .T.);
#2669 = IFCFACE((#2668));
#2670 = IFCPOLYLOOP((#2658, #2671, #2125));
#2671 = IFCCARTESIANPOINT((-5.19229507446289E-3, -6.32574645996094E-1, 2.91263610839844E-1));
#2672 = IFCFACEOUTERBOUND(#2670, .T.);
#2673 = IFCFACE((#2672));
#2674 = IFCPOLYLOOP((#2319, #2671, #2675));
#2675 = IFCCARTESIANPOINT((4.3193551391596E-8, -6.38109985351563E-1, 3.04427429199219E-1));
#2676 = IFCFACEOUTERBOUND(#2674, .T.);
#2677 = IFCFACE((#2676));
#2678 = IFCPOLYLOOP((#2319, #2675, #2406));
#2679 = IFCFACEOUTERBOUND(#2678, .T.);
#2680 = IFCFACE((#2679));
#2681 = IFCPOLYLOOP((#2631, #1664, #2682));
#2682 = IFCCARTESIANPOINT((-2.08553867340088E-2, -6.59561157226563E-1, 3.89404418945313E-1));
#2683 = IFCFACEOUTERBOUND(#2681, .T.);
#2684 = IFCFACE((#2683));
#2685 = IFCPOLYLOOP((#2682, #1463, #2686));
#2686 = IFCCARTESIANPOINT((-2.10341415405273E-2, -6.57561096191406E-1, 3.76772064208984E-1));
#2687 = IFCFACEOUTERBOUND(#2685, .T.);
#2688 = IFCFACE((#2687));
#2689 = IFCPOLYLOOP((#1463, #1468, #2569));
#2690 = IFCFACEOUTERBOUND(#2689, .T.);
#2691 = IFCFACE((#2690));
#2692 = IFCPOLYLOOP((#1468, #1516, #2574));
#2693 = IFCFACEOUTERBOUND(#2692, .T.);
#2694 = IFCFACE((#2693));
#2695 = IFCPOLYLOOP((#2574, #1516, #1521));
#2696 = IFCFACEOUTERBOUND(#2695, .T.);
#2697 = IFCFACE((#2696));
#2698 = IFCPOLYLOOP((#1525, #2699, #2578));
#2699 = IFCCARTESIANPOINT((-1.02187866210938E-1, -6.38801879882813E-1, 3.89261840820313E-1));
#2700 = IFCFACEOUTERBOUND(#2698, .T.);
#2701 = IFCFACE((#2700));
#2702 = IFCPOLYLOOP((#2703, #1742, #2704));
#2703 = IFCCARTESIANPOINT((-1.14651008605957E-1, -4.99317687988281E-1, 1.73295181274414E-1));
#2704 = IFCCARTESIANPOINT((-1.22963493347168E-1, -5.05610687255859E-1, 1.89212875366211E-1));
#2705 = IFCFACEOUTERBOUND(#2702, .T.);
#2706 = IFCFACE((#2705));
#2707 = IFCPOLYLOOP((#2708, #2709, #1751));
#2708 = IFCCARTESIANPOINT((-1.2168807220459E-1, -4.67252624511719E-1, 1.68540420532227E-1));
#2709 = IFCCARTESIANPOINT((-1.19535293579102E-1, -4.78632537841797E-1, 1.68862045288086E-1));
#2710 = IFCFACEOUTERBOUND(#2707, .T.);
#2711 = IFCFACE((#2710));
#2712 = IFCPOLYLOOP((#1751, #1757, #2713));
#2713 = IFCCARTESIANPOINT((-1.25008987426758E-1, -4.57390472412109E-1, 1.72534896850586E-1));
#2714 = IFCFACEOUTERBOUND(#2712, .T.);
#2715 = IFCFACE((#2714));
#2716 = IFCPOLYLOOP((#2717, #1770, #2718));
#2717 = IFCCARTESIANPOINT((-1.26276298522949E-1, -4.27459838867188E-1, 1.72597991943359E-1));
#2718 = IFCCARTESIANPOINT((-1.26048164367676E-1, -3.90952331542969E-1, 1.72521728515625E-1));
#2719 = IFCFACEOUTERBOUND(#2716, .T.);
#2720 = IFCFACE((#2719));
#2721 = IFCPOLYLOOP((#1757, #1762, #2717));
#2722 = IFCFACEOUTERBOUND(#2721, .T.);
#2723 = IFCFACE((#2722));
#2724 = IFCPOLYLOOP((#1752, #2709, #2725));
#2725 = IFCCARTESIANPOINT((-1.19904739379883E-1, -4.89522827148438E-1, 1.75177124023438E-1));
#2726 = IFCFACEOUTERBOUND(#2724, .T.);
#2727 = IFCFACE((#2726));
#2728 = IFCPOLYLOOP((#1752, #2725, #2704));
#2729 = IFCFACEOUTERBOUND(#2728, .T.);
#2730 = IFCFACE((#2729));
#2731 = IFCPOLYLOOP((#1751, #2709, #1752));
#2732 = IFCFACEOUTERBOUND(#2731, .T.);
#2733 = IFCFACE((#2732));
#2734 = IFCPOLYLOOP((#1762, #1770, #2717));
#2735 = IFCFACEOUTERBOUND(#2734, .T.);
#2736 = IFCFACE((#2735));
#2737 = IFCPOLYLOOP((#2718, #1774, #2738));
#2738 = IFCCARTESIANPOINT((-1.2596875E-1, -3.5472265625E-1, 1.73589813232422E-1));
#2739 = IFCFACEOUTERBOUND(#2737, .T.);
#2740 = IFCFACE((#2739));
#2741 = IFCPOLYLOOP((#2738, #1778, #2742));
#2742 = IFCCARTESIANPOINT((-1.35800994873047E-1, -3.22920074462891E-1, 1.94693252563477E-1));
#2743 = IFCFACEOUTERBOUND(#2741, .T.);
#2744 = IFCFACE((#2743));
#2745 = IFCPOLYLOOP((#2718, #1770, #1774));
#2746 = IFCFACEOUTERBOUND(#2745, .T.);
#2747 = IFCFACE((#2746));
#2748 = IFCPOLYLOOP((#1337, #2742, #1780));
#2749 = IFCFACEOUTERBOUND(#2748, .T.);
#2750 = IFCFACE((#2749));
#2751 = IFCPOLYLOOP((#1337, #1336, #2742));
#2752 = IFCFACEOUTERBOUND(#2751, .T.);
#2753 = IFCFACE((#2752));
#2754 = IFCPOLYLOOP((#1214, #1341, #1820));
#2755 = IFCFACEOUTERBOUND(#2754, .T.);
#2756 = IFCFACE((#2755));
#2757 = IFCPOLYLOOP((#1235, #1214, #1927));
#2758 = IFCFACEOUTERBOUND(#2757, .T.);
#2759 = IFCFACE((#2758));
#2760 = IFCPOLYLOOP((#2761, #2102, #1236));
#2761 = IFCCARTESIANPOINT((-1.62608612060547E-1, -3.14026458740234E-1, 2.61066925048828E-1));
#2762 = IFCFACEOUTERBOUND(#2760, .T.);
#2763 = IFCFACE((#2762));
#2764 = IFCPOLYLOOP((#1252, #1236, #2222));
#2765 = IFCFACEOUTERBOUND(#2764, .T.);
#2766 = IFCFACE((#2765));
#2767 = IFCPOLYLOOP((#2536, #1352, #1295));
#2768 = IFCFACEOUTERBOUND(#2767, .T.);
#2769 = IFCFACE((#2768));
#2770 = IFCPOLYLOOP((#2278, #2771, #2222));
#2771 = IFCCARTESIANPOINT((-1.74835571289063E-1, -2.98834564208984E-1, 3.24068695068359E-1));
#2772 = IFCFACEOUTERBOUND(#2770, .T.);
#2773 = IFCFACE((#2772));
#2774 = IFCPOLYLOOP((#2578, #2699, #2775));
#2775 = IFCCARTESIANPOINT((-1.12604507446289E-1, -6.296474609375E-1, 3.71622985839844E-1));
#2776 = IFCFACEOUTERBOUND(#2774, .T.);
#2777 = IFCFACE((#2776));
#2778 = IFCPOLYLOOP((#1474, #2585, #2775));
#2779 = IFCFACEOUTERBOUND(#2778, .T.);
#2780 = IFCFACE((#2779));
#2781 = IFCPOLYLOOP((#2585, #1474, #1473));
#2782 = IFCFACEOUTERBOUND(#2781, .T.);
#2783 = IFCFACE((#2782));
#2784 = IFCPOLYLOOP((#2593, #1473, #1479));
#2785 = IFCFACEOUTERBOUND(#2784, .T.);
#2786 = IFCFACE((#2785));
#2787 = IFCPOLYLOOP((#2594, #2593, #1479));
#2788 = IFCFACEOUTERBOUND(#2787, .T.);
#2789 = IFCFACE((#2788));
#2790 = IFCPOLYLOOP((#1487, #1492, #2605));
#2791 = IFCFACEOUTERBOUND(#2790, .T.);
#2792 = IFCFACE((#2791));
#2793 = IFCPOLYLOOP((#1492, #1501, #2609));
#2794 = IFCFACEOUTERBOUND(#2793, .T.);
#2795 = IFCFACE((#2794));
#2796 = IFCPOLYLOOP((#2532, #2609, #1500));
#2797 = IFCFACEOUTERBOUND(#2796, .T.);
#2798 = IFCFACE((#2797));
#2799 = IFCPOLYLOOP((#1483, #1487, #2604));
#2800 = IFCFACEOUTERBOUND(#2799, .T.);
#2801 = IFCFACE((#2800));
#2802 = IFCPOLYLOOP((#2803, #1521, #1525));
#2803 = IFCCARTESIANPOINT((-8.35364608764648E-2, -6.43009765625E-1, 3.70854858398438E-1));
#2804 = IFCFACEOUTERBOUND(#2802, .T.);
#2805 = IFCFACE((#2804));
#2806 = IFCPOLYLOOP((#2532, #1500, #2616));
#2807 = IFCFACEOUTERBOUND(#2806, .T.);
#2808 = IFCFACE((#2807));
#2809 = IFCPOLYLOOP((#1500, #1507, #2616));
#2810 = IFCFACEOUTERBOUND(#2809, .T.);
#2811 = IFCFACE((#2810));
#2812 = IFCPOLYLOOP((#1535, #2620, #1507));
#2813 = IFCFACEOUTERBOUND(#2812, .T.);
#2814 = IFCFACE((#2813));
#2815 = IFCPOLYLOOP((#2624, #1540, #1544));
#2816 = IFCFACEOUTERBOUND(#2815, .T.);
#2817 = IFCFACE((#2816));
#2818 = IFCPOLYLOOP((#2493, #2624, #1544));
#2819 = IFCFACEOUTERBOUND(#2818, .T.);
#2820 = IFCFACE((#2819));
#2821 = IFCPOLYLOOP((#1553, #1398, #2822));
#2822 = IFCCARTESIANPOINT((-1.79601089477539E-1, -3.54399444580078E-1, 3.66147888183594E-1));
#2823 = IFCFACEOUTERBOUND(#2821, .T.);
#2824 = IFCFACE((#2823));
#2825 = IFCPOLYLOOP((#2549, #2545, #1535));
#2826 = IFCFACEOUTERBOUND(#2825, .T.);
#2827 = IFCFACE((#2826));
#2828 = IFCPOLYLOOP((#1376, #1398, #1553));
#2829 = IFCFACEOUTERBOUND(#2828, .T.);
#2830 = IFCFACE((#2829));
#2831 = IFCPOLYLOOP((#2553, #1553, #2822));
#2832 = IFCFACEOUTERBOUND(#2831, .T.);
#2833 = IFCFACE((#2832));
#2834 = IFCPOLYLOOP((#2493, #1544, #2553));
#2835 = IFCFACEOUTERBOUND(#2834, .T.);
#2836 = IFCFACE((#2835));
#2837 = IFCPOLYLOOP((#2838, #2839, #2840));
#2838 = IFCCARTESIANPOINT((1.66564880371094E-1, -2.2389567565918E-1, 3.94403381347656E-1));
#2839 = IFCCARTESIANPOINT((1.70424652099609E-1, -2.3056086730957E-1, 3.90622955322266E-1));
#2840 = IFCCARTESIANPOINT((1.65456344604492E-1, -2.19359512329102E-1, 3.90825103759766E-1));
#2841 = IFCFACEOUTERBOUND(#2837, .T.);
#2842 = IFCFACE((#2841));
#2843 = IFCPOLYLOOP((#2844, #2845, #2846));
#2844 = IFCCARTESIANPOINT((1.77509536743164E-1, -2.77843627929688E-1, 3.94496215820313E-1));
#2845 = IFCCARTESIANPOINT((1.78413772583008E-1, -2.75843353271484E-1, 3.91075531005859E-1));
#2846 = IFCCARTESIANPOINT((1.75885833740234E-1, -2.54386581420898E-1, 3.94106842041016E-1));
#2847 = IFCFACEOUTERBOUND(#2843, .T.);
#2848 = IFCFACE((#2847));
#2849 = IFCPOLYLOOP((#2850, #2846, #2851));
#2850 = IFCCARTESIANPOINT((1.72353637695313E-1, -2.5598258972168E-1, 3.98616790771484E-1));
#2851 = IFCCARTESIANPOINT((1.70708633422852E-1, -2.35908142089844E-1, 3.95739166259766E-1));
#2852 = IFCFACEOUTERBOUND(#2849, .T.);
#2853 = IFCFACE((#2852));
#2854 = IFCPOLYLOOP((#2855, #2846, #2850));
#2855 = IFCCARTESIANPOINT((1.74606430053711E-1, -2.68437622070313E-1, 3.97691497802734E-1));
#2856 = IFCFACEOUTERBOUND(#2854, .T.);
#2857 = IFCFACE((#2856));
#2858 = IFCPOLYLOOP((#2859, #2851, #2860));
#2859 = IFCCARTESIANPOINT((1.65848693847656E-1, -2.33881164550781E-1, 3.990029296875E-1));
#2860 = IFCCARTESIANPOINT((1.60812301635742E-1, -2.14988677978516E-1, 3.96462463378906E-1));
#2861 = IFCFACEOUTERBOUND(#2858, .T.);
#2862 = IFCFACE((#2861));
#2863 = IFCPOLYLOOP((#2864, #2855, #2850));
#2864 = IFCCARTESIANPOINT((1.74613494873047E-1, -3.32119720458984E-1, 3.98896881103516E-1));
#2865 = IFCFACEOUTERBOUND(#2863, .T.);
#2866 = IFCFACE((#2865));
#2867 = IFCPOLYLOOP((#2868, #2859, #2869));
#2868 = IFCCARTESIANPOINT((1.56600708007813E-1, -2.20727554321289E-1, 3.99961975097656E-1));
#2869 = IFCCARTESIANPOINT((1.57861404418945E-1, -2.15433410644531E-1, 3.98745025634766E-1));
#2870 = IFCFACEOUTERBOUND(#2867, .T.);
#2871 = IFCFACE((#2870));
#2872 = IFCPOLYLOOP((#2873, #2850, #2859));
#2873 = IFCCARTESIANPOINT((1.6875520324707E-1, -2.55442764282227E-1, 3.99998596191406E-1));
#2874 = IFCFACEOUTERBOUND(#2872, .T.);
#2875 = IFCFACE((#2874));
#2876 = IFCPOLYLOOP((#2873, #2864, #2850));
#2877 = IFCFACEOUTERBOUND(#2876, .T.);
#2878 = IFCFACE((#2877));
#2879 = IFCPOLYLOOP((#2880, #2881, #2882));
#2880 = IFCCARTESIANPOINT((1.4023942565918E-1, -2.75591979980469E-1, 2.10439544677734E-1));
#2881 = IFCCARTESIANPOINT((1.39683746337891E-1, -2.60959350585938E-1, 2.13212707519531E-1));
#2882 = IFCCARTESIANPOINT((1.49339385986328E-1, -2.71404418945313E-1, 2.33000793457031E-1));
#2883 = IFCFACEOUTERBOUND(#2879, .T.);
#2884 = IFCFACE((#2883));
#2885 = IFCPOLYLOOP((#2886, #2887, #2888));
#2886 = IFCCARTESIANPOINT((1.58745574951172E-1, -2.86332427978516E-1, 2.55186233520508E-1));
#2887 = IFCCARTESIANPOINT((1.52556838989258E-1, -2.89066467285156E-1, 2.36843841552734E-1));
#2888 = IFCCARTESIANPOINT((1.56324905395508E-1, -2.70195617675781E-1, 2.53198638916016E-1));
#2889 = IFCFACEOUTERBOUND(#2885, .T.);
#2890 = IFCFACE((#2889));
#2891 = IFCPOLYLOOP((#2892, #2893, #2886));
#2892 = IFCCARTESIANPOINT((1.61106506347656E-1, -2.68361419677734E-1, 2.69706085205078E-1));
#2893 = IFCCARTESIANPOINT((1.64487091064453E-1, -2.8885986328125E-1, 2.74229125976563E-1));
#2894 = IFCFACEOUTERBOUND(#2891, .T.);
#2895 = IFCFACE((#2894));
#2896 = IFCPOLYLOOP((#2897, #2898, #2893));
#2897 = IFCCARTESIANPOINT((1.65332412719727E-1, -2.68373016357422E-1, 2.86074981689453E-1));
#2898 = IFCCARTESIANPOINT((1.67347915649414E-1, -2.87988983154297E-1, 2.86341339111328E-1));
#2899 = IFCFACEOUTERBOUND(#2896, .T.);
#2900 = IFCFACE((#2899));
#2901 = IFCPOLYLOOP((#2902, #2903, #2904));
#2902 = IFCCARTESIANPOINT((1.71790878295898E-1, -2.67848419189453E-1, 3.19614440917969E-1));
#2903 = IFCCARTESIANPOINT((1.72880477905273E-1, -2.88873809814453E-1, 3.14860168457031E-1));
#2904 = IFCCARTESIANPOINT((1.69407531738281E-1, -2.71008270263672E-1, 3.03750793457031E-1));
#2905 = IFCFACEOUTERBOUND(#2901, .T.);
#2906 = IFCFACE((#2905));
#2907 = IFCPOLYLOOP((#2908, #2909, #2910));
#2908 = IFCCARTESIANPOINT((1.75729919433594E-1, -2.67369537353516E-1, 3.51982025146484E-1));
#2909 = IFCCARTESIANPOINT((1.76793502807617E-1, -2.91082092285156E-1, 3.46163513183594E-1));
#2910 = IFCCARTESIANPOINT((1.74275039672852E-1, -2.69395965576172E-1, 3.36364837646484E-1));
#2911 = IFCFACEOUTERBOUND(#2907, .T.);
#2912 = IFCFACE((#2911));
#2913 = IFCPOLYLOOP((#2914, #2909, #2908));
#2914 = IFCCARTESIANPOINT((1.78190780639648E-1, -2.87215911865234E-1, 3.69723510742188E-1));
#2915 = IFCFACEOUTERBOUND(#2913, .T.);
#2916 = IFCFACE((#2915));
#2917 = IFCPOLYLOOP((#2880, #2918, #2881));
#2918 = IFCCARTESIANPOINT((1.27918441772461E-1, -2.695556640625E-1, 1.86034042358398E-1));
#2919 = IFCFACEOUTERBOUND(#2917, .T.);
#2920 = IFCFACE((#2919));
#2921 = IFCPOLYLOOP((#2922, #2882, #2881));
#2922 = IFCCARTESIANPOINT((1.42957916259766E-1, -2.53534240722656E-1, 2.23574508666992E-1));
#2923 = IFCFACEOUTERBOUND(#2921, .T.);
#2924 = IFCFACE((#2923));
#2925 = IFCPOLYLOOP((#2922, #2926, #2927));
#2926 = IFCCARTESIANPOINT((1.46120254516602E-1, -2.40232879638672E-1, 2.39305770874023E-1));
#2927 = IFCCARTESIANPOINT((1.51137008666992E-1, -2.57540008544922E-1, 2.43183135986328E-1));
#2928 = IFCFACEOUTERBOUND(#2925, .T.);
#2929 = IFCFACE((#2928));
#2930 = IFCPOLYLOOP((#2931, #2888, #2927));
#2931 = IFCCARTESIANPOINT((1.5644075012207E-1, -2.54763458251953E-1, 2.60885101318359E-1));
#2932 = IFCFACEOUTERBOUND(#2930, .T.);
#2933 = IFCFACE((#2932));
#2934 = IFCPOLYLOOP((#2935, #2892, #2931));
#2935 = IFCCARTESIANPOINT((1.62673416137695E-1, -2.53133163452148E-1, 2.84685363769531E-1));
#2936 = IFCFACEOUTERBOUND(#2934, .T.);
#2937 = IFCFACE((#2936));
#2938 = IFCPOLYLOOP((#2904, #2897, #2939));
#2939 = IFCCARTESIANPOINT((1.66675857543945E-1, -2.52508911132813E-1, 3.03614959716797E-1));
#2940 = IFCFACEOUTERBOUND(#2938, .T.);
#2941 = IFCFACE((#2940));
#2942 = IFCPOLYLOOP((#2943, #2902, #2939));
#2943 = IFCCARTESIANPOINT((1.71729507446289E-1, -2.56645324707031E-1, 3.29035705566406E-1));
#2944 = IFCFACEOUTERBOUND(#2942, .T.);
#2945 = IFCFACE((#2944));
#2946 = IFCPOLYLOOP((#2908, #2910, #2947));
#2947 = IFCCARTESIANPOINT((1.74622329711914E-1, -2.57964599609375E-1, 3.52270599365234E-1));
#2948 = IFCFACEOUTERBOUND(#2946, .T.);
#2949 = IFCFACE((#2948));
#2950 = IFCPOLYLOOP((#2951, #2908, #2947));
#2951 = IFCCARTESIANPOINT((1.77145324707031E-1, -2.66554992675781E-1, 3.7200390625E-1));
#2952 = IFCFACEOUTERBOUND(#2950, .T.);
#2953 = IFCFACE((#2952));
#2954 = IFCPOLYLOOP((#2922, #2881, #2955));
#2955 = IFCCARTESIANPOINT((1.29336959838867E-1, -2.42509002685547E-1, 1.97067260742188E-1));
#2956 = IFCFACEOUTERBOUND(#2954, .T.);
#2957 = IFCFACE((#2956));
#2958 = IFCPOLYLOOP((#2939, #2959, #2960));
#2959 = IFCCARTESIANPOINT((1.63498596191406E-1, -2.37366424560547E-1, 3.07382507324219E-1));
#2960 = IFCCARTESIANPOINT((1.69809524536133E-1, -2.45778915405273E-1, 3.30485382080078E-1));
#2961 = IFCFACEOUTERBOUND(#2958, .T.);
#2962 = IFCFACE((#2961));
#2963 = IFCPOLYLOOP((#2947, #2943, #2964));
#2964 = IFCCARTESIANPOINT((1.73026840209961E-1, -2.48842849731445E-1, 3.51887603759766E-1));
#2965 = IFCFACEOUTERBOUND(#2963, .T.);
#2966 = IFCFACE((#2965));
#2967 = IFCPOLYLOOP((#2931, #2927, #2968));
#2968 = IFCCARTESIANPOINT((1.53800628662109E-1, -2.39278091430664E-1, 2.64085357666016E-1));
#2969 = IFCFACEOUTERBOUND(#2967, .T.);
#2970 = IFCFACE((#2969));
#2971 = IFCPOLYLOOP((#2964, #2972, #2973));
#2972 = IFCCARTESIANPOINT((1.70833526611328E-1, -2.39657012939453E-1, 3.53325714111328E-1));
#2973 = IFCCARTESIANPOINT((1.73129257202148E-1, -2.41688140869141E-1, 3.72819702148438E-1));
#2974 = IFCFACEOUTERBOUND(#2971, .T.);
#2975 = IFCFACE((#2974));
#2976 = IFCPOLYLOOP((#2935, #2931, #2968));
#2977 = IFCFACEOUTERBOUND(#2976, .T.);
#2978 = IFCFACE((#2977));
#2979 = IFCPOLYLOOP((#2939, #2935, #2980));
#2980 = IFCCARTESIANPOINT((1.59221099853516E-1, -2.37844329833984E-1, 2.86528991699219E-1));
#2981 = IFCFACEOUTERBOUND(#2979, .T.);
#2982 = IFCFACE((#2981));
#2983 = IFCPOLYLOOP((#2972, #2964, #2960));
#2984 = IFCFACEOUTERBOUND(#2983, .T.);
#2985 = IFCFACE((#2984));
#2986 = IFCPOLYLOOP((#2987, #2960, #2959));
#2987 = IFCCARTESIANPOINT((1.65360458374023E-1, -2.3107014465332E-1, 3.30720153808594E-1));
#2988 = IFCFACEOUTERBOUND(#2986, .T.);
#2989 = IFCFACE((#2988));
#2990 = IFCPOLYLOOP((#2972, #2960, #2987));
#2991 = IFCFACEOUTERBOUND(#2990, .T.);
#2992 = IFCFACE((#2991));
#2993 = IFCPOLYLOOP((#2973, #2972, #2994));
#2994 = IFCCARTESIANPOINT((1.69272933959961E-1, -2.29970825195313E-1, 3.72550079345703E-1));
#2995 = IFCFACEOUTERBOUND(#2993, .T.);
#2996 = IFCFACE((#2995));
#2997 = IFCPOLYLOOP((#2998, #2926, #2999));
#2998 = IFCCARTESIANPOINT((1.443076171875E-1, -2.25512680053711E-1, 2.47743316650391E-1));
#2999 = IFCCARTESIANPOINT((1.31672424316406E-1, -2.18916381835938E-1, 2.17160659790039E-1));
#3000 = IFCFACEOUTERBOUND(#2997, .T.);
#3001 = IFCFACE((#3000));
#3002 = IFCPOLYLOOP((#3003, #2968, #2998));
#3003 = IFCCARTESIANPOINT((1.47075073242188E-1, -2.2068766784668E-1, 2.62894012451172E-1));
#3004 = IFCFACEOUTERBOUND(#3002, .T.);
#3005 = IFCFACE((#3004));
#3006 = IFCPOLYLOOP((#3003, #3007, #3008));
#3007 = IFCCARTESIANPOINT((1.48540664672852E-1, -2.13510238647461E-1, 2.80947357177734E-1));
#3008 = IFCCARTESIANPOINT((1.5557746887207E-1, -2.28080276489258E-1, 2.84879547119141E-1));
#3009 = IFCFACEOUTERBOUND(#3006, .T.);
#3010 = IFCFACE((#3009));
#3011 = IFCPOLYLOOP((#2959, #2980, #3012));
#3012 = IFCCARTESIANPOINT((1.57575454711914E-1, -2.22054092407227E-1, 3.05597930908203E-1));
#3013 = IFCFACEOUTERBOUND(#3011, .T.);
#3014 = IFCFACE((#3013));
#3015 = IFCPOLYLOOP((#2987, #2959, #3016));
#3016 = IFCCARTESIANPOINT((1.60840576171875E-1, -2.22264007568359E-1, 3.24869018554688E-1));
#3017 = IFCFACEOUTERBOUND(#3015, .T.);
#3018 = IFCFACE((#3017));
#3019 = IFCPOLYLOOP((#3020, #2987, #3016));
#3020 = IFCCARTESIANPOINT((1.62624893188477E-1, -2.19254470825195E-1, 3.48392425537109E-1));
#3021 = IFCFACEOUTERBOUND(#3019, .T.);
#3022 = IFCFACE((#3021));
#3023 = IFCPOLYLOOP((#2994, #3024, #3025));
#3024 = IFCCARTESIANPOINT((1.67862167358398E-1, -2.30289352416992E-1, 3.54135437011719E-1));
#3025 = IFCCARTESIANPOINT((1.64803604125977E-1, -2.19244506835938E-1, 3.75173828125E-1));
#3026 = IFCFACEOUTERBOUND(#3023, .T.);
#3027 = IFCFACE((#3026));
#3028 = IFCPOLYLOOP((#3029, #3030, #2998));
#3029 = IFCCARTESIANPOINT((1.33569244384766E-1, -2.10891891479492E-1, 2.31213775634766E-1));
#3030 = IFCCARTESIANPOINT((1.36365997314453E-1, -2.03370483398438E-1, 2.51055572509766E-1));
#3031 = IFCFACEOUTERBOUND(#3028, .T.);
#3032 = IFCFACE((#3031));
#3033 = IFCPOLYLOOP((#3034, #3016, #3012));
#3034 = IFCCARTESIANPOINT((1.55325424194336E-1, -2.11703643798828E-1, 3.21064208984375E-1));
#3035 = IFCFACEOUTERBOUND(#3033, .T.);
#3036 = IFCFACE((#3035));
#3037 = IFCPOLYLOOP((#3030, #3038, #3003));
#3038 = IFCCARTESIANPOINT((1.39952789306641E-1, -1.98126998901367E-1, 2.76339996337891E-1));
#3039 = IFCFACEOUTERBOUND(#3037, .T.);
#3040 = IFCFACE((#3039));
#3041 = IFCPOLYLOOP((#3012, #3008, #3042));
#3042 = IFCCARTESIANPOINT((1.5008447265625E-1, -2.09185104370117E-1, 2.98420806884766E-1));
#3043 = IFCFACEOUTERBOUND(#3041, .T.);
#3044 = IFCFACE((#3043));
#3045 = IFCPOLYLOOP((#3034, #3012, #3042));
#3046 = IFCFACEOUTERBOUND(#3045, .T.);
#3047 = IFCFACE((#3046));
#3048 = IFCPOLYLOOP((#3020, #3016, #3049));
#3049 = IFCCARTESIANPOINT((1.55255386352539E-1, -2.07338439941406E-1, 3.38289306640625E-1));
#3050 = IFCFACEOUTERBOUND(#3048, .T.);
#3051 = IFCFACE((#3050));
#3052 = IFCPOLYLOOP((#3049, #3053, #3054));
#3053 = IFCCARTESIANPOINT((1.48784255981445E-1, -1.94108795166016E-1, 3.53108978271484E-1));
#3054 = IFCCARTESIANPOINT((1.58460952758789E-1, -2.08478668212891E-1, 3.66011932373047E-1));
#3055 = IFCFACEOUTERBOUND(#3052, .T.);
#3056 = IFCFACE((#3055));
#3057 = IFCPOLYLOOP((#3058, #2898, #2903));
#3058 = IFCCARTESIANPOINT((1.70648406982422E-1, -3.03604125976563E-1, 2.96355651855469E-1));
#3059 = IFCFACEOUTERBOUND(#3057, .T.);
#3060 = IFCFACE((#3059));
#3061 = IFCPOLYLOOP((#3062, #2903, #2909));
#3062 = IFCCARTESIANPOINT((1.74835571289063E-1, -2.98834564208984E-1, 3.24068695068359E-1));
#3063 = IFCFACEOUTERBOUND(#3061, .T.);
#3064 = IFCFACE((#3063));
#3065 = IFCPOLYLOOP((#3066, #2880, #3067));
#3066 = IFCCARTESIANPOINT((1.3979817199707E-1, -2.98692749023438E-1, 2.05307388305664E-1));
#3067 = IFCCARTESIANPOINT((1.47557312011719E-1, -2.895029296875E-1, 2.2424690246582E-1));
#3068 = IFCFACEOUTERBOUND(#3065, .T.);
#3069 = IFCFACE((#3068));
#3070 = IFCPOLYLOOP((#3066, #3071, #2918));
#3071 = IFCCARTESIANPOINT((1.26548934936523E-1, -2.97330749511719E-1, 1.79312576293945E-1));
#3072 = IFCFACEOUTERBOUND(#3070, .T.);
#3073 = IFCFACE((#3072));
#3074 = IFCPOLYLOOP((#3075, #2914, #2845));
#3075 = IFCCARTESIANPOINT((1.79179260253906E-1, -3.17169982910156E-1, 3.70610046386719E-1));
#3076 = IFCFACEOUTERBOUND(#3074, .T.);
#3077 = IFCFACE((#3076));
#3078 = IFCPOLYLOOP((#2914, #2951, #2845));
#3079 = IFCFACEOUTERBOUND(#3078, .T.);
#3080 = IFCFACE((#3079));
#3081 = IFCPOLYLOOP((#3082, #2909, #2914));
#3082 = IFCCARTESIANPOINT((1.78221817016602E-1, -3.14269897460938E-1, 3.52696502685547E-1));
#3083 = IFCFACEOUTERBOUND(#3081, .T.);
#3084 = IFCFACE((#3083));
#3085 = IFCPOLYLOOP((#2951, #3086, #3087));
#3086 = IFCCARTESIANPOINT((1.75790832519531E-1, -2.54751419067383E-1, 3.72455444335938E-1));
#3087 = IFCCARTESIANPOINT((1.76971466064453E-1, -2.57373809814453E-1, 3.910048828125E-1));
#3088 = IFCFACEOUTERBOUND(#3085, .T.);
#3089 = IFCFACE((#3088));
#3090 = IFCPOLYLOOP((#3091, #3087, #3086));
#3091 = IFCCARTESIANPOINT((1.74539535522461E-1, -2.43732070922852E-1, 3.90419128417969E-1));
#3092 = IFCFACEOUTERBOUND(#3090, .T.);
#3093 = IFCFACE((#3092));
#3094 = IFCPOLYLOOP((#2845, #2951, #3087));
#3095 = IFCFACEOUTERBOUND(#3094, .T.);
#3096 = IFCFACE((#3095));
#3097 = IFCPOLYLOOP((#2839, #3091, #2973));
#3098 = IFCFACEOUTERBOUND(#3097, .T.);
#3099 = IFCFACE((#3098));
#3100 = IFCPOLYLOOP((#3025, #2840, #2839));
#3101 = IFCFACEOUTERBOUND(#3100, .T.);
#3102 = IFCFACE((#3101));
#3103 = IFCPOLYLOOP((#3054, #3104, #3105));
#3104 = IFCCARTESIANPOINT((1.49700561523438E-1, -1.93742813110352E-1, 3.75332061767578E-1));
#3105 = IFCCARTESIANPOINT((1.60585922241211E-1, -2.10345657348633E-1, 3.91856628417969E-1));
#3106 = IFCFACEOUTERBOUND(#3103, .T.);
#3107 = IFCFACE((#3106));
#3108 = IFCPOLYLOOP((#3105, #3104, #3109));
#3109 = IFCCARTESIANPOINT((1.49976272583008E-1, -1.93834457397461E-1, 3.92083923339844E-1));
#3110 = IFCFACEOUTERBOUND(#3108, .T.);
#3111 = IFCFACE((#3110));
#3112 = IFCPOLYLOOP((#3105, #2840, #3025));
#3113 = IFCFACEOUTERBOUND(#3112, .T.);
#3114 = IFCFACE((#3113));
#3115 = IFCPOLYLOOP((#2955, #3116, #2922));
#3116 = IFCCARTESIANPOINT((1.30132446289063E-1, -2.29817413330078E-1, 2.05355514526367E-1));
#3117 = IFCFACEOUTERBOUND(#3115, .T.);
#3118 = IFCFACE((#3117));
#3119 = IFCPOLYLOOP((#3120, #2650, #2646));
#3120 = IFCCARTESIANPOINT((2.02381973266602E-2, -5.99536254882813E-1, 2.32682388305664E-1));
#3121 = IFCFACEOUTERBOUND(#3119, .T.);
#3122 = IFCFACE((#3121));
#3123 = IFCPOLYLOOP((#3120, #3124, #3125));
#3124 = IFCCARTESIANPOINT((2.9205717086792E-2, -6.08389526367188E-1, 2.48129241943359E-1));
#3125 = IFCCARTESIANPOINT((1.4059139251709E-2, -6.10677551269531E-1, 2.49460220336914E-1));
#3126 = IFCFACEOUTERBOUND(#3123, .T.);
#3127 = IFCFACE((#3126));
#3128 = IFCPOLYLOOP((#2658, #2008, #3125));
#3129 = IFCFACEOUTERBOUND(#3128, .T.);
#3130 = IFCFACE((#3129));
#3131 = IFCPOLYLOOP((#3132, #2641, #3133));
#3132 = IFCCARTESIANPOINT((1.12190923690796E-2, -5.82958862304688E-1, 2.08670852661133E-1));
#3133 = IFCCARTESIANPOINT((1.54134883880615E-2, -5.68695007324219E-1, 1.91761505126953E-1));
#3134 = IFCFACEOUTERBOUND(#3131, .T.);
#3135 = IFCFACE((#3134));
#3136 = IFCPOLYLOOP((#3137, #3132, #3138));
#3137 = IFCCARTESIANPOINT((2.54863166809082E-2, -5.88318237304688E-1, 2.17281448364258E-1));
#3138 = IFCCARTESIANPOINT((2.80965137481689E-2, -5.77991821289063E-1, 2.04246566772461E-1));
#3139 = IFCFACEOUTERBOUND(#3136, .T.);
#3140 = IFCFACE((#3139));
#3141 = IFCPOLYLOOP((#3142, #3125, #3143));
#3142 = IFCCARTESIANPOINT((1.89149017333984E-2, -6.22106994628906E-1, 2.7087255859375E-1));
#3143 = IFCCARTESIANPOINT((3.12802047729492E-2, -6.18793518066406E-1, 2.67284515380859E-1));
#3144 = IFCFACEOUTERBOUND(#3141, .T.);
#3145 = IFCFACE((#3144));
#3146 = IFCPOLYLOOP((#3147, #3142, #3143));
#3147 = IFCCARTESIANPOINT((3.26316337585449E-2, -6.26483825683594E-1, 2.83075256347656E-1));
#3148 = IFCFACEOUTERBOUND(#3146, .T.);
#3149 = IFCFACE((#3148));
#3150 = IFCPOLYLOOP((#3151, #3152, #3147));
#3151 = IFCCARTESIANPOINT((3.22386054992676E-2, -6.33942687988281E-1, 2.99768920898438E-1));
#3152 = IFCCARTESIANPOINT((1.38356294631958E-2, -6.32635131835938E-1, 2.92139404296875E-1));
#3153 = IFCFACEOUTERBOUND(#3150, .T.);
#3154 = IFCFACE((#3153));
#3155 = IFCPOLYLOOP((#3156, #3152, #3151));
#3156 = IFCCARTESIANPOINT((1.3421724319458E-2, -6.41292663574219E-1, 3.1348095703125E-1));
#3157 = IFCFACEOUTERBOUND(#3155, .T.);
#3158 = IFCFACE((#3157));
#3159 = IFCPOLYLOOP((#3160, #3156, #3161));
#3160 = IFCCARTESIANPOINT((1.55288677215576E-2, -6.48729187011719E-1, 3.36227111816406E-1));
#3161 = IFCCARTESIANPOINT((2.95068378448486E-2, -6.40873291015625E-1, 3.16817199707031E-1));
#3162 = IFCFACEOUTERBOUND(#3159, .T.);
#3163 = IFCFACE((#3162));
#3164 = IFCPOLYLOOP((#3165, #3160, #3166));
#3165 = IFCCARTESIANPOINT((3.13864192962646E-2, -6.51041076660156E-1, 3.5086279296875E-1));
#3166 = IFCCARTESIANPOINT((3.05783348083496E-2, -6.46489501953125E-1, 3.34207427978516E-1));
#3167 = IFCFACEOUTERBOUND(#3164, .T.);
#3168 = IFCFACE((#3167));
#3169 = IFCPOLYLOOP((#3170, #3171, #3172));
#3170 = IFCCARTESIANPOINT((3.72977180480957E-2, -6.54646667480469E-1, 3.70398345947266E-1));
#3171 = IFCCARTESIANPOINT((1.59398078918457E-2, -6.5782568359375E-1, 3.75620635986328E-1));
#3172 = IFCCARTESIANPOINT((1.48903713226318E-2, -6.54956420898438E-1, 3.60289123535156E-1));
#3173 = IFCFACEOUTERBOUND(#3169, .T.);
#3174 = IFCFACE((#3173));
#3175 = IFCPOLYLOOP((#3151, #3176, #3177));
#3176 = IFCCARTESIANPOINT((4.76536140441895E-2, -6.31341857910156E-1, 3.00446380615234E-1));
#3177 = IFCCARTESIANPOINT((4.54639358520508E-2, -6.38721801757813E-1, 3.17997650146484E-1));
#3178 = IFCFACEOUTERBOUND(#3175, .T.);
#3179 = IFCFACE((#3178));
#3180 = IFCPOLYLOOP((#3166, #3161, #3177));
#3181 = IFCFACEOUTERBOUND(#3180, .T.);
#3182 = IFCFACE((#3181));
#3183 = IFCPOLYLOOP((#3165, #3166, #3184));
#3184 = IFCCARTESIANPOINT((4.62887077331543E-2, -6.44174865722656E-1, 3.34939117431641E-1));
#3185 = IFCFACEOUTERBOUND(#3183, .T.);
#3186 = IFCFACE((#3185));
#3187 = IFCPOLYLOOP((#3188, #3137, #3138));
#3188 = IFCCARTESIANPOINT((4.12262725830078E-2, -5.80545104980469E-1, 2.10224655151367E-1));
#3189 = IFCFACEOUTERBOUND(#3187, .T.);
#3190 = IFCFACE((#3189));
#3191 = IFCPOLYLOOP((#3192, #3137, #3188));
#3192 = IFCCARTESIANPOINT((3.60679130554199E-2, -5.93648071289063E-1, 2.26807312011719E-1));
#3193 = IFCFACEOUTERBOUND(#3191, .T.);
#3194 = IFCFACE((#3193));
#3195 = IFCPOLYLOOP((#3124, #3120, #3192));
#3196 = IFCFACEOUTERBOUND(#3195, .T.);
#3197 = IFCFACE((#3196));
#3198 = IFCPOLYLOOP((#3143, #3124, #3199));
#3199 = IFCCARTESIANPOINT((4.22916603088379E-2, -6.06125366210938E-1, 2.48058853149414E-1));
#3200 = IFCFACEOUTERBOUND(#3198, .T.);
#3201 = IFCFACE((#3200));
#3202 = IFCPOLYLOOP((#3147, #3143, #3203));
#3203 = IFCCARTESIANPOINT((4.45525131225586E-2, -6.16650939941406E-1, 2.67777862548828E-1));
#3204 = IFCFACEOUTERBOUND(#3202, .T.);
#3205 = IFCFACE((#3204));
#3206 = IFCPOLYLOOP((#3151, #3147, #3207));
#3207 = IFCCARTESIANPOINT((4.62421264648438E-2, -6.24373107910156E-1, 2.83976593017578E-1));
#3208 = IFCFACEOUTERBOUND(#3206, .T.);
#3209 = IFCFACE((#3208));
#3210 = IFCPOLYLOOP((#3211, #3212, #3213));
#3211 = IFCCARTESIANPOINT((4.72589836120605E-2, -6.48203735351563E-1, 3.49919860839844E-1));
#3212 = IFCCARTESIANPOINT((6.15373649597168E-2, -6.45138244628906E-1, 3.50961975097656E-1));
#3213 = IFCCARTESIANPOINT((5.87564888000488E-2, -6.50589904785156E-1, 3.70852142333984E-1));
#3214 = IFCFACEOUTERBOUND(#3210, .T.);
#3215 = IFCFACE((#3214));
#3216 = IFCPOLYLOOP((#3217, #3218, #3219));
#3217 = IFCCARTESIANPOINT((3.19927730560303E-2, -5.65677734375E-1, 1.90229278564453E-1));
#3218 = IFCCARTESIANPOINT((4.34372444152832E-2, -5.62103820800781E-1, 1.88442092895508E-1));
#3219 = IFCCARTESIANPOINT((4.66280517578125E-2, -5.71893005371094E-1, 2.00613845825195E-1));
#3220 = IFCFACEOUTERBOUND(#3216, .T.);
#3221 = IFCFACE((#3220));
#3222 = IFCPOLYLOOP((#3219, #3188, #3138));
#3223 = IFCFACEOUTERBOUND(#3222, .T.);
#3224 = IFCFACE((#3223));
#3225 = IFCPOLYLOOP((#3226, #3227, #3192));
#3226 = IFCCARTESIANPOINT((5.50982933044434E-2, -5.84699829101563E-1, 2.19951049804688E-1));
#3227 = IFCCARTESIANPOINT((5.19897537231445E-2, -5.93813842773438E-1, 2.32132537841797E-1));
#3228 = IFCFACEOUTERBOUND(#3225, .T.);
#3229 = IFCFACE((#3228));
#3230 = IFCPOLYLOOP((#3231, #3199, #3227));
#3231 = IFCCARTESIANPOINT((5.42565231323242E-2, -6.03883728027344E-1, 2.48921005249023E-1));
#3232 = IFCFACEOUTERBOUND(#3230, .T.);
#3233 = IFCFACE((#3232));
#3234 = IFCPOLYLOOP((#3203, #3199, #3231));
#3235 = IFCFACEOUTERBOUND(#3234, .T.);
#3236 = IFCFACE((#3235));
#3237 = IFCPOLYLOOP((#3207, #3203, #3238));
#3238 = IFCCARTESIANPOINT((5.94199562072754E-2, -6.21026977539063E-1, 2.83709045410156E-1));
#3239 = IFCFACEOUTERBOUND(#3237, .T.);
#3240 = IFCFACE((#3239));
#3241 = IFCPOLYLOOP((#3176, #3207, #3242));
#3242 = IFCCARTESIANPOINT((6.12911376953125E-2, -6.27763488769531E-1, 2.99959106445313E-1));
#3243 = IFCFACEOUTERBOUND(#3241, .T.);
#3244 = IFCFACE((#3243));
#3245 = IFCPOLYLOOP((#3177, #3176, #3246));
#3246 = IFCCARTESIANPOINT((6.31861991882324E-2, -6.33922607421875E-1, 3.16809326171875E-1));
#3247 = IFCFACEOUTERBOUND(#3245, .T.);
#3248 = IFCFACE((#3247));
#3249 = IFCPOLYLOOP((#3184, #3177, #3250));
#3250 = IFCCARTESIANPOINT((6.42065734863281E-2, -6.39404418945313E-1, 3.33561889648438E-1));
#3251 = IFCFACEOUTERBOUND(#3249, .T.);
#3252 = IFCFACE((#3251));
#3253 = IFCPOLYLOOP((#3211, #3184, #3212));
#3254 = IFCFACEOUTERBOUND(#3253, .T.);
#3255 = IFCFACE((#3254));
#3256 = IFCPOLYLOOP((#3219, #3257, #3226));
#3257 = IFCCARTESIANPOINT((6.2662914276123E-2, -5.69600463867188E-1, 2.03149627685547E-1));
#3258 = IFCFACEOUTERBOUND(#3256, .T.);
#3259 = IFCFACE((#3258));
#3260 = IFCPOLYLOOP((#3250, #3261, #3262));
#3261 = IFCCARTESIANPOINT((7.93410034179688E-2, -6.34712219238281E-1, 3.34614318847656E-1));
#3262 = IFCCARTESIANPOINT((7.69125289916992E-2, -6.4091845703125E-1, 3.52276214599609E-1));
#3263 = IFCFACEOUTERBOUND(#3260, .T.);
#3264 = IFCFACE((#3263));
#3265 = IFCPOLYLOOP((#3213, #3212, #3266));
#3266 = IFCCARTESIANPOINT((7.93140411376953E-2, -6.44378479003906E-1, 3.69993835449219E-1));
#3267 = IFCFACEOUTERBOUND(#3265, .T.);
#3268 = IFCFACE((#3267));
#3269 = IFCPOLYLOOP((#3219, #3218, #3270));
#3270 = IFCCARTESIANPOINT((5.68148956298828E-2, -5.59111450195313E-1, 1.88786849975586E-1));
#3271 = IFCFACEOUTERBOUND(#3269, .T.);
#3272 = IFCFACE((#3271));
#3273 = IFCPOLYLOOP((#3226, #3274, #3275));
#3274 = IFCCARTESIANPOINT((7.22679901123047E-2, -5.79972290039063E-1, 2.21425491333008E-1));
#3275 = IFCCARTESIANPOINT((6.77831726074219E-2, -5.93908874511719E-1, 2.39414657592773E-1));
#3276 = IFCFACEOUTERBOUND(#3273, .T.);
#3277 = IFCFACE((#3276));
#3278 = IFCPOLYLOOP((#3275, #3279, #3280));
#3279 = IFCCARTESIANPOINT((8.24639663696289E-2, -5.93978149414063E-1, 2.49074447631836E-1));
#3280 = IFCCARTESIANPOINT((7.22052612304688E-2, -6.06167846679688E-1, 2.62652130126953E-1));
#3281 = IFCFACEOUTERBOUND(#3278, .T.);
#3282 = IFCFACE((#3281));
#3283 = IFCPOLYLOOP((#3238, #3284, #3285));
#3284 = IFCCARTESIANPOINT((5.72539291381836E-2, -6.13461791992188E-1, 2.67464599609375E-1));
#3285 = IFCCARTESIANPOINT((7.27293319702148E-2, -6.16959716796875E-1, 2.84263671875E-1));
#3286 = IFCFACEOUTERBOUND(#3283, .T.);
#3287 = IFCFACE((#3286));
#3288 = IFCPOLYLOOP((#3242, #3238, #3285));
#3289 = IFCFACEOUTERBOUND(#3288, .T.);
#3290 = IFCFACE((#3289));
#3291 = IFCPOLYLOOP((#3246, #3242, #3292));
#3292 = IFCCARTESIANPOINT((7.50430374145508E-2, -6.23566650390625E-1, 3.00761962890625E-1));
#3293 = IFCFACEOUTERBOUND(#3291, .T.);
#3294 = IFCFACE((#3293));
#3295 = IFCPOLYLOOP((#3250, #3246, #3296));
#3296 = IFCCARTESIANPOINT((7.73405151367188E-2, -6.29504455566406E-1, 3.17597961425781E-1));
#3297 = IFCFACEOUTERBOUND(#3295, .T.);
#3298 = IFCFACE((#3297));
#3299 = IFCPOLYLOOP((#3274, #3226, #3257));
#3300 = IFCFACEOUTERBOUND(#3299, .T.);
#3301 = IFCFACE((#3300));
#3302 = IFCPOLYLOOP((#3280, #3303, #3304));
#3303 = IFCCARTESIANPOINT((8.97453918457031E-2, -6.01214477539063E-1, 2.67583465576172E-1));
#3304 = IFCCARTESIANPOINT((8.5635009765625E-2, -6.11871948242188E-1, 2.84375091552734E-1));
#3305 = IFCFACEOUTERBOUND(#3302, .T.);
#3306 = IFCFACE((#3305));
#3307 = IFCPOLYLOOP((#3292, #3285, #3308));
#3308 = IFCCARTESIANPOINT((8.80908355712891E-2, -6.17992858886719E-1, 3.00015899658203E-1));
#3309 = IFCFACEOUTERBOUND(#3307, .T.);
#3310 = IFCFACE((#3309));
#3311 = IFCPOLYLOOP((#3296, #3292, #3312));
#3312 = IFCCARTESIANPOINT((9.12818374633789E-2, -6.23679260253906E-1, 3.17224426269531E-1));
#3313 = IFCFACEOUTERBOUND(#3311, .T.);
#3314 = IFCFACE((#3313));
#3315 = IFCPOLYLOOP((#3261, #3296, #3316));
#3316 = IFCCARTESIANPOINT((9.33038177490234E-2, -6.28853942871094E-1, 3.34037017822266E-1));
#3317 = IFCFACEOUTERBOUND(#3315, .T.);
#3318 = IFCFACE((#3317));
#3319 = IFCPOLYLOOP((#3262, #3261, #3320));
#3320 = IFCCARTESIANPOINT((9.0613151550293E-2, -6.35281127929688E-1, 3.51211639404297E-1));
#3321 = IFCFACEOUTERBOUND(#3319, .T.);
#3322 = IFCFACE((#3321));
#3323 = IFCPOLYLOOP((#3266, #3262, #3320));
#3324 = IFCFACEOUTERBOUND(#3323, .T.);
#3325 = IFCFACE((#3324));
#3326 = IFCPOLYLOOP((#3327, #3275, #3274));
#3327 = IFCCARTESIANPOINT((7.849560546875E-2, -5.85220031738281E-1, 2.32797210693359E-1));
#3328 = IFCFACEOUTERBOUND(#3326, .T.);
#3329 = IFCFACE((#3328));
#3330 = IFCPOLYLOOP((#3279, #3275, #3327));
#3331 = IFCFACEOUTERBOUND(#3330, .T.);
#3332 = IFCFACE((#3331));
#3333 = IFCPOLYLOOP((#3303, #3280, #3279));
#3334 = IFCFACEOUTERBOUND(#3333, .T.);
#3335 = IFCFACE((#3334));
#3336 = IFCPOLYLOOP((#3337, #3320, #3316));
#3337 = IFCCARTESIANPOINT((9.98929748535156E-2, -6.31028259277344E-1, 3.51301849365234E-1));
#3338 = IFCFACEOUTERBOUND(#3336, .T.);
#3339 = IFCFACE((#3338));
#3340 = IFCPOLYLOOP((#3341, #3320, #3337));
#3341 = IFCCARTESIANPOINT((9.30743255615234E-2, -6.39253173828125E-1, 3.70960296630859E-1));
#3342 = IFCFACEOUTERBOUND(#3340, .T.);
#3343 = IFCFACE((#3342));
#3344 = IFCPOLYLOOP((#3257, #3270, #3345));
#3345 = IFCCARTESIANPOINT((6.84839935302734E-2, -5.54233459472656E-1, 1.87862091064453E-1));
#3346 = IFCFACEOUTERBOUND(#3344, .T.);
#3347 = IFCFACE((#3346));
#3348 = IFCPOLYLOOP((#3349, #3350, #3274));
#3349 = IFCCARTESIANPOINT((7.52469329833984E-2, -5.65517761230469E-1, 2.04097076416016E-1));
#3350 = IFCCARTESIANPOINT((8.49743576049805E-2, -5.62751220703125E-1, 2.06608169555664E-1));
#3351 = IFCFACEOUTERBOUND(#3348, .T.);
#3352 = IFCFACE((#3351));
#3353 = IFCPOLYLOOP((#3279, #3327, #3354));
#3354 = IFCCARTESIANPOINT((9.28289108276367E-2, -5.89236938476563E-1, 2.49701812744141E-1));
#3355 = IFCFACEOUTERBOUND(#3353, .T.);
#3356 = IFCFACE((#3355));
#3357 = IFCPOLYLOOP((#3358, #3304, #3303));
#3358 = IFCCARTESIANPOINT((9.76486282348633E-2, -6.05861633300781E-1, 2.84478729248047E-1));
#3359 = IFCFACEOUTERBOUND(#3357, .T.);
#3360 = IFCFACE((#3359));
#3361 = IFCPOLYLOOP((#3308, #3304, #3358));
#3362 = IFCFACEOUTERBOUND(#3361, .T.);
#3363 = IFCFACE((#3362));
#3364 = IFCPOLYLOOP((#3312, #3308, #3365));
#3365 = IFCCARTESIANPOINT((1.01041358947754E-1, -6.11860534667969E-1, 3.01158050537109E-1));
#3366 = IFCFACEOUTERBOUND(#3364, .T.);
#3367 = IFCFACE((#3366));
#3368 = IFCPOLYLOOP((#3316, #3312, #3369));
#3369 = IFCCARTESIANPOINT((1.06772575378418E-1, -6.15997314453125E-1, 3.18503509521484E-1));
#3370 = IFCFACEOUTERBOUND(#3368, .T.);
#3371 = IFCFACE((#3370));
#3372 = IFCPOLYLOOP((#3337, #3316, #3373));
#3373 = IFCCARTESIANPOINT((1.09458610534668E-1, -6.20338806152344E-1, 3.34182006835938E-1));
#3374 = IFCFACEOUTERBOUND(#3372, .T.);
#3375 = IFCFACE((#3374));
#3376 = IFCPOLYLOOP((#3377, #3337, #3378));
#3377 = IFCCARTESIANPOINT((1.02476867675781E-1, -6.34833557128906E-1, 3.70605438232422E-1));
#3378 = IFCCARTESIANPOINT((1.0901676940918E-1, -6.26200439453125E-1, 3.51451751708984E-1));
#3379 = IFCFACEOUTERBOUND(#3376, .T.);
#3380 = IFCFACE((#3379));
#3381 = IFCPOLYLOOP((#3382, #3303, #3354));
#3382 = IFCCARTESIANPOINT((1.02952514648438E-1, -5.94810241699219E-1, 2.69445465087891E-1));
#3383 = IFCFACEOUTERBOUND(#3381, .T.);
#3384 = IFCFACE((#3383));
#3385 = IFCPOLYLOOP((#3358, #3303, #3382));
#3386 = IFCFACEOUTERBOUND(#3385, .T.);
#3387 = IFCFACE((#3386));
#3388 = IFCPOLYLOOP((#3365, #3358, #3389));
#3389 = IFCCARTESIANPOINT((1.06354827880859E-1, -6.00898681640625E-1, 2.84780090332031E-1));
#3390 = IFCFACEOUTERBOUND(#3388, .T.);
#3391 = IFCFACE((#3390));
#3392 = IFCPOLYLOOP((#3373, #3393, #3378));
#3393 = IFCCARTESIANPOINT((1.24427360534668E-1, -6.13519165039063E-1, 3.436650390625E-1));
#3394 = IFCFACEOUTERBOUND(#3392, .T.);
#3395 = IFCFACE((#3394));
#3396 = IFCPOLYLOOP((#3397, #3398, #3399));
#3397 = IFCCARTESIANPOINT((1.18699272155762E-1, -6.21795532226563E-1, 3.5647265625E-1));
#3398 = IFCCARTESIANPOINT((1.29382217407227E-1, -6.17482604980469E-1, 3.69113220214844E-1));
#3399 = IFCCARTESIANPOINT((1.12609344482422E-1, -6.29622131347656E-1, 3.71535949707031E-1));
#3400 = IFCFACEOUTERBOUND(#3396, .T.);
#3401 = IFCFACE((#3400));
#3402 = IFCPOLYLOOP((#3403, #3354, #3404));
#3403 = IFCCARTESIANPOINT((1.02787452697754E-1, -5.8033056640625E-1, 2.45171096801758E-1));
#3404 = IFCCARTESIANPOINT((8.84559936523438E-2, -5.75320251464844E-1, 2.2512385559082E-1));
#3405 = IFCFACEOUTERBOUND(#3402, .T.);
#3406 = IFCFACE((#3405));
#3407 = IFCPOLYLOOP((#3408, #3369, #3409));
#3408 = IFCCARTESIANPOINT((1.20633071899414E-1, -6.07888610839844E-1, 3.21350311279297E-1));
#3409 = IFCCARTESIANPOINT((1.09857490539551E-1, -6.06503295898438E-1, 3.00999755859375E-1));
#3410 = IFCFACEOUTERBOUND(#3407, .T.);
#3411 = IFCFACE((#3410));
#3412 = IFCPOLYLOOP((#3408, #3373, #3369));
#3413 = IFCFACEOUTERBOUND(#3412, .T.);
#3414 = IFCFACE((#3413));
#3415 = IFCPOLYLOOP((#3350, #3416, #3417));
#3416 = IFCCARTESIANPOINT((8.0360221862793E-2, -5.51231750488281E-1, 1.90420501708984E-1));
#3417 = IFCCARTESIANPOINT((9.05687026977539E-2, -5.47449768066406E-1, 1.92783493041992E-1));
#3418 = IFCFACEOUTERBOUND(#3415, .T.);
#3419 = IFCFACE((#3418));
#3420 = IFCPOLYLOOP((#3404, #3350, #3421));
#3421 = IFCCARTESIANPOINT((1.00314826965332E-1, -5.63506164550781E-1, 2.19550384521484E-1));
#3422 = IFCFACEOUTERBOUND(#3420, .T.);
#3423 = IFCFACE((#3422));
#3424 = IFCPOLYLOOP((#3382, #3354, #3425));
#3425 = IFCCARTESIANPOINT((1.10967102050781E-1, -5.88448181152344E-1, 2.67938049316406E-1));
#3426 = IFCFACEOUTERBOUND(#3424, .T.);
#3427 = IFCFACE((#3426));
#3428 = IFCPOLYLOOP((#3382, #3425, #3429));
#3429 = IFCCARTESIANPOINT((1.18430610656738E-1, -5.91278442382813E-1, 2.82955657958984E-1));
#3430 = IFCFACEOUTERBOUND(#3428, .T.);
#3431 = IFCFACE((#3430));
#3432 = IFCPOLYLOOP((#3389, #3429, #3433));
#3433 = IFCCARTESIANPOINT((1.20539619445801E-1, -5.98131591796875E-1, 2.99794311523438E-1));
#3434 = IFCFACEOUTERBOUND(#3432, .T.);
#3435 = IFCFACE((#3434));
#3436 = IFCPOLYLOOP((#3403, #3404, #3437));
#3437 = IFCCARTESIANPOINT((1.1173258972168E-1, -5.66730590820313E-1, 2.35412750244141E-1));
#3438 = IFCFACEOUTERBOUND(#3436, .T.);
#3439 = IFCFACE((#3438));
#3440 = IFCPOLYLOOP((#3441, #3425, #3403));
#3441 = IFCCARTESIANPOINT((1.19195297241211E-1, -5.75467651367188E-1, 2.57614074707031E-1));
#3442 = IFCFACEOUTERBOUND(#3440, .T.);
#3443 = IFCFACE((#3442));
#3444 = IFCPOLYLOOP((#3408, #3409, #3433));
#3445 = IFCFACEOUTERBOUND(#3444, .T.);
#3446 = IFCFACE((#3445));
#3447 = IFCPOLYLOOP((#3448, #3393, #3408));
#3448 = IFCCARTESIANPOINT((1.33322067260742E-1, -6.03822021484375E-1, 3.38402893066406E-1));
#3449 = IFCFACEOUTERBOUND(#3447, .T.);
#3450 = IFCFACE((#3449));
#3451 = IFCPOLYLOOP((#3398, #3397, #3452));
#3452 = IFCCARTESIANPOINT((1.36018402099609E-1, -6.07668090820313E-1, 3.55861389160156E-1));
#3453 = IFCFACEOUTERBOUND(#3451, .T.);
#3454 = IFCFACE((#3453));
#3455 = IFCPOLYLOOP((#3456, #3433, #3429));
#3456 = IFCCARTESIANPOINT((1.30335754394531E-1, -5.90152709960938E-1, 3.01549774169922E-1));
#3457 = IFCFACEOUTERBOUND(#3455, .T.);
#3458 = IFCFACE((#3457));
#3459 = IFCPOLYLOOP((#3460, #3421, #3461));
#3460 = IFCCARTESIANPOINT((1.06280387878418E-1, -5.51391479492188E-1, 2.10611190795898E-1));
#3461 = IFCCARTESIANPOINT((9.63091354370117E-2, -5.56069580078125E-1, 2.06882202148438E-1));
#3462 = IFCFACEOUTERBOUND(#3459, .T.);
#3463 = IFCFACE((#3462));
#3464 = IFCPOLYLOOP((#3429, #3425, #3465));
#3465 = IFCCARTESIANPOINT((1.27690406799316E-1, -5.8127001953125E-1, 2.80369110107422E-1));
#3466 = IFCFACEOUTERBOUND(#3464, .T.);
#3467 = IFCFACE((#3466));
#3468 = IFCPOLYLOOP((#3469, #3470, #3456));
#3469 = IFCCARTESIANPOINT((1.37330596923828E-1, -5.93031982421875E-1, 3.22410675048828E-1));
#3470 = IFCCARTESIANPOINT((1.30378295898438E-1, -5.99536071777344E-1, 3.21160797119141E-1));
#3471 = IFCFACEOUTERBOUND(#3468, .T.);
#3472 = IFCFACE((#3471));
#3473 = IFCPOLYLOOP((#3470, #3469, #3448));
#3474 = IFCFACEOUTERBOUND(#3473, .T.);
#3475 = IFCFACE((#3474));
#3476 = IFCPOLYLOOP((#3452, #3393, #3448));
#3477 = IFCFACEOUTERBOUND(#3476, .T.);
#3478 = IFCFACE((#3477));
#3479 = IFCPOLYLOOP((#3480, #3398, #3452));
#3480 = IFCCARTESIANPOINT((1.38250885009766E-1, -6.12178161621094E-1, 3.78008636474609E-1));
#3481 = IFCFACEOUTERBOUND(#3479, .T.);
#3482 = IFCFACE((#3481));
#3483 = IFCPOLYLOOP((#3461, #3417, #3484));
#3484 = IFCCARTESIANPOINT((1.0211515045166E-1, -5.3801953125E-1, 1.92227691650391E-1));
#3485 = IFCFACEOUTERBOUND(#3483, .T.);
#3486 = IFCFACE((#3485));
#3487 = IFCPOLYLOOP((#3488, #3456, #3465));
#3488 = IFCCARTESIANPOINT((1.36581298828125E-1, -5.83613586425781E-1, 3.01871185302734E-1));
#3489 = IFCFACEOUTERBOUND(#3487, .T.);
#3490 = IFCFACE((#3489));
#3491 = IFCPOLYLOOP((#3437, #3421, #3492));
#3492 = IFCCARTESIANPOINT((1.16940422058105E-1, -5.52694213867188E-1, 2.24160720825195E-1));
#3493 = IFCFACEOUTERBOUND(#3491, .T.);
#3494 = IFCFACE((#3493));
#3495 = IFCPOLYLOOP((#3437, #3496, #3441));
#3496 = IFCCARTESIANPOINT((1.22156318664551E-1, -5.59801086425781E-1, 2.40056762695313E-1));
#3497 = IFCFACEOUTERBOUND(#3495, .T.);
#3498 = IFCFACE((#3497));
#3499 = IFCPOLYLOOP((#3441, #3500, #3501));
#3500 = IFCCARTESIANPOINT((1.2746800994873E-1, -5.66514770507813E-1, 2.56993621826172E-1));
#3501 = IFCCARTESIANPOINT((1.33834777832031E-1, -5.74346130371094E-1, 2.80080413818359E-1));
#3502 = IFCFACEOUTERBOUND(#3499, .T.);
#3503 = IFCFACE((#3502));
#3504 = IFCPOLYLOOP((#3469, #3456, #3488));
#3505 = IFCFACEOUTERBOUND(#3504, .T.);
#3506 = IFCFACE((#3505));
#3507 = IFCPOLYLOOP((#3469, #3508, #3509));
#3508 = IFCCARTESIANPOINT((1.43934432983398E-1, -5.85452453613281E-1, 3.22972290039063E-1));
#3509 = IFCCARTESIANPOINT((1.46977828979492E-1, -5.91423583984375E-1, 3.45110260009766E-1));
#3510 = IFCFACEOUTERBOUND(#3507, .T.);
#3511 = IFCFACE((#3510));
#3512 = IFCPOLYLOOP((#3513, #3460, #3484));
#3513 = IFCCARTESIANPOINT((1.10549530029297E-1, -5.40445068359375E-1, 2.03164184570313E-1));
#3514 = IFCFACEOUTERBOUND(#3512, .T.);
#3515 = IFCFACE((#3514));
#3516 = IFCPOLYLOOP((#3488, #3465, #3501));
#3517 = IFCFACEOUTERBOUND(#3516, .T.);
#3518 = IFCFACE((#3517));
#3519 = IFCPOLYLOOP((#3509, #3520, #3521));
#3520 = IFCCARTESIANPOINT((1.52751510620117E-1, -5.8469384765625E-1, 3.48792816162109E-1));
#3521 = IFCCARTESIANPOINT((1.54682006835938E-1, -5.90345642089844E-1, 3.71244323730469E-1));
#3522 = IFCFACEOUTERBOUND(#3519, .T.);
#3523 = IFCFACE((#3522));
#3524 = IFCPOLYLOOP((#3492, #3460, #3525));
#3525 = IFCCARTESIANPOINT((1.1825569152832E-1, -5.4224072265625E-1, 2.14244232177734E-1));
#3526 = IFCFACEOUTERBOUND(#3524, .T.);
#3527 = IFCFACE((#3526));
#3528 = IFCPOLYLOOP((#3529, #3496, #3492));
#3529 = IFCCARTESIANPOINT((1.26099975585938E-1, -5.50491394042969E-1, 2.3428157043457E-1));
#3530 = IFCFACEOUTERBOUND(#3528, .T.);
#3531 = IFCFACE((#3530));
#3532 = IFCPOLYLOOP((#3533, #3500, #3496));
#3533 = IFCCARTESIANPOINT((1.32804641723633E-1, -5.60355041503906E-1, 2.57655639648438E-1));
#3534 = IFCFACEOUTERBOUND(#3532, .T.);
#3535 = IFCFACE((#3534));
#3536 = IFCPOLYLOOP((#3537, #3501, #3500));
#3537 = IFCCARTESIANPOINT((1.38272598266602E-1, -5.66639709472656E-1, 2.77175262451172E-1));
#3538 = IFCFACEOUTERBOUND(#3536, .T.);
#3539 = IFCFACE((#3538));
#3540 = IFCPOLYLOOP((#3508, #3488, #3541));
#3541 = IFCCARTESIANPOINT((1.48669921875E-1, -5.78497619628906E-1, 3.22508087158203E-1));
#3542 = IFCFACEOUTERBOUND(#3540, .T.);
#3543 = IFCFACE((#3542));
#3544 = IFCPOLYLOOP((#3520, #3509, #3508));
#3545 = IFCFACEOUTERBOUND(#3544, .T.);
#3546 = IFCFACE((#3545));
#3547 = IFCPOLYLOOP((#3548, #3484, #3549));
#3548 = IFCCARTESIANPOINT((1.13580070495605E-1, -5.28415466308594E-1, 1.94823699951172E-1));
#3549 = IFCCARTESIANPOINT((1.01113624572754E-1, -5.20596374511719E-1, 1.74898834228516E-1));
#3550 = IFCFACEOUTERBOUND(#3547, .T.);
#3551 = IFCFACE((#3550));
#3552 = IFCPOLYLOOP((#3548, #3553, #3513));
#3553 = IFCCARTESIANPOINT((1.23689277648926E-1, -5.30488098144531E-1, 2.09783065795898E-1));
#3554 = IFCFACEOUTERBOUND(#3552, .T.);
#3555 = IFCFACE((#3554));
#3556 = IFCPOLYLOOP((#3529, #3492, #3557));
#3557 = IFCCARTESIANPOINT((1.30228851318359E-1, -5.42616577148438E-1, 2.31792022705078E-1));
#3558 = IFCFACEOUTERBOUND(#3556, .T.);
#3559 = IFCFACE((#3558));
#3560 = IFCPOLYLOOP((#3533, #3496, #3561));
#3561 = IFCCARTESIANPOINT((1.37355758666992E-1, -5.53514465332031E-1, 2.57187377929688E-1));
#3562 = IFCFACEOUTERBOUND(#3560, .T.);
#3563 = IFCFACE((#3562));
#3564 = IFCPOLYLOOP((#3533, #3561, #3537));
#3565 = IFCFACEOUTERBOUND(#3564, .T.);
#3566 = IFCFACE((#3565));
#3567 = IFCPOLYLOOP((#3568, #3569, #3537));
#3568 = IFCCARTESIANPOINT((1.43710876464844E-1, -5.60122802734375E-1, 2.79494659423828E-1));
#3569 = IFCCARTESIANPOINT((1.42801330566406E-1, -5.73875061035156E-1, 2.98513397216797E-1));
#3570 = IFCFACEOUTERBOUND(#3567, .T.);
#3571 = IFCFACE((#3570));
#3572 = IFCPOLYLOOP((#3573, #3541, #3569));
#3573 = IFCCARTESIANPOINT((1.5073664855957E-1, -5.63300537109375E-1, 3.02005859375E-1));
#3574 = IFCFACEOUTERBOUND(#3572, .T.);
#3575 = IFCFACE((#3574));
#3576 = IFCPOLYLOOP((#3520, #3508, #3577));
#3577 = IFCCARTESIANPOINT((1.55383270263672E-1, -5.71517272949219E-1, 3.30970367431641E-1));
#3578 = IFCFACEOUTERBOUND(#3576, .T.);
#3579 = IFCFACE((#3578));
#3580 = IFCPOLYLOOP((#3520, #3581, #3521));
#3581 = IFCCARTESIANPOINT((1.57297286987305E-1, -5.78399536132813E-1, 3.5258349609375E-1));
#3582 = IFCFACEOUTERBOUND(#3580, .T.);
#3583 = IFCFACE((#3582));
#3584 = IFCPOLYLOOP((#3581, #3520, #3585));
#3585 = IFCCARTESIANPOINT((1.61135055541992E-1, -5.68572937011719E-1, 3.48556854248047E-1));
#3586 = IFCFACEOUTERBOUND(#3584, .T.);
#3587 = IFCFACE((#3586));
#3588 = IFCPOLYLOOP((#3557, #3589, #3590));
#3589 = IFCCARTESIANPOINT((1.3688166809082E-1, -5.330791015625E-1, 2.33912582397461E-1));
#3590 = IFCCARTESIANPOINT((1.41753967285156E-1, -5.46769348144531E-1, 2.58155059814453E-1));
#3591 = IFCFACEOUTERBOUND(#3588, .T.);
#3592 = IFCFACE((#3591));
#3593 = IFCPOLYLOOP((#3594, #3568, #3561));
#3594 = IFCCARTESIANPOINT((1.47187484741211E-1, -5.5217626953125E-1, 2.77382171630859E-1));
#3595 = IFCFACEOUTERBOUND(#3593, .T.);
#3596 = IFCFACE((#3595));
#3597 = IFCPOLYLOOP((#3577, #3541, #3598));
#3598 = IFCCARTESIANPOINT((1.57639602661133E-1, -5.61698181152344E-1, 3.22034301757813E-1));
#3599 = IFCFACEOUTERBOUND(#3597, .T.);
#3600 = IFCFACE((#3599));
#3601 = IFCPOLYLOOP((#3602, #3581, #3603));
#3602 = IFCCARTESIANPOINT((1.61084259033203E-1, -5.78907897949219E-1, 3.71012908935547E-1));
#3603 = IFCCARTESIANPOINT((1.65943283081055E-1, -5.6665869140625E-1, 3.69959533691406E-1));
#3604 = IFCFACEOUTERBOUND(#3601, .T.);
#3605 = IFCFACE((#3604));
#3606 = IFCPOLYLOOP((#3548, #3549, #3607));
#3607 = IFCCARTESIANPOINT((1.18144218444824E-1, -5.15758483886719E-1, 1.89875885009766E-1));
#3608 = IFCFACEOUTERBOUND(#3606, .T.);
#3609 = IFCFACE((#3608));
#3610 = IFCPOLYLOOP((#3607, #3611, #3548));
#3611 = IFCCARTESIANPOINT((1.28163391113281E-1, -5.22613037109375E-1, 2.09729110717773E-1));
#3612 = IFCFACEOUTERBOUND(#3610, .T.);
#3613 = IFCFACE((#3612));
#3614 = IFCPOLYLOOP((#3589, #3557, #3553));
#3615 = IFCFACEOUTERBOUND(#3614, .T.);
#3616 = IFCFACE((#3615));
#3617 = IFCPOLYLOOP((#3618, #3590, #3589));
#3618 = IFCCARTESIANPOINT((1.45690078735352E-1, -5.38565490722656E-1, 2.57738311767578E-1));
#3619 = IFCFACEOUTERBOUND(#3617, .T.);
#3620 = IFCFACE((#3619));
#3621 = IFCPOLYLOOP((#3590, #3618, #3594));
#3622 = IFCFACEOUTERBOUND(#3621, .T.);
#3623 = IFCFACE((#3622));
#3624 = IFCPOLYLOOP((#3625, #3626, #3573));
#3625 = IFCCARTESIANPOINT((1.52295394897461E-1, -5.44330749511719E-1, 2.81022979736328E-1));
#3626 = IFCCARTESIANPOINT((1.57347915649414E-1, -5.49990539550781E-1, 3.03798400878906E-1));
#3627 = IFCFACEOUTERBOUND(#3624, .T.);
#3628 = IFCFACE((#3627));
#3629 = IFCPOLYLOOP((#3626, #3598, #3573));
#3630 = IFCFACEOUTERBOUND(#3629, .T.);
#3631 = IFCFACE((#3630));
#3632 = IFCPOLYLOOP((#3585, #3577, #3633));
#3633 = IFCCARTESIANPOINT((1.64921279907227E-1, -5.56799255371094E-1, 3.45087066650391E-1));
#3634 = IFCFACEOUTERBOUND(#3632, .T.);
#3635 = IFCFACE((#3634));
#3636 = IFCPOLYLOOP((#3603, #3585, #3637));
#3637 = IFCCARTESIANPOINT((1.68976791381836E-1, -5.57091369628906E-1, 3.70342620849609E-1));
#3638 = IFCFACEOUTERBOUND(#3636, .T.);
#3639 = IFCFACE((#3638));
#3640 = IFCPOLYLOOP((#3589, #3553, #3641));
#3641 = IFCCARTESIANPOINT((1.38108993530273E-1, -5.17092346191406E-1, 2.22905578613281E-1));
#3642 = IFCFACEOUTERBOUND(#3640, .T.);
#3643 = IFCFACE((#3642));
#3644 = IFCPOLYLOOP((#3589, #3645, #3618));
#3645 = IFCCARTESIANPOINT((1.43444213867188E-1, -5.25207153320313E-1, 2.40538619995117E-1));
#3646 = IFCFACEOUTERBOUND(#3644, .T.);
#3647 = IFCFACE((#3646));
#3648 = IFCPOLYLOOP((#3618, #3649, #3650));
#3649 = IFCCARTESIANPOINT((1.49050354003906E-1, -5.29679260253906E-1, 2.57387023925781E-1));
#3650 = IFCCARTESIANPOINT((1.55580703735352E-1, -5.35115112304688E-1, 2.80724365234375E-1));
#3651 = IFCFACEOUTERBOUND(#3648, .T.);
#3652 = IFCFACE((#3651));
#3653 = IFCPOLYLOOP((#3654, #3626, #3625));
#3654 = IFCCARTESIANPOINT((1.59894989013672E-1, -5.41409606933594E-1, 3.02291351318359E-1));
#3655 = IFCFACEOUTERBOUND(#3653, .T.);
#3656 = IFCFACE((#3655));
#3657 = IFCPOLYLOOP((#3658, #3598, #3659));
#3658 = IFCCARTESIANPOINT((1.61742111206055E-1, -5.53974304199219E-1, 3.26110015869141E-1));
#3659 = IFCCARTESIANPOINT((1.63981185913086E-1, -5.43734680175781E-1, 3.21534423828125E-1));
#3660 = IFCFACEOUTERBOUND(#3657, .T.);
#3661 = IFCFACE((#3660));
#3662 = IFCPOLYLOOP((#3663, #3633, #3658));
#3663 = IFCCARTESIANPOINT((1.69049026489258E-1, -5.42065002441406E-1, 3.45109741210938E-1));
#3664 = IFCFACEOUTERBOUND(#3662, .T.);
#3665 = IFCFACE((#3664));
#3666 = IFCPOLYLOOP((#3663, #3637, #3633));
#3667 = IFCFACEOUTERBOUND(#3666, .T.);
#3668 = IFCFACE((#3667));
#3669 = IFCPOLYLOOP((#3611, #3607, #3670));
#3670 = IFCCARTESIANPOINT((1.30867034912109E-1, -5.10808135986328E-1, 2.05351837158203E-1));
#3671 = IFCFACEOUTERBOUND(#3669, .T.);
#3672 = IFCFACE((#3671));
#3673 = IFCPOLYLOOP((#3654, #3625, #3674));
#3674 = IFCCARTESIANPOINT((1.60880355834961E-1, -5.29978271484375E-1, 2.93380706787109E-1));
#3675 = IFCFACEOUTERBOUND(#3673, .T.);
#3676 = IFCFACE((#3675));
#3677 = IFCPOLYLOOP((#3678, #3659, #3654));
#3678 = IFCCARTESIANPOINT((1.65860336303711E-1, -5.34540588378906E-1, 3.18996063232422E-1));
#3679 = IFCFACEOUTERBOUND(#3677, .T.);
#3680 = IFCFACE((#3679));
#3681 = IFCPOLYLOOP((#3682, #3645, #3641));
#3682 = IFCCARTESIANPOINT((1.47972320556641E-1, -5.12200317382813E-1, 2.41058135986328E-1));
#3683 = IFCFACEOUTERBOUND(#3681, .T.);
#3684 = IFCFACE((#3683));
#3685 = IFCPOLYLOOP((#3682, #3649, #3645));
#3686 = IFCFACEOUTERBOUND(#3685, .T.);
#3687 = IFCFACE((#3686));
#3688 = IFCPOLYLOOP((#3689, #3650, #3649));
#3689 = IFCCARTESIANPOINT((1.54954803466797E-1, -5.22848876953125E-1, 2.67638854980469E-1));
#3690 = IFCFACEOUTERBOUND(#3688, .T.);
#3691 = IFCFACE((#3690));
#3692 = IFCPOLYLOOP((#3693, #3670, #3694));
#3693 = IFCCARTESIANPOINT((1.32179763793945E-1, -4.93185577392578E-1, 1.97320785522461E-1));
#3694 = IFCCARTESIANPOINT((1.22861480712891E-1, -5.057490234375E-1, 1.89080337524414E-1));
#3695 = IFCFACEOUTERBOUND(#3692, .T.);
#3696 = IFCFACE((#3695));
#3697 = IFCPOLYLOOP((#3698, #3641, #3670));
#3698 = IFCCARTESIANPOINT((1.40567153930664E-1, -5.03481750488281E-1, 2.19106582641602E-1));
#3699 = IFCFACEOUTERBOUND(#3697, .T.);
#3700 = IFCFACE((#3699));
#3701 = IFCPOLYLOOP((#3689, #3649, #3702));
#3702 = IFCCARTESIANPOINT((1.54879653930664E-1, -5.05841613769531E-1, 2.55214019775391E-1));
#3703 = IFCFACEOUTERBOUND(#3701, .T.);
#3704 = IFCFACE((#3703));
#3705 = IFCPOLYLOOP((#3674, #3650, #3706));
#3706 = IFCCARTESIANPOINT((1.61237762451172E-1, -5.14394592285156E-1, 2.81463317871094E-1));
#3707 = IFCFACEOUTERBOUND(#3705, .T.);
#3708 = IFCFACE((#3707));
#3709 = IFCPOLYLOOP((#3678, #3654, #3710));
#3710 = IFCCARTESIANPOINT((1.65515396118164E-1, -5.17968200683594E-1, 3.01640228271484E-1));
#3711 = IFCFACEOUTERBOUND(#3709, .T.);
#3712 = IFCFACE((#3711));
#3713 = IFCPOLYLOOP((#3714, #3715, #3663));
#3714 = IFCCARTESIANPOINT((1.70660781860352E-1, -5.1735986328125E-1, 3.27716491699219E-1));
#3715 = IFCCARTESIANPOINT((1.73554977416992E-1, -5.24009155273438E-1, 3.56814819335938E-1));
#3716 = IFCFACEOUTERBOUND(#3713, .T.);
#3717 = IFCFACE((#3716));
#3718 = IFCPOLYLOOP((#3719, #3637, #3663));
#3719 = IFCCARTESIANPOINT((1.72794815063477E-1, -5.43712097167969E-1, 3.760048828125E-1));
#3720 = IFCFACEOUTERBOUND(#3718, .T.);
#3721 = IFCFACE((#3720));
#3722 = IFCPOLYLOOP((#3698, #3670, #3723));
#3723 = IFCCARTESIANPOINT((1.42973571777344E-1, -4.94161407470703E-1, 2.19437744140625E-1));
#3724 = IFCFACEOUTERBOUND(#3722, .T.);
#3725 = IFCFACE((#3724));
#3726 = IFCPOLYLOOP((#3682, #3641, #3698));
#3727 = IFCFACEOUTERBOUND(#3726, .T.);
#3728 = IFCFACE((#3727));
#3729 = IFCPOLYLOOP((#3706, #3689, #3730));
#3730 = IFCCARTESIANPOINT((1.59780792236328E-1, -4.99591217041016E-1, 2.66869934082031E-1));
#3731 = IFCFACEOUTERBOUND(#3729, .T.);
#3732 = IFCFACE((#3731));
#3733 = IFCPOLYLOOP((#3706, #3734, #3710));
#3734 = IFCCARTESIANPOINT((1.64134719848633E-1, -5.04828948974609E-1, 2.86047912597656E-1));
#3735 = IFCFACEOUTERBOUND(#3733, .T.);
#3736 = IFCFACE((#3735));
#3737 = IFCPOLYLOOP((#3738, #3739, #3714));
#3738 = IFCCARTESIANPOINT((1.68424652099609E-1, -5.041259765625E-1, 3.04707122802734E-1));
#3739 = IFCCARTESIANPOINT((1.73004150390625E-1, -4.93494476318359E-1, 3.26330169677734E-1));
#3740 = IFCFACEOUTERBOUND(#3737, .T.);
#3741 = IFCFACE((#3740));
#3742 = IFCPOLYLOOP((#3743, #3715, #3714));
#3743 = IFCCARTESIANPOINT((1.74900421142578E-1, -5.04128356933594E-1, 3.50144256591797E-1));
#3744 = IFCFACEOUTERBOUND(#3742, .T.);
#3745 = IFCFACE((#3744));
#3746 = IFCPOLYLOOP((#3747, #3723, #3693));
#3747 = IFCCARTESIANPOINT((1.40332000732422E-1, -4.78416290283203E-1, 2.07538024902344E-1));
#3748 = IFCFACEOUTERBOUND(#3746, .T.);
#3749 = IFCFACE((#3748));
#3750 = IFCPOLYLOOP((#3751, #3752, #3723));
#3751 = IFCCARTESIANPOINT((1.49706192016602E-1, -4.81987854003906E-1, 2.30247711181641E-1));
#3752 = IFCCARTESIANPOINT((1.5017024230957E-1, -4.96368133544922E-1, 2.37564865112305E-1));
#3753 = IFCFACEOUTERBOUND(#3750, .T.);
#3754 = IFCFACE((#3753));
#3755 = IFCPOLYLOOP((#3756, #3702, #3752));
#3756 = IFCCARTESIANPOINT((1.57044479370117E-1, -4.84217987060547E-1, 2.51069458007813E-1));
#3757 = IFCFACEOUTERBOUND(#3755, .T.);
#3758 = IFCFACE((#3757));
#3759 = IFCPOLYLOOP((#3702, #3756, #3730));
#3760 = IFCFACEOUTERBOUND(#3759, .T.);
#3761 = IFCFACE((#3760));
#3762 = IFCPOLYLOOP((#3730, #3763, #3764));
#3763 = IFCCARTESIANPOINT((1.61575546264648E-1, -4.85202941894531E-1, 2.65837371826172E-1));
#3764 = IFCCARTESIANPOINT((1.66058486938477E-1, -4.89234344482422E-1, 2.85074188232422E-1));
#3765 = IFCFACEOUTERBOUND(#3762, .T.);
#3766 = IFCFACE((#3765));
#3767 = IFCPOLYLOOP((#3768, #3769, #3764));
#3768 = IFCCARTESIANPOINT((1.69819458007813E-1, -4.74945587158203E-1, 2.96362670898438E-1));
#3769 = IFCCARTESIANPOINT((1.71101272583008E-1, -4.91709106445313E-1, 3.12061553955078E-1));
#3770 = IFCFACEOUTERBOUND(#3767, .T.);
#3771 = IFCFACE((#3770));
#3772 = IFCPOLYLOOP((#3743, #3773, #3774));
#3773 = IFCCARTESIANPOINT((1.7607731628418E-1, -4.78222991943359E-1, 3.44541870117188E-1));
#3774 = IFCCARTESIANPOINT((1.77549896240234E-1, -4.78333251953125E-1, 3.67487762451172E-1));
#3775 = IFCFACEOUTERBOUND(#3772, .T.);
#3776 = IFCFACE((#3775));
#3777 = IFCPOLYLOOP((#3747, #3778, #3779));
#3778 = IFCCARTESIANPOINT((1.31711715698242E-1, -4.74027801513672E-1, 1.89080001831055E-1));
#3779 = IFCCARTESIANPOINT((1.36796401977539E-1, -4.60561676025391E-1, 1.958984375E-1));
#3780 = IFCFACEOUTERBOUND(#3777, .T.);
#3781 = IFCFACE((#3780));
#3782 = IFCPOLYLOOP((#3747, #3779, #3783));
#3783 = IFCCARTESIANPOINT((1.45830825805664E-1, -4.64211395263672E-1, 2.16180877685547E-1));
#3784 = IFCFACEOUTERBOUND(#3782, .T.);
#3785 = IFCFACE((#3784));
#3786 = IFCPOLYLOOP((#3783, #3787, #3751));
#3787 = IFCCARTESIANPOINT((1.52606842041016E-1, -4.69923248291016E-1, 2.34072845458984E-1));
#3788 = IFCFACEOUTERBOUND(#3786, .T.);
#3789 = IFCFACE((#3788));
#3790 = IFCPOLYLOOP((#3751, #3723, #3747));
#3791 = IFCFACEOUTERBOUND(#3790, .T.);
#3792 = IFCFACE((#3791));
#3793 = IFCPOLYLOOP((#3756, #3751, #3787));
#3794 = IFCFACEOUTERBOUND(#3793, .T.);
#3795 = IFCFACE((#3794));
#3796 = IFCPOLYLOOP((#3797, #3763, #3756));
#3797 = IFCCARTESIANPOINT((1.63613433837891E-1, -4.59618072509766E-1, 2.64501739501953E-1));
#3798 = IFCFACEOUTERBOUND(#3796, .T.);
#3799 = IFCFACE((#3798));
#3800 = IFCPOLYLOOP((#3797, #3801, #3763));
#3801 = IFCCARTESIANPOINT((1.67445816040039E-1, -4.59499786376953E-1, 2.79479217529297E-1));
#3802 = IFCFACEOUTERBOUND(#3800, .T.);
#3803 = IFCFACE((#3802));
#3804 = IFCPOLYLOOP((#3801, #3768, #3764));
#3805 = IFCFACEOUTERBOUND(#3804, .T.);
#3806 = IFCFACE((#3805));
#3807 = IFCPOLYLOOP((#3808, #3769, #3768));
#3808 = IFCCARTESIANPOINT((1.73905944824219E-1, -4.6410986328125E-1, 3.16748413085938E-1));
#3809 = IFCFACEOUTERBOUND(#3807, .T.);
#3810 = IFCFACE((#3809));
#3811 = IFCPOLYLOOP((#3808, #3739, #3769));
#3812 = IFCFACEOUTERBOUND(#3811, .T.);
#3813 = IFCFACE((#3812));
#3814 = IFCPOLYLOOP((#3773, #3743, #3739));
#3815 = IFCFACEOUTERBOUND(#3814, .T.);
#3816 = IFCFACE((#3815));
#3817 = IFCPOLYLOOP((#3779, #3818, #3819));
#3818 = IFCCARTESIANPOINT((1.36253936767578E-1, -4.46319793701172E-1, 1.93058151245117E-1));
#3819 = IFCCARTESIANPOINT((1.46044479370117E-1, -4.48549407958984E-1, 2.14199493408203E-1));
#3820 = IFCFACEOUTERBOUND(#3817, .T.);
#3821 = IFCFACE((#3820));
#3822 = IFCPOLYLOOP((#3783, #3819, #3823));
#3823 = IFCCARTESIANPOINT((1.5366178894043E-1, -4.50408538818359E-1, 2.33112152099609E-1));
#3824 = IFCFACEOUTERBOUND(#3822, .T.);
#3825 = IFCFACE((#3824));
#3826 = IFCPOLYLOOP((#3827, #3828, #3823));
#3827 = IFCCARTESIANPOINT((1.59926834106445E-1, -4.46388977050781E-1, 2.50283477783203E-1));
#3828 = IFCCARTESIANPOINT((1.57884826660156E-1, -4.63159332275391E-1, 2.4722607421875E-1));
#3829 = IFCFACEOUTERBOUND(#3826, .T.);
#3830 = IFCFACE((#3829));
#3831 = IFCPOLYLOOP((#3827, #3797, #3828));
#3832 = IFCFACEOUTERBOUND(#3831, .T.);
#3833 = IFCFACE((#3832));
#3834 = IFCPOLYLOOP((#3835, #3808, #3801));
#3835 = IFCCARTESIANPOINT((1.72471878051758E-1, -4.3628271484375E-1, 2.98359405517578E-1));
#3836 = IFCFACEOUTERBOUND(#3834, .T.);
#3837 = IFCFACE((#3836));
#3838 = IFCPOLYLOOP((#3773, #3739, #3808));
#3839 = IFCFACEOUTERBOUND(#3838, .T.);
#3840 = IFCFACE((#3839));
#3841 = IFCPOLYLOOP((#3773, #3842, #3843));
#3842 = IFCCARTESIANPOINT((1.76903091430664E-1, -4.51665252685547E-1, 3.39927154541016E-1));
#3843 = IFCCARTESIANPOINT((1.7823567199707E-1, -4.52927490234375E-1, 3.62386413574219E-1));
#3844 = IFCFACEOUTERBOUND(#3841, .T.);
#3845 = IFCFACE((#3844));
#3846 = IFCPOLYLOOP((#3818, #3847, #3848));
#3847 = IFCCARTESIANPOINT((1.3552653503418E-1, -4.21573852539063E-1, 1.907109375E-1));
#3848 = IFCCARTESIANPOINT((1.43172119140625E-1, -4.23030303955078E-1, 2.06532440185547E-1));
#3849 = IFCFACEOUTERBOUND(#3846, .T.);
#3850 = IFCFACE((#3849));
#3851 = IFCPOLYLOOP((#3848, #3852, #3819));
#3852 = IFCCARTESIANPOINT((1.51239669799805E-1, -4.18476623535156E-1, 2.24652267456055E-1));
#3853 = IFCFACEOUTERBOUND(#3851, .T.);
#3854 = IFCFACE((#3853));
#3855 = IFCPOLYLOOP((#3852, #3856, #3823));
#3856 = IFCCARTESIANPOINT((1.56321350097656E-1, -4.23352691650391E-1, 2.37836410522461E-1));
#3857 = IFCFACEOUTERBOUND(#3855, .T.);
#3858 = IFCFACE((#3857));
#3859 = IFCPOLYLOOP((#3856, #3827, #3823));
#3860 = IFCFACEOUTERBOUND(#3859, .T.);
#3861 = IFCFACE((#3860));
#3862 = IFCPOLYLOOP((#3856, #3863, #3827));
#3863 = IFCCARTESIANPOINT((1.60641784667969E-1, -4.23491607666016E-1, 2.50166198730469E-1));
#3864 = IFCFACEOUTERBOUND(#3862, .T.);
#3865 = IFCFACE((#3864));
#3866 = IFCPOLYLOOP((#3863, #3867, #3827));
#3867 = IFCCARTESIANPOINT((1.64555541992188E-1, -4.22775299072266E-1, 2.62578857421875E-1));
#3868 = IFCFACEOUTERBOUND(#3866, .T.);
#3869 = IFCFACE((#3868));
#3870 = IFCPOLYLOOP((#3797, #3827, #3867));
#3871 = IFCFACEOUTERBOUND(#3870, .T.);
#3872 = IFCFACE((#3871));
#3873 = IFCPOLYLOOP((#3797, #3867, #3874));
#3874 = IFCCARTESIANPOINT((1.68530776977539E-1, -4.24009094238281E-1, 2.7777490234375E-1));
#3875 = IFCFACEOUTERBOUND(#3873, .T.);
#3876 = IFCFACE((#3875));
#3877 = IFCPOLYLOOP((#3878, #3842, #3808));
#3878 = IFCCARTESIANPOINT((1.76180480957031E-1, -4.24532379150391E-1, 3.22399963378906E-1));
#3879 = IFCFACEOUTERBOUND(#3877, .T.);
#3880 = IFCFACE((#3879));
#3881 = IFCPOLYLOOP((#3882, #3843, #3842));
#3882 = IFCCARTESIANPOINT((1.78326293945313E-1, -4.21951629638672E-1, 3.47687347412109E-1));
#3883 = IFCFACEOUTERBOUND(#3881, .T.);
#3884 = IFCFACE((#3883));
#3885 = IFCPOLYLOOP((#3886, #3887, #3843));
#3886 = IFCCARTESIANPOINT((1.79477722167969E-1, -4.09751281738281E-1, 3.68915679931641E-1));
#3887 = IFCCARTESIANPOINT((1.79450668334961E-1, -4.34850524902344E-1, 3.91243927001953E-1));
#3888 = IFCFACEOUTERBOUND(#3885, .T.);
#3889 = IFCFACE((#3888));
#3890 = IFCPOLYLOOP((#3891, #3848, #3847));
#3891 = IFCCARTESIANPOINT((1.39520416259766E-1, -3.82307495117188E-1, 1.98876419067383E-1));
#3892 = IFCFACEOUTERBOUND(#3890, .T.);
#3893 = IFCFACE((#3892));
#3894 = IFCPOLYLOOP((#3895, #3852, #3891));
#3895 = IFCCARTESIANPOINT((1.49277862548828E-1, -3.78351806640625E-1, 2.19731307983398E-1));
#3896 = IFCFACEOUTERBOUND(#3894, .T.);
#3897 = IFCFACE((#3896));
#3898 = IFCPOLYLOOP((#3899, #3856, #3852));
#3899 = IFCCARTESIANPOINT((1.57614395141602E-1, -3.85295379638672E-1, 2.40295639038086E-1));
#3900 = IFCFACEOUTERBOUND(#3898, .T.);
#3901 = IFCFACE((#3900));
#3902 = IFCPOLYLOOP((#3903, #3867, #3863));
#3903 = IFCCARTESIANPOINT((1.62881057739258E-1, -3.8130615234375E-1, 2.55404388427734E-1));
#3904 = IFCFACEOUTERBOUND(#3902, .T.);
#3905 = IFCFACE((#3904));
#3906 = IFCPOLYLOOP((#3907, #3867, #3903));
#3907 = IFCCARTESIANPOINT((1.67413558959961E-1, -3.90165283203125E-1, 2.71159240722656E-1));
#3908 = IFCFACEOUTERBOUND(#3906, .T.);
#3909 = IFCFACE((#3908));
#3910 = IFCPOLYLOOP((#3874, #3867, #3907));
#3911 = IFCFACEOUTERBOUND(#3910, .T.);
#3912 = IFCFACE((#3911));
#3913 = IFCPOLYLOOP((#3835, #3874, #3914));
#3914 = IFCCARTESIANPOINT((1.74220504760742E-1, -3.99130096435547E-1, 3.04379455566406E-1));
#3915 = IFCFACEOUTERBOUND(#3913, .T.);
#3916 = IFCFACE((#3915));
#3917 = IFCPOLYLOOP((#3918, #3878, #3914));
#3918 = IFCCARTESIANPOINT((1.76836868286133E-1, -4.01826934814453E-1, 3.24476654052734E-1));
#3919 = IFCFACEOUTERBOUND(#3917, .T.);
#3920 = IFCFACE((#3919));
#3921 = IFCPOLYLOOP((#3922, #3886, #3882));
#3922 = IFCCARTESIANPOINT((1.78683212280273E-1, -3.79469451904297E-1, 3.45336700439453E-1));
#3923 = IFCFACEOUTERBOUND(#3921, .T.);
#3924 = IFCFACE((#3923));
#3925 = IFCPOLYLOOP((#3926, #3927, #3907));
#3926 = IFCCARTESIANPOINT((1.70958694458008E-1, -3.60678619384766E-1, 2.86628356933594E-1));
#3927 = IFCCARTESIANPOINT((1.73124298095703E-1, -3.72065093994141E-1, 2.97238830566406E-1));
#3928 = IFCFACEOUTERBOUND(#3925, .T.);
#3929 = IFCFACE((#3928));
#3930 = IFCPOLYLOOP((#3931, #3914, #3927));
#3931 = IFCCARTESIANPOINT((1.75804824829102E-1, -3.61629364013672E-1, 3.14764556884766E-1));
#3932 = IFCFACEOUTERBOUND(#3930, .T.);
#3933 = IFCFACE((#3932));
#3934 = IFCPOLYLOOP((#3935, #3922, #3931));
#3935 = IFCCARTESIANPOINT((1.77336669921875E-1, -3.58655944824219E-1, 3.28693603515625E-1));
#3936 = IFCFACEOUTERBOUND(#3934, .T.);
#3937 = IFCFACE((#3936));
#3938 = IFCPOLYLOOP((#3939, #3940, #3922));
#3939 = IFCCARTESIANPOINT((1.79657211303711E-1, -3.56489715576172E-1, 3.66893249511719E-1));
#3940 = IFCCARTESIANPOINT((1.80005508422852E-1, -3.71451934814453E-1, 3.90302154541016E-1));
#3941 = IFCFACEOUTERBOUND(#3938, .T.);
#3942 = IFCFACE((#3941));
#3943 = IFCPOLYLOOP((#3944, #3899, #3895));
#3944 = IFCCARTESIANPOINT((1.54886016845703E-1, -3.47058746337891E-1, 2.34679565429688E-1));
#3945 = IFCFACEOUTERBOUND(#3943, .T.);
#3946 = IFCFACE((#3945));
#3947 = IFCPOLYLOOP((#3948, #3926, #3907));
#3948 = IFCCARTESIANPOINT((1.6773518371582E-1, -3.55763397216797E-1, 2.7342333984375E-1));
#3949 = IFCFACEOUTERBOUND(#3947, .T.);
#3950 = IFCFACE((#3949));
#3951 = IFCPOLYLOOP((#3895, #3891, #3952));
#3952 = IFCCARTESIANPOINT((1.39069061279297E-1, -3.55701232910156E-1, 1.98807754516602E-1));
#3953 = IFCFACEOUTERBOUND(#3951, .T.);
#3954 = IFCFACE((#3953));
#3955 = IFCPOLYLOOP((#3944, #3895, #3956));
#3956 = IFCCARTESIANPOINT((1.48087753295898E-1, -3.51093475341797E-1, 2.18265533447266E-1));
#3957 = IFCFACEOUTERBOUND(#3955, .T.);
#3958 = IFCFACE((#3957));
#3959 = IFCPOLYLOOP((#3960, #3903, #3944));
#3960 = IFCCARTESIANPOINT((1.58877853393555E-1, -3.44713592529297E-1, 2.45599746704102E-1));
#3961 = IFCFACEOUTERBOUND(#3959, .T.);
#3962 = IFCFACE((#3961));
#3963 = IFCPOLYLOOP((#3960, #3964, #3903));
#3964 = IFCCARTESIANPOINT((1.63227066040039E-1, -3.43912261962891E-1, 2.58706909179688E-1));
#3965 = IFCFACEOUTERBOUND(#3963, .T.);
#3966 = IFCFACE((#3965));
#3967 = IFCPOLYLOOP((#3948, #3903, #3964));
#3968 = IFCFACEOUTERBOUND(#3967, .T.);
#3969 = IFCFACE((#3968));
#3970 = IFCPOLYLOOP((#3971, #3931, #3927));
#3971 = IFCCARTESIANPOINT((1.74040374755859E-1, -3.49237487792969E-1, 3.04571105957031E-1));
#3972 = IFCFACEOUTERBOUND(#3970, .T.);
#3973 = IFCFACE((#3972));
#3974 = IFCPOLYLOOP((#3975, #3922, #3935));
#3975 = IFCCARTESIANPOINT((1.78581253051758E-1, -3.50273376464844E-1, 3.46001831054688E-1));
#3976 = IFCFACEOUTERBOUND(#3974, .T.);
#3977 = IFCFACE((#3976));
#3978 = IFCPOLYLOOP((#3979, #3956, #3952));
#3979 = IFCCARTESIANPOINT((1.43000152587891E-1, -3.22316528320313E-1, 2.09402679443359E-1));
#3980 = IFCFACEOUTERBOUND(#3978, .T.);
#3981 = IFCFACE((#3980));
#3982 = IFCPOLYLOOP((#3983, #3944, #3956));
#3983 = IFCCARTESIANPOINT((1.49998611450195E-1, -3.16196624755859E-1, 2.25684204101563E-1));
#3984 = IFCFACEOUTERBOUND(#3982, .T.);
#3985 = IFCFACE((#3984));
#3986 = IFCPOLYLOOP((#3983, #3987, #3944));
#3987 = IFCCARTESIANPOINT((1.57541107177734E-1, -3.1664404296875E-1, 2.45141098022461E-1));
#3988 = IFCFACEOUTERBOUND(#3986, .T.);
#3989 = IFCFACE((#3988));
#3990 = IFCPOLYLOOP((#3964, #3960, #3987));
#3991 = IFCFACEOUTERBOUND(#3990, .T.);
#3992 = IFCFACE((#3991));
#3993 = IFCPOLYLOOP((#3994, #3948, #3964));
#3994 = IFCCARTESIANPOINT((1.67595291137695E-1, -3.22410430908203E-1, 2.7730126953125E-1));
#3995 = IFCFACEOUTERBOUND(#3993, .T.);
#3996 = IFCFACE((#3995));
#3997 = IFCPOLYLOOP((#3926, #3948, #3998));
#3998 = IFCCARTESIANPOINT((1.7111784362793E-1, -3.27232269287109E-1, 2.92341430664063E-1));
#3999 = IFCFACEOUTERBOUND(#3997, .T.);
#4000 = IFCFACE((#3999));
#4001 = IFCPOLYLOOP((#3998, #4002, #3971));
#4002 = IFCCARTESIANPOINT((1.7346467590332E-1, -3.19647979736328E-1, 3.07120513916016E-1));
#4003 = IFCFACEOUTERBOUND(#4001, .T.);
#4004 = IFCFACE((#4003));
#4005 = IFCPOLYLOOP((#3971, #3926, #3998));
#4006 = IFCFACEOUTERBOUND(#4005, .T.);
#4007 = IFCFACE((#4006));
#4008 = IFCPOLYLOOP((#3931, #3971, #4009));
#4009 = IFCCARTESIANPOINT((1.75553848266602E-1, -3.21155090332031E-1, 3.21413055419922E-1));
#4010 = IFCFACEOUTERBOUND(#4008, .T.);
#4011 = IFCFACE((#4010));
#4012 = IFCPOLYLOOP((#4013, #3975, #4009));
#4013 = IFCCARTESIANPOINT((1.77221038818359E-1, -3.20696105957031E-1, 3.37078155517578E-1));
#4014 = IFCFACEOUTERBOUND(#4012, .T.);
#4015 = IFCFACE((#4014));
#4016 = IFCPOLYLOOP((#3082, #3975, #4013));
#4017 = IFCFACEOUTERBOUND(#4016, .T.);
#4018 = IFCFACE((#4017));
#4019 = IFCPOLYLOOP((#3939, #3975, #3075));
#4020 = IFCFACEOUTERBOUND(#4019, .T.);
#4021 = IFCFACE((#4020));
#4022 = IFCPOLYLOOP((#3066, #3067, #3983));
#4023 = IFCFACEOUTERBOUND(#4022, .T.);
#4024 = IFCFACE((#4023));
#4025 = IFCPOLYLOOP((#3058, #3998, #3994));
#4026 = IFCFACEOUTERBOUND(#4025, .T.);
#4027 = IFCFACE((#4026));
#4028 = IFCPOLYLOOP((#3133, #2641, #2642));
#4029 = IFCFACEOUTERBOUND(#4028, .T.);
#4030 = IFCFACE((#4029));
#4031 = IFCPOLYLOOP((#2646, #2641, #3132));
#4032 = IFCFACEOUTERBOUND(#4031, .T.);
#4033 = IFCFACE((#4032));
#4034 = IFCPOLYLOOP((#4035, #3133, #2642));
#4035 = IFCCARTESIANPOINT((1.11841278076172E-2, -5.495654296875E-1, 1.70515762329102E-1));
#4036 = IFCFACEOUTERBOUND(#4034, .T.);
#4037 = IFCFACE((#4036));
#4038 = IFCPOLYLOOP((#4039, #3217, #4035));
#4039 = IFCCARTESIANPOINT((3.01353588104248E-2, -5.47705078125E-1, 1.70230331420898E-1));
#4040 = IFCFACEOUTERBOUND(#4038, .T.);
#4041 = IFCFACE((#4040));
#4042 = IFCPOLYLOOP((#2650, #3125, #2008));
#4043 = IFCFACEOUTERBOUND(#4042, .T.);
#4044 = IFCFACE((#4043));
#4045 = IFCPOLYLOOP((#3152, #2675, #2671));
#4046 = IFCFACEOUTERBOUND(#4045, .T.);
#4047 = IFCFACE((#4046));
#4048 = IFCPOLYLOOP((#2671, #2658, #3152));
#4049 = IFCFACEOUTERBOUND(#4048, .T.);
#4050 = IFCFACE((#4049));
#4051 = IFCPOLYLOOP((#3156, #2406, #2675));
#4052 = IFCFACEOUTERBOUND(#4051, .T.);
#4053 = IFCFACE((#4052));
#4054 = IFCPOLYLOOP((#2540, #2406, #3160));
#4055 = IFCFACEOUTERBOUND(#4054, .T.);
#4056 = IFCFACE((#4055));
#4057 = IFCPOLYLOOP((#3152, #3156, #2675));
#4058 = IFCFACEOUTERBOUND(#4057, .T.);
#4059 = IFCFACE((#4058));
#4060 = IFCPOLYLOOP((#3156, #3160, #2406));
#4061 = IFCFACEOUTERBOUND(#4060, .T.);
#4062 = IFCFACE((#4061));
#4063 = IFCPOLYLOOP((#3172, #3171, #2631));
#4064 = IFCFACEOUTERBOUND(#4063, .T.);
#4065 = IFCFACE((#4064));
#4066 = IFCPOLYLOOP((#2541, #2540, #3172));
#4067 = IFCFACEOUTERBOUND(#4066, .T.);
#4068 = IFCFACE((#4067));
#4069 = IFCPOLYLOOP((#3170, #4070, #4071));
#4070 = IFCCARTESIANPOINT((4.29888763427734E-2, -6.56757446289063E-1, 3.89484588623047E-1));
#4071 = IFCCARTESIANPOINT((2.40712089538574E-2, -6.59424255371094E-1, 3.90748443603516E-1));
#4072 = IFCFACEOUTERBOUND(#4069, .T.);
#4073 = IFCFACE((#4072));
#4074 = IFCPOLYLOOP((#1664, #2631, #3171));
#4075 = IFCFACEOUTERBOUND(#4074, .T.);
#4076 = IFCFACE((#4075));
#4077 = IFCPOLYLOOP((#3160, #3165, #3172));
#4078 = IFCFACEOUTERBOUND(#4077, .T.);
#4079 = IFCFACE((#4078));
#4080 = IFCPOLYLOOP((#4081, #4082, #3213));
#4081 = IFCCARTESIANPOINT((7.27415161132813E-2, -6.50173034667969E-1, 3.90658721923828E-1));
#4082 = IFCCARTESIANPOINT((5.53329620361328E-2, -6.54383728027344E-1, 3.89464233398438E-1));
#4083 = IFCFACEOUTERBOUND(#4080, .T.);
#4084 = IFCFACE((#4083));
#4085 = IFCPOLYLOOP((#3213, #4082, #4070));
#4086 = IFCFACEOUTERBOUND(#4085, .T.);
#4087 = IFCFACE((#4086));
#4088 = IFCPOLYLOOP((#3377, #4089, #3341));
#4089 = IFCCARTESIANPOINT((1.0114315032959E-1, -6.39304260253906E-1, 3.89354064941406E-1));
#4090 = IFCFACEOUTERBOUND(#4088, .T.);
#4091 = IFCFACE((#4090));
#4092 = IFCPOLYLOOP((#4093, #4081, #3266));
#4093 = IFCCARTESIANPOINT((9.02679214477539E-2, -6.44183349609375E-1, 3.90825042724609E-1));
#4094 = IFCFACEOUTERBOUND(#4092, .T.);
#4095 = IFCFACE((#4094));
#4096 = IFCPOLYLOOP((#3377, #3399, #4097));
#4097 = IFCCARTESIANPOINT((1.11557113647461E-1, -6.34050048828125E-1, 3.89561584472656E-1));
#4098 = IFCFACEOUTERBOUND(#4096, .T.);
#4099 = IFCFACE((#4098));
#4100 = IFCPOLYLOOP((#3341, #4089, #4093));
#4101 = IFCFACEOUTERBOUND(#4100, .T.);
#4102 = IFCFACE((#4101));
#4103 = IFCPOLYLOOP((#3399, #4104, #4097));
#4104 = IFCCARTESIANPOINT((1.22848815917969E-1, -6.27090026855469E-1, 3.88314880371094E-1));
#4105 = IFCFACEOUTERBOUND(#4103, .T.);
#4106 = IFCFACE((#4105));
#4107 = IFCPOLYLOOP((#4071, #1664, #3171));
#4108 = IFCFACEOUTERBOUND(#4107, .T.);
#4109 = IFCFACE((#4108));
#4110 = IFCPOLYLOOP((#3480, #4111, #3398));
#4111 = IFCCARTESIANPOINT((1.32624374389648E-1, -6.19902221679688E-1, 3.89309448242188E-1));
#4112 = IFCFACEOUTERBOUND(#4110, .T.);
#4113 = IFCFACE((#4112));
#4114 = IFCPOLYLOOP((#4111, #3480, #4115));
#4115 = IFCCARTESIANPOINT((1.44639190673828E-1, -6.08679321289063E-1, 3.89477478027344E-1));
#4116 = IFCFACEOUTERBOUND(#4114, .T.);
#4117 = IFCFACE((#4116));
#4118 = IFCPOLYLOOP((#4115, #3480, #4119));
#4119 = IFCCARTESIANPOINT((1.46560409545898E-1, -6.01109436035156E-1, 3.70180847167969E-1));
#4120 = IFCFACEOUTERBOUND(#4118, .T.);
#4121 = IFCFACE((#4120));
#4122 = IFCPOLYLOOP((#3602, #4123, #4124));
#4123 = IFCCARTESIANPOINT((1.64602691650391E-1, -5.78051208496094E-1, 3.89885925292969E-1));
#4124 = IFCCARTESIANPOINT((1.58578399658203E-1, -5.89781799316406E-1, 3.89301910400391E-1));
#4125 = IFCFACEOUTERBOUND(#4122, .T.);
#4126 = IFCFACE((#4125));
#4127 = IFCPOLYLOOP((#3603, #4128, #4123));
#4128 = IFCCARTESIANPOINT((1.70098587036133E-1, -5.62673095703125E-1, 3.9078125E-1));
#4129 = IFCFACEOUTERBOUND(#4127, .T.);
#4130 = IFCFACE((#4129));
#4131 = IFCPOLYLOOP((#3521, #4124, #4132));
#4132 = IFCCARTESIANPOINT((1.5280322265625E-1, -5.98693420410156E-1, 3.89681518554688E-1));
#4133 = IFCFACEOUTERBOUND(#4131, .T.);
#4134 = IFCFACE((#4133));
#4135 = IFCPOLYLOOP((#4128, #3603, #3637));
#4136 = IFCFACEOUTERBOUND(#4135, .T.);
#4137 = IFCFACE((#4136));
#4138 = IFCPOLYLOOP((#3779, #3778, #4139));
#4139 = IFCCARTESIANPOINT((1.25445602416992E-1, -4.51724060058594E-1, 1.72477081298828E-1));
#4140 = IFCFACEOUTERBOUND(#4138, .T.);
#4141 = IFCFACE((#4140));
#4142 = IFCPOLYLOOP((#4143, #3847, #3818));
#4143 = IFCCARTESIANPOINT((1.2623607635498E-1, -4.276669921875E-1, 1.72457748413086E-1));
#4144 = IFCFACEOUTERBOUND(#4142, .T.);
#4145 = IFCFACE((#4144));
#4146 = IFCPOLYLOOP((#4147, #4148, #3952));
#4147 = IFCCARTESIANPOINT((1.25914688110352E-1, -3.723115234375E-1, 1.72756088256836E-1));
#4148 = IFCCARTESIANPOINT((1.26133392333984E-1, -3.36810760498047E-1, 1.75042449951172E-1));
#4149 = IFCFACEOUTERBOUND(#4146, .T.);
#4150 = IFCFACE((#4149));
#4151 = IFCPOLYLOOP((#3891, #4143, #4147));
#4152 = IFCFACEOUTERBOUND(#4151, .T.);
#4153 = IFCFACE((#4152));
#4154 = IFCPOLYLOOP((#4155, #3694, #4156));
#4155 = IFCCARTESIANPOINT((1.16769088745117E-1, -4.96457641601563E-1, 1.74508270263672E-1));
#4156 = IFCCARTESIANPOINT((1.12097091674805E-1, -5.05705596923828E-1, 1.7453483581543E-1));
#4157 = IFCFACEOUTERBOUND(#4154, .T.);
#4158 = IFCFACE((#4157));
#4159 = IFCPOLYLOOP((#4155, #4160, #3694));
#4160 = IFCCARTESIANPOINT((1.17895393371582E-1, -4.85736877441406E-1, 1.69795364379883E-1));
#4161 = IFCFACEOUTERBOUND(#4159, .T.);
#4162 = IFCFACE((#4161));
#4163 = IFCPOLYLOOP((#4164, #3778, #4160));
#4164 = IFCCARTESIANPOINT((1.19474830627441E-1, -4.78235107421875E-1, 1.68663330078125E-1));
#4165 = IFCFACEOUTERBOUND(#4163, .T.);
#4166 = IFCFACE((#4165));
#4167 = IFCPOLYLOOP((#3607, #4156, #3694));
#4168 = IFCFACEOUTERBOUND(#4167, .T.);
#4169 = IFCFACE((#4168));
#4170 = IFCPOLYLOOP((#4160, #3693, #3694));
#4171 = IFCFACEOUTERBOUND(#4170, .T.);
#4172 = IFCFACE((#4171));
#4173 = IFCPOLYLOOP((#4174, #3778, #4164));
#4174 = IFCCARTESIANPOINT((1.21794784545898E-1, -4.67029174804688E-1, 1.6851774597168E-1));
#4175 = IFCFACEOUTERBOUND(#4173, .T.);
#4176 = IFCFACE((#4175));
#4177 = IFCPOLYLOOP((#3818, #3779, #4139));
#4178 = IFCFACEOUTERBOUND(#4177, .T.);
#4179 = IFCFACE((#4178));
#4180 = IFCPOLYLOOP((#3891, #3847, #4143));
#4181 = IFCFACEOUTERBOUND(#4180, .T.);
#4182 = IFCFACE((#4181));
#4183 = IFCPOLYLOOP((#3891, #4147, #3952));
#4184 = IFCFACEOUTERBOUND(#4183, .T.);
#4185 = IFCFACE((#4184));
#4186 = IFCPOLYLOOP((#4148, #4187, #3952));
#4187 = IFCCARTESIANPOINT((1.35800994873047E-1, -3.22920074462891E-1, 1.94693252563477E-1));
#4188 = IFCFACEOUTERBOUND(#4186, .T.);
#4189 = IFCFACE((#4188));
#4190 = IFCPOLYLOOP((#3066, #4187, #3071));
#4191 = IFCFACEOUTERBOUND(#4190, .T.);
#4192 = IFCFACE((#4191));
#4193 = IFCPOLYLOOP((#3983, #3067, #2887));
#4194 = IFCFACEOUTERBOUND(#4193, .T.);
#4195 = IFCFACE((#4194));
#4196 = IFCPOLYLOOP((#3987, #2887, #2886));
#4197 = IFCFACEOUTERBOUND(#4196, .T.);
#4198 = IFCFACE((#4197));
#4199 = IFCPOLYLOOP((#3994, #4200, #2893));
#4200 = IFCCARTESIANPOINT((1.62608612060547E-1, -3.14026458740234E-1, 2.61066925048828E-1));
#4201 = IFCFACEOUTERBOUND(#4199, .T.);
#4202 = IFCFACE((#4201));
#4203 = IFCPOLYLOOP((#3994, #2893, #3058));
#4204 = IFCFACEOUTERBOUND(#4203, .T.);
#4205 = IFCFACE((#4204));
#4206 = IFCPOLYLOOP((#2903, #3062, #3058));
#4207 = IFCFACEOUTERBOUND(#4206, .T.);
#4208 = IFCFACE((#4207));
#4209 = IFCPOLYLOOP((#2909, #3082, #4013));
#4210 = IFCFACEOUTERBOUND(#4209, .T.);
#4211 = IFCFACE((#4210));
#4212 = IFCPOLYLOOP((#4187, #4148, #3071));
#4213 = IFCFACEOUTERBOUND(#4212, .T.);
#4214 = IFCFACE((#4213));
#4215 = IFCPOLYLOOP((#3719, #4216, #3637));
#4216 = IFCCARTESIANPOINT((1.73470260620117E-1, -5.47497802734375E-1, 3.91049102783203E-1));
#4217 = IFCFACEOUTERBOUND(#4215, .T.);
#4218 = IFCFACE((#4217));
#4219 = IFCPOLYLOOP((#3715, #4220, #4221));
#4220 = IFCCARTESIANPOINT((1.76140655517578E-1, -5.09317901611328E-1, 3.7037060546875E-1));
#4221 = IFCCARTESIANPOINT((1.75924285888672E-1, -5.28688110351563E-1, 3.89983947753906E-1));
#4222 = IFCFACEOUTERBOUND(#4219, .T.);
#4223 = IFCFACE((#4222));
#4224 = IFCPOLYLOOP((#4220, #3774, #4225));
#4225 = IFCCARTESIANPOINT((1.77361343383789E-1, -5.0696435546875E-1, 3.90158813476563E-1));
#4226 = IFCFACEOUTERBOUND(#4224, .T.);
#4227 = IFCFACE((#4226));
#4228 = IFCPOLYLOOP((#4216, #3719, #4221));
#4229 = IFCFACEOUTERBOUND(#4228, .T.);
#4230 = IFCFACE((#4229));
#4231 = IFCPOLYLOOP((#4220, #4225, #4221));
#4232 = IFCFACEOUTERBOUND(#4231, .T.);
#4233 = IFCFACE((#4232));
#4234 = IFCPOLYLOOP((#4225, #3774, #4235));
#4235 = IFCCARTESIANPOINT((1.78734634399414E-1, -4.66267944335938E-1, 3.90000335693359E-1));
#4236 = IFCFACEOUTERBOUND(#4234, .T.);
#4237 = IFCFACE((#4236));
#4238 = IFCPOLYLOOP((#3075, #4239, #3939));
#4239 = IFCCARTESIANPOINT((1.79650970458984E-1, -3.240615234375E-1, 3.91398559570313E-1));
#4240 = IFCFACEOUTERBOUND(#4238, .T.);
#4241 = IFCFACE((#4240));
#4242 = IFCPOLYLOOP((#4239, #3075, #2845));
#4243 = IFCFACEOUTERBOUND(#4242, .T.);
#4244 = IFCFACE((#4243));
#4245 = IFCPOLYLOOP((#3886, #3940, #3887));
#4246 = IFCFACEOUTERBOUND(#4245, .T.);
#4247 = IFCFACE((#4246));
#4248 = IFCPOLYLOOP((#3939, #4239, #3940));
#4249 = IFCFACEOUTERBOUND(#4248, .T.);
#4250 = IFCFACE((#4249));
#4251 = IFCPOLYLOOP((#4252, #4225, #4235));
#4252 = IFCCARTESIANPOINT((1.76716064453125E-1, -5.11034362792969E-1, 3.93429718017578E-1));
#4253 = IFCFACEOUTERBOUND(#4251, .T.);
#4254 = IFCFACE((#4253));
#4255 = IFCPOLYLOOP((#4252, #4221, #4225));
#4256 = IFCFACEOUTERBOUND(#4255, .T.);
#4257 = IFCFACE((#4256));
#4258 = IFCPOLYLOOP((#4259, #4216, #4221));
#4259 = IFCCARTESIANPOINT((1.74705154418945E-1, -5.34639099121094E-1, 3.93485382080078E-1));
#4260 = IFCFACEOUTERBOUND(#4258, .T.);
#4261 = IFCFACE((#4260));
#4262 = IFCPOLYLOOP((#4263, #4123, #4128));
#4263 = IFCCARTESIANPOINT((1.64084243774414E-1, -5.77530517578125E-1, 3.93809356689453E-1));
#4264 = IFCFACEOUTERBOUND(#4262, .T.);
#4265 = IFCFACE((#4264));
#4266 = IFCPOLYLOOP((#4123, #4263, #4124));
#4267 = IFCFACEOUTERBOUND(#4266, .T.);
#4268 = IFCFACE((#4267));
#4269 = IFCPOLYLOOP((#4270, #4132, #4271));
#4270 = IFCCARTESIANPOINT((1.47951919555664E-1, -6.04036376953125E-1, 3.93570831298828E-1));
#4271 = IFCCARTESIANPOINT((1.57483200073242E-1, -5.90678955078125E-1, 3.93427612304688E-1));
#4272 = IFCFACEOUTERBOUND(#4269, .T.);
#4273 = IFCFACE((#4272));
#4274 = IFCPOLYLOOP((#4270, #4115, #4132));
#4275 = IFCFACEOUTERBOUND(#4274, .T.);
#4276 = IFCFACE((#4275));
#4277 = IFCPOLYLOOP((#4278, #4111, #4279));
#4278 = IFCCARTESIANPOINT((1.23914169311523E-1, -6.260576171875E-1, 3.92609619140625E-1));
#4279 = IFCCARTESIANPOINT((1.3743229675293E-1, -6.14570129394531E-1, 3.94434509277344E-1));
#4280 = IFCFACEOUTERBOUND(#4277, .T.);
#4281 = IFCFACE((#4280));
#4282 = IFCPOLYLOOP((#4283, #4097, #4278));
#4283 = IFCCARTESIANPOINT((1.09274917602539E-1, -6.34560668945313E-1, 3.93618499755859E-1));
#4284 = IFCFACEOUTERBOUND(#4282, .T.);
#4285 = IFCFACE((#4284));
#4286 = IFCPOLYLOOP((#4093, #4089, #4283));
#4287 = IFCFACEOUTERBOUND(#4286, .T.);
#4288 = IFCFACE((#4287));
#4289 = IFCPOLYLOOP((#4290, #4082, #4081));
#4290 = IFCCARTESIANPOINT((4.90252113342285E-2, -6.55321594238281E-1, 3.92777099609375E-1));
#4291 = IFCFACEOUTERBOUND(#4289, .T.);
#4292 = IFCFACE((#4291));
#4293 = IFCPOLYLOOP((#1663, #1664, #4071));
#4294 = IFCFACEOUTERBOUND(#4293, .T.);
#4295 = IFCFACE((#4294));
#4296 = IFCPOLYLOOP((#4297, #4239, #2844));
#4297 = IFCCARTESIANPOINT((1.78030517578125E-1, -3.23038726806641E-1, 3.95646118164063E-1));
#4298 = IFCFACEOUTERBOUND(#4296, .T.);
#4299 = IFCFACE((#4298));
#4300 = IFCPOLYLOOP((#4301, #3887, #4302));
#4301 = IFCCARTESIANPOINT((1.78209136962891E-1, -4.44176086425781E-1, 3.94492462158203E-1));
#4302 = IFCCARTESIANPOINT((1.79349990844727E-1, -3.86074920654297E-1, 3.93656555175781E-1));
#4303 = IFCFACEOUTERBOUND(#4300, .T.);
#4304 = IFCFACE((#4303));
#4305 = IFCPOLYLOOP((#4306, #4216, #4259));
#4306 = IFCCARTESIANPOINT((1.69653259277344E-1, -5.57253295898438E-1, 3.9583984375E-1));
#4307 = IFCFACEOUTERBOUND(#4305, .T.);
#4308 = IFCFACE((#4307));
#4309 = IFCPOLYLOOP((#4306, #4128, #4216));
#4310 = IFCFACEOUTERBOUND(#4309, .T.);
#4311 = IFCFACE((#4310));
#4312 = IFCPOLYLOOP((#4313, #4278, #4279));
#4313 = IFCCARTESIANPOINT((1.23587699890137E-1, -6.24811401367188E-1, 3.95498016357422E-1));
#4314 = IFCFACEOUTERBOUND(#4312, .T.);
#4315 = IFCFACE((#4314));
#4316 = IFCPOLYLOOP((#4317, #4093, #4283));
#4317 = IFCCARTESIANPOINT((9.06325073242188E-2, -6.42182250976563E-1, 3.95593048095703E-1));
#4318 = IFCFACEOUTERBOUND(#4316, .T.);
#4319 = IFCFACE((#4318));
#4320 = IFCPOLYLOOP((#4321, #4081, #4317));
#4321 = IFCCARTESIANPOINT((7.01507415771484E-2, -6.48992126464844E-1, 3.95625366210938E-1));
#4322 = IFCFACEOUTERBOUND(#4320, .T.);
#4323 = IFCFACE((#4322));
#4324 = IFCPOLYLOOP((#4325, #4290, #4321));
#4325 = IFCCARTESIANPOINT((4.92269172668457E-2, -6.53729919433594E-1, 3.95989715576172E-1));
#4326 = IFCFACEOUTERBOUND(#4324, .T.);
#4327 = IFCFACE((#4326));
#4328 = IFCPOLYLOOP((#4329, #4071, #4290));
#4329 = IFCCARTESIANPOINT((2.52072200775146E-2, -6.57316589355469E-1, 3.95948791503906E-1));
#4330 = IFCFACEOUTERBOUND(#4328, .T.);
#4331 = IFCFACE((#4330));
#4332 = IFCPOLYLOOP((#4333, #4301, #4302));
#4333 = IFCCARTESIANPOINT((1.76415908813477E-1, -4.26449096679688E-1, 3.97460968017578E-1));
#4334 = IFCFACEOUTERBOUND(#4332, .T.);
#4335 = IFCFACE((#4334));
#4336 = IFCPOLYLOOP((#4337, #4252, #4301));
#4337 = IFCCARTESIANPOINT((1.75040100097656E-1, -5.08286285400391E-1, 3.96460784912109E-1));
#4338 = IFCFACEOUTERBOUND(#4336, .T.);
#4339 = IFCFACE((#4338));
#4340 = IFCPOLYLOOP((#4341, #4259, #4252));
#4341 = IFCCARTESIANPOINT((1.72864730834961E-1, -5.34230895996094E-1, 3.96555084228516E-1));
#4342 = IFCFACEOUTERBOUND(#4340, .T.);
#4343 = IFCFACE((#4342));
#4344 = IFCPOLYLOOP((#4345, #4263, #4306));
#4345 = IFCCARTESIANPOINT((1.62232543945313E-1, -5.75383239746094E-1, 3.97369750976563E-1));
#4346 = IFCFACEOUTERBOUND(#4344, .T.);
#4347 = IFCFACE((#4346));
#4348 = IFCPOLYLOOP((#4349, #4271, #4263));
#4349 = IFCCARTESIANPOINT((1.57020050048828E-1, -5.87756774902344E-1, 3.96422760009766E-1));
#4350 = IFCFACEOUTERBOUND(#4348, .T.);
#4351 = IFCFACE((#4350));
#4352 = IFCPOLYLOOP((#4353, #4271, #4349));
#4353 = IFCCARTESIANPOINT((1.48392883300781E-1, -5.99764587402344E-1, 3.97205474853516E-1));
#4354 = IFCFACEOUTERBOUND(#4352, .T.);
#4355 = IFCFACE((#4354));
#4356 = IFCPOLYLOOP((#4279, #4270, #4353));
#4357 = IFCFACEOUTERBOUND(#4356, .T.);
#4358 = IFCFACE((#4357));
#4359 = IFCPOLYLOOP((#4360, #4283, #4313));
#4360 = IFCCARTESIANPOINT((1.08014060974121E-1, -6.3249853515625E-1, 3.97211669921875E-1));
#4361 = IFCFACEOUTERBOUND(#4359, .T.);
#4362 = IFCFACE((#4361));
#4363 = IFCPOLYLOOP((#2864, #4297, #2855));
#4364 = IFCFACEOUTERBOUND(#4363, .T.);
#4365 = IFCFACE((#4364));
#4366 = IFCPOLYLOOP((#4333, #4367, #2864));
#4367 = IFCCARTESIANPOINT((1.77704498291016E-1, -3.73917907714844E-1, 3.96400115966797E-1));
#4368 = IFCFACEOUTERBOUND(#4366, .T.);
#4369 = IFCFACE((#4368));
#4370 = IFCPOLYLOOP((#4371, #4337, #4333));
#4371 = IFCCARTESIANPOINT((1.71573608398438E-1, -5.21774536132813E-1, 3.98864013671875E-1));
#4372 = IFCFACEOUTERBOUND(#4370, .T.);
#4373 = IFCFACE((#4372));
#4374 = IFCPOLYLOOP((#4371, #4341, #4337));
#4375 = IFCFACEOUTERBOUND(#4374, .T.);
#4376 = IFCFACE((#4375));
#4377 = IFCPOLYLOOP((#4378, #4306, #4341));
#4378 = IFCCARTESIANPOINT((1.66009658813477E-1, -5.55079162597656E-1, 3.99256164550781E-1));
#4379 = IFCFACEOUTERBOUND(#4377, .T.);
#4380 = IFCFACE((#4379));
#4381 = IFCPOLYLOOP((#4382, #4349, #4345));
#4382 = IFCCARTESIANPOINT((1.57032897949219E-1, -5.81975952148438E-1, 3.98949829101563E-1));
#4383 = IFCFACEOUTERBOUND(#4381, .T.);
#4384 = IFCFACE((#4383));
#4385 = IFCPOLYLOOP((#4386, #4313, #4387));
#4386 = IFCCARTESIANPOINT((1.14669250488281E-1, -6.26348083496094E-1, 3.98861694335938E-1));
#4387 = IFCCARTESIANPOINT((1.32956268310547E-1, -6.13608215332031E-1, 3.98634674072266E-1));
#4388 = IFCFACEOUTERBOUND(#4385, .T.);
#4389 = IFCFACE((#4388));
#4390 = IFCPOLYLOOP((#4391, #4317, #4360));
#4391 = IFCCARTESIANPOINT((8.71439743041992E-2, -6.39501892089844E-1, 3.99061645507813E-1));
#4392 = IFCFACEOUTERBOUND(#4390, .T.);
#4393 = IFCFACE((#4392));
#4394 = IFCPOLYLOOP((#4395, #4321, #4391));
#4395 = IFCCARTESIANPOINT((6.79173583984375E-2, -6.46320129394531E-1, 3.98643707275391E-1));
#4396 = IFCFACEOUTERBOUND(#4394, .T.);
#4397 = IFCFACE((#4396));
#4398 = IFCPOLYLOOP((#4399, #4325, #4395));
#4399 = IFCCARTESIANPOINT((4.74667663574219E-2, -6.50298156738281E-1, 3.99123565673828E-1));
#4400 = IFCFACEOUTERBOUND(#4398, .T.);
#4401 = IFCFACE((#4400));
#4402 = IFCPOLYLOOP((#4325, #4399, #4329));
#4403 = IFCFACEOUTERBOUND(#4402, .T.);
#4404 = IFCFACE((#4403));
#4405 = IFCPOLYLOOP((#1668, #1663, #4329));
#4406 = IFCFACEOUTERBOUND(#4405, .T.);
#4407 = IFCFACE((#4406));
#4408 = IFCPOLYLOOP((#4409, #4333, #2864));
#4409 = IFCCARTESIANPOINT((1.73515869140625E-1, -4.35919830322266E-1, 3.99155517578125E-1));
#4410 = IFCFACEOUTERBOUND(#4408, .T.);
#4411 = IFCFACE((#4410));
#4412 = IFCPOLYLOOP((#4382, #4345, #4378));
#4413 = IFCFACEOUTERBOUND(#4412, .T.);
#4414 = IFCFACE((#4413));
#4415 = IFCPOLYLOOP((#4416, #4353, #4382));
#4416 = IFCCARTESIANPOINT((1.44413558959961E-1, -5.98176696777344E-1, 3.99590576171875E-1));
#4417 = IFCFACEOUTERBOUND(#4415, .T.);
#4418 = IFCFACE((#4417));
#4419 = IFCPOLYLOOP((#4420, #4382, #4378));
#4420 = IFCCARTESIANPOINT((1.55146438598633E-1, -5.78114685058594E-1, 3.99999542236328E-1));
#4421 = IFCFACEOUTERBOUND(#4419, .T.);
#4422 = IFCFACE((#4421));
#4423 = IFCPOLYLOOP((#4424, #4387, #4416));
#4424 = IFCCARTESIANPOINT((1.26303115844727E-1, -6.13939758300781E-1, 3.99999633789063E-1));
#4425 = IFCFACEOUTERBOUND(#4423, .T.);
#4426 = IFCFACE((#4425));
#4427 = IFCPOLYLOOP((#4428, #4386, #4424));
#4428 = IFCCARTESIANPOINT((1.02685577392578E-1, -6.28578063964844E-1, 3.99997344970703E-1));
#4429 = IFCFACEOUTERBOUND(#4427, .T.);
#4430 = IFCFACE((#4429));
#4431 = IFCPOLYLOOP((#4432, #4395, #4391));
#4432 = IFCCARTESIANPOINT((6.64166412353516E-2, -6.42468383789063E-1, 3.99995819091797E-1));
#4433 = IFCFACEOUTERBOUND(#4431, .T.);
#4434 = IFCFACE((#4433));
#4435 = IFCPOLYLOOP((#1676, #4436, #4399));
#4436 = IFCCARTESIANPOINT((2.44021053314209E-2, -6.54140563964844E-1, 3.98792724609375E-1));
#4437 = IFCFACEOUTERBOUND(#4435, .T.);
#4438 = IFCFACE((#4437));
#4439 = IFCPOLYLOOP((#1676, #1668, #4436));
#4440 = IFCFACEOUTERBOUND(#4439, .T.);
#4441 = IFCFACE((#4440));
#4442 = IFCPOLYLOOP((#4239, #4302, #3940));
#4443 = IFCFACEOUTERBOUND(#4442, .T.);
#4444 = IFCFACE((#4443));
#4445 = IFCPOLYLOOP((#3887, #3940, #4302));
#4446 = IFCFACEOUTERBOUND(#4445, .T.);
#4447 = IFCFACE((#4446));
#4448 = IFCPOLYLOOP((#2855, #4297, #2844));
#4449 = IFCFACEOUTERBOUND(#4448, .T.);
#4450 = IFCFACE((#4449));
#4451 = IFCPOLYLOOP((#2873, #4452, #2864));
#4452 = IFCCARTESIANPOINT((1.72069381713867E-1, -3.60025665283203E-1, 3.99813323974609E-1));
#4453 = IFCFACEOUTERBOUND(#4451, .T.);
#4454 = IFCFACE((#4453));
#4455 = IFCPOLYLOOP((#4456, #4420, #4378));
#4456 = IFCCARTESIANPOINT((1.67791122436523E-1, -5.26548706054688E-1, 3.99920318603516E-1));
#4457 = IFCFACEOUTERBOUND(#4455, .T.);
#4458 = IFCFACE((#4457));
#4459 = IFCPOLYLOOP((#4452, #2873, #4460));
#4460 = IFCCARTESIANPOINT((1.6990007019043E-1, -4.64046325683594E-1, 3.99997711181641E-1));
#4461 = IFCFACEOUTERBOUND(#4459, .T.);
#4462 = IFCFACE((#4461));
#4463 = IFCPOLYLOOP((#4428, #4432, #4391));
#4464 = IFCFACEOUTERBOUND(#4463, .T.);
#4465 = IFCFACE((#4464));
#4466 = IFCPOLYLOOP((#4424, #4416, #4420));
#4467 = IFCFACEOUTERBOUND(#4466, .T.);
#4468 = IFCFACE((#4467));
#4469 = IFCPOLYLOOP((#4399, #4432, #1676));
#4470 = IFCFACEOUTERBOUND(#4469, .T.);
#4471 = IFCFACE((#4470));
#4472 = IFCPOLYLOOP((#4473, #4474, #4475));
#4473 = IFCCARTESIANPOINT((1.3286897277832E-1, -1.72280471801758E-1, 3.99996063232422E-1));
#4474 = IFCCARTESIANPOINT((1.3232698059082E-1, -4.48098689957988E-8, 3.99999389648438E-1));
#4475 = IFCCARTESIANPOINT((2.35103416442871E-2, -1.53712875366211E-1, 4.00000030517578E-1));
#4476 = IFCFACEOUTERBOUND(#4472, .T.);
#4477 = IFCFACE((#4476));
#4478 = IFCPOLYLOOP((#4475, #4479, #4473));
#4479 = IFCCARTESIANPOINT((1.4075048828125E-1, -1.96364288330078E-1, 3.99999298095703E-1));
#4480 = IFCFACEOUTERBOUND(#4478, .T.);
#4481 = IFCFACE((#4480));
#4482 = IFCPOLYLOOP((#4475, #1041, #1164));
#4483 = IFCFACEOUTERBOUND(#4482, .T.);
#4484 = IFCFACE((#4483));
#4485 = IFCPOLYLOOP((#4475, #1164, #1156));
#4486 = IFCFACEOUTERBOUND(#4485, .T.);
#4487 = IFCFACE((#4486));
#4488 = IFCPOLYLOOP((#1156, #1160, #4475));
#4489 = IFCFACEOUTERBOUND(#4488, .T.);
#4490 = IFCFACE((#4489));
#4491 = IFCPOLYLOOP((#1160, #1152, #4475));
#4492 = IFCFACEOUTERBOUND(#4491, .T.);
#4493 = IFCFACE((#4492));
#4494 = IFCPOLYLOOP((#1152, #1148, #4475));
#4495 = IFCFACEOUTERBOUND(#4494, .T.);
#4496 = IFCFACE((#4495));
#4497 = IFCPOLYLOOP((#2873, #4479, #1148));
#4498 = IFCFACEOUTERBOUND(#4497, .T.);
#4499 = IFCFACE((#4498));
#4500 = IFCPOLYLOOP((#2873, #1148, #1144));
#4501 = IFCFACEOUTERBOUND(#4500, .T.);
#4502 = IFCFACE((#4501));
#4503 = IFCPOLYLOOP((#2873, #1144, #1140));
#4504 = IFCFACEOUTERBOUND(#4503, .T.);
#4505 = IFCFACE((#4504));
#4506 = IFCPOLYLOOP((#2873, #1140, #1136));
#4507 = IFCFACEOUTERBOUND(#4506, .T.);
#4508 = IFCFACE((#4507));
#4509 = IFCPOLYLOOP((#2873, #1136, #1132));
#4510 = IFCFACEOUTERBOUND(#4509, .T.);
#4511 = IFCFACE((#4510));
#4512 = IFCPOLYLOOP((#2873, #1132, #1128));
#4513 = IFCFACEOUTERBOUND(#4512, .T.);
#4514 = IFCFACE((#4513));
#4515 = IFCPOLYLOOP((#4479, #2873, #2868));
#4516 = IFCFACEOUTERBOUND(#4515, .T.);
#4517 = IFCFACE((#4516));
#4518 = IFCPOLYLOOP((#4428, #4424, #1068));
#4519 = IFCFACEOUTERBOUND(#4518, .T.);
#4520 = IFCFACE((#4519));
#4521 = IFCPOLYLOOP((#4428, #1064, #1060));
#4522 = IFCFACEOUTERBOUND(#4521, .T.);
#4523 = IFCFACE((#4522));
#4524 = IFCPOLYLOOP((#4428, #1068, #1064));
#4525 = IFCFACEOUTERBOUND(#4524, .T.);
#4526 = IFCFACE((#4525));
#4527 = IFCPOLYLOOP((#4424, #1080, #1076));
#4528 = IFCFACEOUTERBOUND(#4527, .T.);
#4529 = IFCFACE((#4528));
#4530 = IFCPOLYLOOP((#1080, #4424, #1084));
#4531 = IFCFACEOUTERBOUND(#4530, .T.);
#4532 = IFCFACE((#4531));
#4533 = IFCPOLYLOOP((#1076, #1072, #4424));
#4534 = IFCFACEOUTERBOUND(#4533, .T.);
#4535 = IFCFACE((#4534));
#4536 = IFCPOLYLOOP((#1051, #1052, #1676));
#4537 = IFCFACEOUTERBOUND(#4536, .T.);
#4538 = IFCFACE((#4537));
#4539 = IFCPOLYLOOP((#1676, #1052, #955));
#4540 = IFCFACEOUTERBOUND(#4539, .T.);
#4541 = IFCFACE((#4540));
#4542 = IFCPOLYLOOP((#4432, #4428, #1060));
#4543 = IFCFACEOUTERBOUND(#4542, .T.);
#4544 = IFCFACE((#4543));
#4545 = IFCPOLYLOOP((#4432, #1056, #1051));
#4546 = IFCFACEOUTERBOUND(#4545, .T.);
#4547 = IFCFACE((#4546));
#4548 = IFCPOLYLOOP((#2873, #1096, #4460));
#4549 = IFCFACEOUTERBOUND(#4548, .T.);
#4550 = IFCFACE((#4549));
#4551 = IFCPOLYLOOP((#1096, #2873, #1124));
#4552 = IFCFACEOUTERBOUND(#4551, .T.);
#4553 = IFCFACE((#4552));
#4554 = IFCPOLYLOOP((#1088, #4460, #1092));
#4555 = IFCFACEOUTERBOUND(#4554, .T.);
#4556 = IFCFACE((#4555));
#4557 = IFCPOLYLOOP((#4460, #1088, #1084));
#4558 = IFCFACEOUTERBOUND(#4557, .T.);
#4559 = IFCFACE((#4558));
#4560 = IFCPOLYLOOP((#1051, #1676, #4432));
#4561 = IFCFACEOUTERBOUND(#4560, .T.);
#4562 = IFCFACE((#4561));
#4563 = IFCPOLYLOOP((#1096, #1092, #4460));
#4564 = IFCFACEOUTERBOUND(#4563, .T.);
#4565 = IFCFACE((#4564));
#4566 = IFCPOLYLOOP((#4424, #4460, #1084));
#4567 = IFCFACEOUTERBOUND(#4566, .T.);
#4568 = IFCFACE((#4567));
#4569 = IFCPOLYLOOP((#4420, #4460, #4424));
#4570 = IFCFACEOUTERBOUND(#4569, .T.);
#4571 = IFCFACE((#4570));
#4572 = IFCPOLYLOOP((#4420, #4456, #4460));
#4573 = IFCFACEOUTERBOUND(#4572, .T.);
#4574 = IFCFACE((#4573));
#4575 = IFCPOLYLOOP((#1128, #1124, #2873));
#4576 = IFCFACEOUTERBOUND(#4575, .T.);
#4577 = IFCFACE((#4576));
#4578 = IFCPOLYLOOP((#1019, #1041, #4475));
#4579 = IFCFACEOUTERBOUND(#4578, .T.);
#4580 = IFCFACE((#4579));
#4581 = IFCPOLYLOOP((#4475, #1015, #1019));
#4582 = IFCFACEOUTERBOUND(#4581, .T.);
#4583 = IFCFACE((#4582));
#4584 = IFCPOLYLOOP((#4475, #1007, #1015));
#4585 = IFCFACEOUTERBOUND(#4584, .T.);
#4586 = IFCFACE((#4585));
#4587 = IFCPOLYLOOP((#4475, #4588, #999));
#4588 = IFCCARTESIANPOINT((-1.392353515625E-1, -1.9360871887207E-1, 3.99999481201172E-1));
#4589 = IFCFACEOUTERBOUND(#4587, .T.);
#4590 = IFCFACE((#4589));
#4591 = IFCPOLYLOOP((#1007, #4475, #1003));
#4592 = IFCFACEOUTERBOUND(#4591, .T.);
#4593 = IFCFACE((#4592));
#4594 = IFCPOLYLOOP((#4475, #999, #1003));
#4595 = IFCFACEOUTERBOUND(#4594, .T.);
#4596 = IFCFACE((#4595));
#4597 = IFCPOLYLOOP((#999, #1444, #1011));
#4598 = IFCFACEOUTERBOUND(#4597, .T.);
#4599 = IFCFACE((#4598));
#4600 = IFCPOLYLOOP((#995, #1011, #1444));
#4601 = IFCFACEOUTERBOUND(#4600, .T.);
#4602 = IFCFACE((#4601));
#4603 = IFCPOLYLOOP((#1444, #991, #995));
#4604 = IFCFACEOUTERBOUND(#4603, .T.);
#4605 = IFCFACE((#4604));
#4606 = IFCPOLYLOOP((#987, #991, #1444));
#4607 = IFCFACEOUTERBOUND(#4606, .T.);
#4608 = IFCFACE((#4607));
#4609 = IFCPOLYLOOP((#1652, #983, #1444));
#4610 = IFCFACEOUTERBOUND(#4609, .T.);
#4611 = IFCFACE((#4610));
#4612 = IFCPOLYLOOP((#979, #983, #1652));
#4613 = IFCFACEOUTERBOUND(#4612, .T.);
#4614 = IFCFACE((#4613));
#4615 = IFCPOLYLOOP((#1652, #975, #979));
#4616 = IFCFACEOUTERBOUND(#4615, .T.);
#4617 = IFCFACE((#4616));
#4618 = IFCPOLYLOOP((#1444, #983, #987));
#4619 = IFCFACEOUTERBOUND(#4618, .T.);
#4620 = IFCFACE((#4619));
#4621 = IFCPOLYLOOP((#4475, #4622, #4623));
#4622 = IFCCARTESIANPOINT((-1.3237873840332E-1, -2.58736099567614E-9, 3.99999389648438E-1));
#4623 = IFCCARTESIANPOINT((-1.32734237670898E-1, -1.69672698974609E-1, 3.99998046875E-1));
#4624 = IFCFACEOUTERBOUND(#4621, .T.);
#4625 = IFCFACE((#4624));
#4626 = IFCPOLYLOOP((#4623, #4588, #4475));
#4627 = IFCFACEOUTERBOUND(#4626, .T.);
#4628 = IFCFACE((#4627));
#4629 = IFCPOLYLOOP((#1656, #1652, #1444));
#4630 = IFCFACEOUTERBOUND(#4629, .T.);
#4631 = IFCFACE((#4630));
#4632 = IFCPOLYLOOP((#1687, #1680, #954));
#4633 = IFCFACEOUTERBOUND(#4632, .T.);
#4634 = IFCFACE((#4633));
#4635 = IFCPOLYLOOP((#926, #930, #1687));
#4636 = IFCFACEOUTERBOUND(#4635, .T.);
#4637 = IFCFACE((#4636));
#4638 = IFCPOLYLOOP((#954, #1680, #955));
#4639 = IFCFACEOUTERBOUND(#4638, .T.);
#4640 = IFCFACE((#4639));
#4641 = IFCPOLYLOOP((#938, #1687, #930));
#4642 = IFCFACEOUTERBOUND(#4641, .T.);
#4643 = IFCFACE((#4642));
#4644 = IFCPOLYLOOP((#934, #1632, #938));
#4645 = IFCFACEOUTERBOUND(#4644, .T.);
#4646 = IFCFACE((#4645));
#4647 = IFCPOLYLOOP((#1632, #934, #950));
#4648 = IFCFACEOUTERBOUND(#4647, .T.);
#4649 = IFCFACE((#4648));
#4650 = IFCPOLYLOOP((#955, #1680, #1676));
#4651 = IFCFACEOUTERBOUND(#4650, .T.);
#4652 = IFCFACE((#4651));
#4653 = IFCPOLYLOOP((#1648, #959, #967));
#4654 = IFCFACEOUTERBOUND(#4653, .T.);
#4655 = IFCFACE((#4654));
#4656 = IFCPOLYLOOP((#967, #971, #1648));
#4657 = IFCFACEOUTERBOUND(#4656, .T.);
#4658 = IFCFACE((#4657));
#4659 = IFCPOLYLOOP((#946, #1636, #942));
#4660 = IFCFACEOUTERBOUND(#4659, .T.);
#4661 = IFCFACE((#4660));
#4662 = IFCPOLYLOOP((#963, #959, #1648));
#4663 = IFCFACEOUTERBOUND(#4662, .T.);
#4664 = IFCFACE((#4663));
#4665 = IFCPOLYLOOP((#1648, #946, #963));
#4666 = IFCFACEOUTERBOUND(#4665, .T.);
#4667 = IFCFACE((#4666));
#4668 = IFCPOLYLOOP((#971, #975, #1652));
#4669 = IFCFACEOUTERBOUND(#4668, .T.);
#4670 = IFCFACE((#4669));
#4671 = IFCPOLYLOOP((#1648, #971, #1652));
#4672 = IFCFACEOUTERBOUND(#4671, .T.);
#4673 = IFCFACE((#4672));
#4674 = IFCPOLYLOOP((#1636, #946, #1648));
#4675 = IFCFACEOUTERBOUND(#4674, .T.);
#4676 = IFCFACE((#4675));
#4677 = IFCPOLYLOOP((#1632, #950, #1636));
#4678 = IFCFACEOUTERBOUND(#4677, .T.);
#4679 = IFCFACE((#4678));
#4680 = IFCPOLYLOOP((#1640, #1636, #1648));
#4681 = IFCFACEOUTERBOUND(#4680, .T.);
#4682 = IFCFACE((#4681));
#4683 = IFCPOLYLOOP((#1444, #4588, #1451));
#4684 = IFCFACEOUTERBOUND(#4683, .T.);
#4685 = IFCFACE((#4684));
#4686 = IFCPOLYLOOP((#1640, #1648, #1624));
#4687 = IFCFACEOUTERBOUND(#4686, .T.);
#4688 = IFCFACE((#4687));
#4689 = IFCPOLYLOOP((#4690, #4691, #4692));
#4690 = IFCCARTESIANPOINT((-1.40699340820313E-1, -1.61646926879883E-1, 3.94137634277344E-1));
#4691 = IFCCARTESIANPOINT((-1.41539596557617E-1, -1.61486312866211E-1, 3.90287689208984E-1));
#4692 = IFCCARTESIANPOINT((-1.42622985839844E-1, -1.71813552856445E-1, 3.91455841064453E-1));
#4693 = IFCFACEOUTERBOUND(#4689, .T.);
#4694 = IFCFACE((#4693));
#4695 = IFCPOLYLOOP((#4696, #4697, #1390));
#4696 = IFCCARTESIANPOINT((-1.46469543457031E-1, -1.92442947387695E-1, 3.96453094482422E-1));
#4697 = IFCCARTESIANPOINT((-1.44625350952148E-1, -1.8106657409668E-1, 3.91951019287109E-1));
#4698 = IFCFACEOUTERBOUND(#4695, .T.);
#4699 = IFCFACE((#4698));
#4700 = IFCPOLYLOOP((#4701, #4692, #4697));
#4701 = IFCCARTESIANPOINT((-1.41308059692383E-1, -1.77321334838867E-1, 3.96246154785156E-1));
#4702 = IFCFACEOUTERBOUND(#4700, .T.);
#4703 = IFCFACE((#4702));
#4704 = IFCPOLYLOOP((#4705, #4690, #4701));
#4705 = IFCCARTESIANPOINT((-1.39158004760742E-1, -1.62993347167969E-1, 3.96425994873047E-1));
#4706 = IFCFACEOUTERBOUND(#4704, .T.);
#4707 = IFCFACE((#4706));
#4708 = IFCPOLYLOOP((#4709, #4701, #4696));
#4709 = IFCCARTESIANPOINT((-1.38711318969727E-1, -1.8047785949707E-1, 3.99024078369141E-1));
#4710 = IFCFACEOUTERBOUND(#4708, .T.);
#4711 = IFCFACE((#4710));
#4712 = IFCPOLYLOOP((#4713, #4705, #4701));
#4713 = IFCCARTESIANPOINT((-1.36590118408203E-1, -1.64337158203125E-1, 3.98735443115234E-1));
#4714 = IFCFACEOUTERBOUND(#4712, .T.);
#4715 = IFCFACE((#4714));
#4716 = IFCPOLYLOOP((#4588, #4709, #1458));
#4717 = IFCFACEOUTERBOUND(#4716, .T.);
#4718 = IFCFACE((#4717));
#4719 = IFCPOLYLOOP((#1390, #1386, #1418));
#4720 = IFCFACEOUTERBOUND(#4719, .T.);
#4721 = IFCFACE((#4720));
#4722 = IFCPOLYLOOP((#4696, #1390, #1418));
#4723 = IFCFACEOUTERBOUND(#4722, .T.);
#4724 = IFCFACE((#4723));
#4725 = IFCPOLYLOOP((#1435, #1458, #1418));
#4726 = IFCFACEOUTERBOUND(#4725, .T.);
#4727 = IFCFACE((#4726));
#4728 = IFCPOLYLOOP((#4623, #4709, #4588));
#4729 = IFCFACEOUTERBOUND(#4728, .T.);
#4730 = IFCFACE((#4729));
#4731 = IFCPOLYLOOP((#1391, #4732, #4733));
#4732 = IFCCARTESIANPOINT((-1.45028289794922E-1, -1.84489654541016E-1, 3.70469696044922E-1));
#4733 = IFCCARTESIANPOINT((-1.42663452148438E-1, -1.83750045776367E-1, 3.41879547119141E-1));
#4734 = IFCFACEOUTERBOUND(#4731, .T.);
#4735 = IFCFACE((#4734));
#4736 = IFCPOLYLOOP((#4737, #4738, #4739));
#4737 = IFCCARTESIANPOINT((-1.39853256225586E-1, -1.84273071289063E-1, 3.12917053222656E-1));
#4738 = IFCCARTESIANPOINT((-1.44058975219727E-1, -1.98386108398438E-1, 2.96476013183594E-1));
#4739 = IFCCARTESIANPOINT((-1.44494903564453E-1, -1.92575012207031E-1, 3.20093414306641E-1));
#4740 = IFCFACEOUTERBOUND(#4736, .T.);
#4741 = IFCFACE((#4740));
#4742 = IFCPOLYLOOP((#4737, #4739, #4733));
#4743 = IFCFACEOUTERBOUND(#4742, .T.);
#4744 = IFCFACE((#4743));
#4745 = IFCPOLYLOOP((#4746, #4747, #4737));
#4746 = IFCCARTESIANPOINT((-1.36438919067383E-1, -1.82982833862305E-1, 2.90512268066406E-1));
#4747 = IFCCARTESIANPOINT((-1.39483215332031E-1, -1.91668350219727E-1, 2.88874694824219E-1));
#4748 = IFCFACEOUTERBOUND(#4745, .T.);
#4749 = IFCFACE((#4748));
#4750 = IFCPOLYLOOP((#4733, #4732, #4751));
#4751 = IFCCARTESIANPOINT((-1.40063903808594E-1, -1.76154052734375E-1, 3.423271484375E-1));
#4752 = IFCFACEOUTERBOUND(#4750, .T.);
#4753 = IFCFACE((#4752));
#4754 = IFCPOLYLOOP((#4737, #4733, #4751));
#4755 = IFCFACEOUTERBOUND(#4754, .T.);
#4756 = IFCFACE((#4755));
#4757 = IFCPOLYLOOP((#4758, #4746, #4759));
#4758 = IFCCARTESIANPOINT((-1.33839828491211E-1, -1.79932891845703E-1, 2.78084167480469E-1));
#4759 = IFCCARTESIANPOINT((-1.37184600830078E-1, -1.76644653320313E-1, 3.1225634765625E-1));
#4760 = IFCFACEOUTERBOUND(#4757, .T.);
#4761 = IFCFACE((#4760));
#4762 = IFCPOLYLOOP((#4763, #4751, #4764));
#4763 = IFCCARTESIANPOINT((-1.4056819152832E-1, -1.6961262512207E-1, 3.66098083496094E-1));
#4764 = IFCCARTESIANPOINT((-1.42235565185547E-1, -1.75809158325195E-1, 3.70854583740234E-1));
#4765 = IFCFACEOUTERBOUND(#4762, .T.);
#4766 = IFCFACE((#4765));
#4767 = IFCPOLYLOOP((#4768, #4759, #4751));
#4768 = IFCCARTESIANPOINT((-1.3554573059082E-1, -1.7040739440918E-1, 3.09564483642578E-1));
#4769 = IFCFACEOUTERBOUND(#4767, .T.);
#4770 = IFCFACE((#4769));
#4771 = IFCPOLYLOOP((#4768, #4763, #4772));
#4772 = IFCCARTESIANPOINT((-1.38621353149414E-1, -1.61764358520508E-1, 3.54395629882813E-1));
#4773 = IFCFACEOUTERBOUND(#4771, .T.);
#4774 = IFCFACE((#4773));
#4775 = IFCPOLYLOOP((#4768, #4772, #4776));
#4776 = IFCCARTESIANPOINT((-1.33932693481445E-1, -1.62535095214844E-1, 3.04323577880859E-1));
#4777 = IFCFACEOUTERBOUND(#4775, .T.);
#4778 = IFCFACE((#4777));
#4779 = IFCPOLYLOOP((#1391, #1390, #4732));
#4780 = IFCFACEOUTERBOUND(#4779, .T.);
#4781 = IFCFACE((#4780));
#4782 = IFCPOLYLOOP((#4697, #4732, #1390));
#4783 = IFCFACEOUTERBOUND(#4782, .T.);
#4784 = IFCFACE((#4783));
#4785 = IFCPOLYLOOP((#1289, #4786, #4739));
#4786 = IFCCARTESIANPOINT((-1.47922439575195E-1, -1.94178039550781E-1, 3.42389831542969E-1));
#4787 = IFCFACEOUTERBOUND(#4785, .T.);
#4788 = IFCFACE((#4787));
#4789 = IFCPOLYLOOP((#1289, #1317, #4786));
#4790 = IFCFACEOUTERBOUND(#4789, .T.);
#4791 = IFCFACE((#4790));
#4792 = IFCPOLYLOOP((#1391, #4786, #1317));
#4793 = IFCFACEOUTERBOUND(#4792, .T.);
#4794 = IFCFACE((#4793));
#4795 = IFCPOLYLOOP((#4738, #1231, #1266));
#4796 = IFCFACEOUTERBOUND(#4795, .T.);
#4797 = IFCFACE((#4796));
#4798 = IFCPOLYLOOP((#1266, #1290, #4738));
#4799 = IFCFACEOUTERBOUND(#4798, .T.);
#4800 = IFCFACE((#4799));
#4801 = IFCPOLYLOOP((#1290, #4739, #4738));
#4802 = IFCFACEOUTERBOUND(#4801, .T.);
#4803 = IFCFACE((#4802));
#4804 = IFCPOLYLOOP((#4738, #4747, #1231));
#4805 = IFCFACEOUTERBOUND(#4804, .T.);
#4806 = IFCFACE((#4805));
#4807 = IFCPOLYLOOP((#4747, #4746, #4808));
#4808 = IFCCARTESIANPOINT((-1.35222396850586E-1, -1.90237289428711E-1, 2.67892730712891E-1));
#4809 = IFCFACEOUTERBOUND(#4807, .T.);
#4810 = IFCFACE((#4809));
#4811 = IFCPOLYLOOP((#4746, #4758, #4808));
#4812 = IFCFACEOUTERBOUND(#4811, .T.);
#4813 = IFCFACE((#4812));
#4814 = IFCPOLYLOOP((#4764, #4697, #4692));
#4815 = IFCFACEOUTERBOUND(#4814, .T.);
#4816 = IFCFACE((#4815));
#4817 = IFCPOLYLOOP((#4764, #4692, #4763));
#4818 = IFCFACEOUTERBOUND(#4817, .T.);
#4819 = IFCFACE((#4818));
#4820 = IFCPOLYLOOP((#4691, #4763, #4692));
#4821 = IFCFACEOUTERBOUND(#4820, .T.);
#4822 = IFCFACE((#4821));
#4823 = IFCPOLYLOOP((#4691, #4824, #4772));
#4824 = IFCCARTESIANPOINT((-1.37540603637695E-1, -1.54644592285156E-1, 3.43866882324219E-1));
#4825 = IFCFACEOUTERBOUND(#4823, .T.);
#4826 = IFCFACE((#4825));
#4827 = IFCPOLYLOOP((#4758, #4768, #4828));
#4828 = IFCCARTESIANPOINT((-1.30738983154297E-1, -1.74010803222656E-1, 2.63800476074219E-1));
#4829 = IFCFACEOUTERBOUND(#4827, .T.);
#4830 = IFCFACE((#4829));
#4831 = IFCPOLYLOOP((#4768, #4776, #4828));
#4832 = IFCFACEOUTERBOUND(#4831, .T.);
#4833 = IFCFACE((#4832));
#4834 = IFCPOLYLOOP((#4776, #4772, #4824));
#4835 = IFCFACEOUTERBOUND(#4834, .T.);
#4836 = IFCFACE((#4835));
#4837 = IFCPOLYLOOP((#4838, #4839, #4776));
#4838 = IFCCARTESIANPOINT((-1.30190338134766E-1, -1.53674270629883E-1, 2.67636932373047E-1));
#4839 = IFCCARTESIANPOINT((-1.29858108520508E-1, -1.63747817993164E-1, 2.63962677001953E-1));
#4840 = IFCFACEOUTERBOUND(#4837, .T.);
#4841 = IFCFACE((#4840));
#4842 = IFCPOLYLOOP((#4764, #4732, #4697));
#4843 = IFCFACEOUTERBOUND(#4842, .T.);
#4844 = IFCFACE((#4843));
#4845 = IFCPOLYLOOP((#4846, #1187, #1356));
#4846 = IFCCARTESIANPOINT((-1.25994598388672E-1, -2.28117126464844E-1, 1.92718673706055E-1));
#4847 = IFCFACEOUTERBOUND(#4845, .T.);
#4848 = IFCFACE((#4847));
#4849 = IFCPOLYLOOP((#4850, #1187, #4846));
#4850 = IFCCARTESIANPOINT((-1.24228019714355E-1, -2.49881362915039E-1, 1.80202209472656E-1));
#4851 = IFCFACEOUTERBOUND(#4849, .T.);
#4852 = IFCFACE((#4851));
#4853 = IFCPOLYLOOP((#4854, #1181, #4850));
#4854 = IFCCARTESIANPOINT((-1.22874641418457E-1, -2.71490692138672E-1, 1.72427474975586E-1));
#4855 = IFCFACEOUTERBOUND(#4853, .T.);
#4856 = IFCFACE((#4855));
#4857 = IFCPOLYLOOP((#4858, #4859, #4860));
#4858 = IFCCARTESIANPOINT((-1.29326538085938E-1, -2.02734436035156E-1, 2.22934005737305E-1));
#4859 = IFCCARTESIANPOINT((-1.3355436706543E-1, -2.10678802490234E-1, 2.31440017700195E-1));
#4860 = IFCCARTESIANPOINT((-1.31120635986328E-1, -1.9536164855957E-1, 2.39280563354492E-1));
#4861 = IFCFACEOUTERBOUND(#4857, .T.);
#4862 = IFCFACE((#4861));
#4863 = IFCPOLYLOOP((#4864, #1205, #4858));
#4864 = IFCCARTESIANPOINT((-1.27730995178223E-1, -2.12342010498047E-1, 2.08137603759766E-1));
#4865 = IFCFACEOUTERBOUND(#4863, .T.);
#4866 = IFCFACE((#4865));
#4867 = IFCPOLYLOOP((#4846, #1356, #4864));
#4868 = IFCFACEOUTERBOUND(#4867, .T.);
#4869 = IFCFACE((#4868));
#4870 = IFCPOLYLOOP((#4860, #1210, #4808));
#4871 = IFCFACEOUTERBOUND(#4870, .T.);
#4872 = IFCFACE((#4871));
#4873 = IFCPOLYLOOP((#4874, #4808, #4758));
#4874 = IFCCARTESIANPOINT((-1.3097639465332E-1, -1.85036529541016E-1, 2.51796691894531E-1));
#4875 = IFCFACEOUTERBOUND(#4873, .T.);
#4876 = IFCFACE((#4875));
#4877 = IFCPOLYLOOP((#4878, #4860, #4874));
#4878 = IFCCARTESIANPOINT((-1.26575607299805E-1, -1.91381469726563E-1, 2.19595367431641E-1));
#4879 = IFCFACEOUTERBOUND(#4877, .T.);
#4880 = IFCFACE((#4879));
#4881 = IFCPOLYLOOP((#4864, #4858, #4878));
#4882 = IFCFACEOUTERBOUND(#4881, .T.);
#4883 = IFCFACE((#4882));
#4884 = IFCPOLYLOOP((#4885, #4846, #4886));
#4885 = IFCCARTESIANPOINT((-1.21971542358398E-1, -2.23410354614258E-1, 1.78377960205078E-1));
#4886 = IFCCARTESIANPOINT((-1.24303756713867E-1, -2.03175552368164E-1, 1.99042922973633E-1));
#4887 = IFCFACEOUTERBOUND(#4884, .T.);
#4888 = IFCFACE((#4887));
#4889 = IFCPOLYLOOP((#4850, #4846, #4885));
#4890 = IFCFACEOUTERBOUND(#4889, .T.);
#4891 = IFCFACE((#4890));
#4892 = IFCPOLYLOOP((#4893, #4894, #4854));
#4893 = IFCCARTESIANPOINT((-1.21117172241211E-1, -2.47055145263672E-1, 1.68640319824219E-1));
#4894 = IFCCARTESIANPOINT((-1.19196273803711E-1, -2.61604766845703E-1, 1.57181228637695E-1));
#4895 = IFCFACEOUTERBOUND(#4892, .T.);
#4896 = IFCFACE((#4895));
#4897 = IFCPOLYLOOP((#4898, #4874, #4828));
#4898 = IFCCARTESIANPOINT((-1.2733065032959E-1, -1.79035186767578E-1, 2.34184127807617E-1));
#4899 = IFCFACEOUTERBOUND(#4897, .T.);
#4900 = IFCFACE((#4899));
#4901 = IFCPOLYLOOP((#4894, #4893, #4885));
#4902 = IFCFACEOUTERBOUND(#4901, .T.);
#4903 = IFCFACE((#4902));
#4904 = IFCPOLYLOOP((#4898, #4905, #4878));
#4905 = IFCCARTESIANPOINT((-1.24808639526367E-1, -1.72502212524414E-1, 2.17610595703125E-1));
#4906 = IFCFACEOUTERBOUND(#4904, .T.);
#4907 = IFCFACE((#4906));
#4908 = IFCPOLYLOOP((#4909, #4886, #4910));
#4909 = IFCCARTESIANPOINT((-1.20868362426758E-1, -2.06449554443359E-1, 1.78120483398438E-1));
#4910 = IFCCARTESIANPOINT((-1.23564125061035E-1, -1.87660598754883E-1, 2.02837478637695E-1));
#4911 = IFCFACEOUTERBOUND(#4908, .T.);
#4912 = IFCFACE((#4911));
#4913 = IFCPOLYLOOP((#4909, #4914, #4885));
#4914 = IFCCARTESIANPOINT((-1.18152366638184E-1, -2.12842849731445E-1, 1.5645686340332E-1));
#4915 = IFCFACEOUTERBOUND(#4913, .T.);
#4916 = IFCFACE((#4915));
#4917 = IFCPOLYLOOP((#4918, #4919, #4920));
#4918 = IFCCARTESIANPOINT((-1.18066413879395E-1, -2.41918197631836E-1, 1.52835815429688E-1));
#4919 = IFCCARTESIANPOINT((-1.16402359008789E-1, -2.55546310424805E-1, 1.36267669677734E-1));
#4920 = IFCCARTESIANPOINT((-1.18061416625977E-1, -2.86033752441406E-1, 1.49383316040039E-1));
#4921 = IFCFACEOUTERBOUND(#4917, .T.);
#4922 = IFCFACE((#4921));
#4923 = IFCPOLYLOOP((#4905, #4898, #4839));
#4924 = IFCFACEOUTERBOUND(#4923, .T.);
#4925 = IFCFACE((#4924));
#4926 = IFCPOLYLOOP((#4914, #4910, #4905));
#4927 = IFCFACEOUTERBOUND(#4926, .T.);
#4928 = IFCFACE((#4927));
#4929 = IFCPOLYLOOP((#4919, #4918, #4914));
#4930 = IFCFACEOUTERBOUND(#4929, .T.);
#4931 = IFCFACE((#4930));
#4932 = IFCPOLYLOOP((#4905, #4839, #4838));
#4933 = IFCFACEOUTERBOUND(#4932, .T.);
#4934 = IFCFACE((#4933));
#4935 = IFCPOLYLOOP((#4914, #4905, #4936));
#4936 = IFCCARTESIANPOINT((-1.21327926635742E-1, -1.7776496887207E-1, 1.86193237304688E-1));
#4937 = IFCFACEOUTERBOUND(#4935, .T.);
#4938 = IFCFACE((#4937));
#4939 = IFCPOLYLOOP((#4905, #4838, #4936));
#4940 = IFCFACEOUTERBOUND(#4939, .T.);
#4941 = IFCFACE((#4940));
#4942 = IFCPOLYLOOP((#4943, #2738, #4944));
#4943 = IFCCARTESIANPOINT((-1.2260489654541E-1, -3.75229522705078E-1, 1.65065200805664E-1));
#4944 = IFCCARTESIANPOINT((-1.22854225158691E-1, -3.26260070800781E-1, 1.68145095825195E-1));
#4945 = IFCFACEOUTERBOUND(#4942, .T.);
#4946 = IFCFACE((#4945));
#4947 = IFCPOLYLOOP((#2717, #2718, #4948));
#4948 = IFCCARTESIANPOINT((-1.2270760345459E-1, -4.21656005859375E-1, 1.6446305847168E-1));
#4949 = IFCFACEOUTERBOUND(#4947, .T.);
#4950 = IFCFACE((#4949));
#4951 = IFCPOLYLOOP((#4948, #4952, #2717));
#4952 = IFCCARTESIANPOINT((-1.20183181762695E-1, -4.40905883789063E-1, 1.58593399047852E-1));
#4953 = IFCFACEOUTERBOUND(#4951, .T.);
#4954 = IFCFACE((#4953));
#4955 = IFCPOLYLOOP((#4956, #4952, #4957));
#4956 = IFCCARTESIANPOINT((-1.2547013092041E-1, -4.41141265869141E-1, 1.71442810058594E-1));
#4957 = IFCCARTESIANPOINT((-1.1966219329834E-1, -4.55102508544922E-1, 1.59745956420898E-1));
#4958 = IFCFACEOUTERBOUND(#4955, .T.);
#4959 = IFCFACE((#4958));
#4960 = IFCPOLYLOOP((#4961, #2725, #2709));
#4961 = IFCCARTESIANPOINT((-1.14443862915039E-1, -4.88023345947266E-1, 1.64654693603516E-1));
#4962 = IFCFACEOUTERBOUND(#4960, .T.);
#4963 = IFCFACE((#4962));
#4964 = IFCPOLYLOOP((#2703, #2725, #4961));
#4965 = IFCFACEOUTERBOUND(#4964, .T.);
#4966 = IFCFACE((#4965));
#4967 = IFCPOLYLOOP((#2703, #4968, #4969));
#4968 = IFCCARTESIANPOINT((-1.10542152404785E-1, -4.95414306640625E-1, 1.63447357177734E-1));
#4969 = IFCCARTESIANPOINT((-1.09418449401855E-1, -5.08999328613281E-1, 1.73768081665039E-1));
#4970 = IFCFACEOUTERBOUND(#4967, .T.);
#4971 = IFCFACE((#4970));
#4972 = IFCPOLYLOOP((#4969, #4973, #4974));
#4973 = IFCCARTESIANPOINT((-1.03933029174805E-1, -5.02533386230469E-1, 1.59590042114258E-1));
#4974 = IFCCARTESIANPOINT((-9.81251220703125E-2, -5.10260375976563E-1, 1.6045719909668E-1));
#4975 = IFCFACEOUTERBOUND(#4972, .T.);
#4976 = IFCFACE((#4975));
#4977 = IFCPOLYLOOP((#4978, #4974, #4979));
#4978 = IFCCARTESIANPOINT((-1.04019058227539E-1, -5.16844360351563E-1, 1.74579010009766E-1));
#4979 = IFCCARTESIANPOINT((-9.17210693359375E-2, -5.19937377929688E-1, 1.64751693725586E-1));
#4980 = IFCFACEOUTERBOUND(#4977, .T.);
#4981 = IFCFACE((#4980));
#4982 = IFCPOLYLOOP((#4979, #4983, #4978));
#4983 = IFCCARTESIANPOINT((-9.72638931274414E-2, -5.25239318847656E-1, 1.75881362915039E-1));
#4984 = IFCFACEOUTERBOUND(#4982, .T.);
#4985 = IFCFACE((#4984));
#4986 = IFCPOLYLOOP((#4979, #4987, #4988));
#4987 = IFCCARTESIANPOINT((-7.93506240844727E-2, -5.28817626953125E-1, 1.65445816040039E-1));
#4988 = IFCCARTESIANPOINT((-8.90155563354492E-2, -5.32192443847656E-1, 1.76296722412109E-1));
#4989 = IFCFACEOUTERBOUND(#4986, .T.);
#4990 = IFCFACE((#4989));
#4991 = IFCPOLYLOOP((#4992, #4993, #4987));
#4992 = IFCCARTESIANPOINT((-6.67244262695313E-2, -5.35125122070313E-1, 1.65888793945313E-1));
#4993 = IFCCARTESIANPOINT((-7.73830490112305E-2, -5.38384704589844E-1, 1.75231048583984E-1));
#4994 = IFCFACEOUTERBOUND(#4991, .T.);
#4995 = IFCFACE((#4994));
#4996 = IFCPOLYLOOP((#4997, #4998, #4992));
#4997 = IFCCARTESIANPOINT((-5.62559356689453E-2, -5.39075500488281E-1, 1.66379104614258E-1));
#4998 = IFCCARTESIANPOINT((-6.30371894836426E-2, -5.44879455566406E-1, 1.75575393676758E-1));
#4999 = IFCFACEOUTERBOUND(#4996, .T.);
#5000 = IFCFACE((#4999));
#5001 = IFCPOLYLOOP((#5002, #5003, #4997));
#5002 = IFCCARTESIANPOINT((-4.22663269042969E-2, -5.42627136230469E-1, 1.6642985534668E-1));
#5003 = IFCCARTESIANPOINT((-4.4738956451416E-2, -5.50495849609375E-1, 1.76010009765625E-1));
#5004 = IFCFACEOUTERBOUND(#5001, .T.);
#5005 = IFCFACE((#5004));
#5006 = IFCPOLYLOOP((#4944, #4854, #5007));
#5007 = IFCCARTESIANPOINT((-1.21178085327148E-1, -2.73759674072266E-1, 1.65967315673828E-1));
#5008 = IFCFACEOUTERBOUND(#5006, .T.);
#5009 = IFCFACE((#5008));
#5010 = IFCPOLYLOOP((#5007, #5011, #4944));
#5011 = IFCCARTESIANPOINT((-1.19947074890137E-1, -3.54937805175781E-1, 1.57898361206055E-1));
#5012 = IFCFACEOUTERBOUND(#5010, .T.);
#5013 = IFCFACE((#5012));
#5014 = IFCPOLYLOOP((#5011, #4943, #4944));
#5015 = IFCFACEOUTERBOUND(#5014, .T.);
#5016 = IFCFACE((#5015));
#5017 = IFCPOLYLOOP((#5011, #5018, #4943));
#5018 = IFCCARTESIANPOINT((-1.19909034729004E-1, -4.21296966552734E-1, 1.5627018737793E-1));
#5019 = IFCFACEOUTERBOUND(#5017, .T.);
#5020 = IFCFACE((#5019));
#5021 = IFCPOLYLOOP((#5018, #4948, #4943));
#5022 = IFCFACEOUTERBOUND(#5021, .T.);
#5023 = IFCFACE((#5022));
#5024 = IFCPOLYLOOP((#2708, #2713, #4957));
#5025 = IFCFACEOUTERBOUND(#5024, .T.);
#5026 = IFCFACE((#5025));
#5027 = IFCPOLYLOOP((#2708, #5028, #5029));
#5028 = IFCCARTESIANPOINT((-1.16772689819336E-1, -4.63843139648438E-1, 1.54688293457031E-1));
#5029 = IFCCARTESIANPOINT((-1.1407901763916E-1, -4.75837890625E-1, 1.54673538208008E-1));
#5030 = IFCFACEOUTERBOUND(#5027, .T.);
#5031 = IFCFACE((#5030));
#5032 = IFCPOLYLOOP((#2709, #5029, #4961));
#5033 = IFCFACEOUTERBOUND(#5032, .T.);
#5034 = IFCFACE((#5033));
#5035 = IFCPOLYLOOP((#4968, #4961, #5036));
#5036 = IFCCARTESIANPOINT((-1.11017250061035E-1, -4.85732849121094E-1, 1.55723892211914E-1));
#5037 = IFCFACEOUTERBOUND(#5035, .T.);
#5038 = IFCFACE((#5037));
#5039 = IFCPOLYLOOP((#5040, #4979, #4974));
#5040 = IFCCARTESIANPOINT((-8.71821594238281E-2, -5.15980407714844E-1, 1.54389617919922E-1));
#5041 = IFCFACEOUTERBOUND(#5039, .T.);
#5042 = IFCFACE((#5041));
#5043 = IFCPOLYLOOP((#5044, #5045, #5046));
#5044 = IFCCARTESIANPOINT((-2.5873815536499E-2, -5.46459655761719E-1, 1.68359298706055E-1));
#5045 = IFCCARTESIANPOINT((-2.40138969421387E-2, -5.39476440429688E-1, 1.58606567382813E-1));
#5046 = IFCCARTESIANPOINT((-8.57727909088135E-3, -5.43284301757813E-1, 1.62732330322266E-1));
#5047 = IFCFACEOUTERBOUND(#5043, .T.);
#5048 = IFCFACE((#5047));
#5049 = IFCPOLYLOOP((#5050, #4973, #4968));
#5050 = IFCCARTESIANPOINT((-1.06018043518066E-1, -4.94907958984375E-1, 1.54131958007813E-1));
#5051 = IFCFACEOUTERBOUND(#5049, .T.);
#5052 = IFCFACE((#5051));
#5053 = IFCPOLYLOOP((#4979, #5040, #5054));
#5054 = IFCCARTESIANPOINT((-7.68534622192383E-2, -5.25221984863281E-1, 1.58644546508789E-1));
#5055 = IFCFACEOUTERBOUND(#5053, .T.);
#5056 = IFCFACE((#5055));
#5057 = IFCPOLYLOOP((#5058, #4992, #5054));
#5058 = IFCCARTESIANPOINT((-6.06712074279785E-2, -5.32582885742188E-1, 1.59097442626953E-1));
#5059 = IFCFACEOUTERBOUND(#5057, .T.);
#5060 = IFCFACE((#5059));
#5061 = IFCPOLYLOOP((#5002, #4997, #5062));
#5062 = IFCCARTESIANPOINT((-4.07315101623535E-2, -5.38363342285156E-1, 1.60224380493164E-1));
#5063 = IFCFACEOUTERBOUND(#5061, .T.);
#5064 = IFCFACE((#5063));
#5065 = IFCPOLYLOOP((#5044, #5002, #5062));
#5066 = IFCFACEOUTERBOUND(#5065, .T.);
#5067 = IFCFACE((#5066));
#5068 = IFCPOLYLOOP((#5069, #5011, #4894));
#5069 = IFCCARTESIANPOINT((-1.17830657958984E-1, -4.10715209960938E-1, 1.4699235534668E-1));
#5070 = IFCFACEOUTERBOUND(#5068, .T.);
#5071 = IFCFACE((#5070));
#5072 = IFCPOLYLOOP((#5073, #4952, #5018));
#5073 = IFCCARTESIANPOINT((-1.17428871154785E-1, -4.31670623779297E-1, 1.46389495849609E-1));
#5074 = IFCFACEOUTERBOUND(#5072, .T.);
#5075 = IFCFACE((#5074));
#5076 = IFCPOLYLOOP((#5077, #4957, #4952));
#5077 = IFCCARTESIANPOINT((-1.16803382873535E-1, -4.46495819091797E-1, 1.46894332885742E-1));
#5078 = IFCFACEOUTERBOUND(#5076, .T.);
#5079 = IFCFACE((#5078));
#5080 = IFCPOLYLOOP((#5081, #5054, #5040));
#5081 = IFCCARTESIANPOINT((-7.45104370117188E-2, -5.22440246582031E-1, 1.52256393432617E-1));
#5082 = IFCFACEOUTERBOUND(#5080, .T.);
#5083 = IFCFACE((#5082));
#5084 = IFCPOLYLOOP((#5058, #5054, #5081));
#5085 = IFCFACEOUTERBOUND(#5084, .T.);
#5086 = IFCFACE((#5085));
#5087 = IFCPOLYLOOP((#5062, #5058, #5088));
#5088 = IFCCARTESIANPOINT((-5.88798599243164E-2, -5.29344177246094E-1, 1.52928405761719E-1));
#5089 = IFCFACEOUTERBOUND(#5087, .T.);
#5090 = IFCFACE((#5089));
#5091 = IFCPOLYLOOP((#5092, #5046, #5045));
#5092 = IFCCARTESIANPOINT((-7.09171390533447E-3, -5.38004577636719E-1, 1.5446533203125E-1));
#5093 = IFCFACEOUTERBOUND(#5091, .T.);
#5094 = IFCFACE((#5093));
#5095 = IFCPOLYLOOP((#5028, #5096, #5097));
#5096 = IFCCARTESIANPOINT((-1.14183723449707E-1, -4.60712371826172E-1, 1.41794174194336E-1));
#5097 = IFCCARTESIANPOINT((-1.11672416687012E-1, -4.73947479248047E-1, 1.44669204711914E-1));
#5098 = IFCFACEOUTERBOUND(#5095, .T.);
#5099 = IFCFACE((#5098));
#5100 = IFCPOLYLOOP((#5029, #5097, #5101));
#5101 = IFCCARTESIANPOINT((-1.08238723754883E-1, -4.83817718505859E-1, 1.45501510620117E-1));
#5102 = IFCFACEOUTERBOUND(#5100, .T.);
#5103 = IFCFACE((#5102));
#5104 = IFCPOLYLOOP((#5050, #5036, #5101));
#5105 = IFCFACEOUTERBOUND(#5104, .T.);
#5106 = IFCFACE((#5105));
#5107 = IFCPOLYLOOP((#5108, #4973, #5050));
#5108 = IFCCARTESIANPOINT((-9.86515960693359E-2, -5.0011376953125E-1, 1.45902969360352E-1));
#5109 = IFCFACEOUTERBOUND(#5107, .T.);
#5110 = IFCFACE((#5109));
#5111 = IFCPOLYLOOP((#5112, #4974, #4973));
#5112 = IFCCARTESIANPOINT((-9.46177062988281E-2, -5.06320495605469E-1, 1.48969757080078E-1));
#5113 = IFCFACEOUTERBOUND(#5111, .T.);
#5114 = IFCFACE((#5113));
#5115 = IFCPOLYLOOP((#5040, #4974, #5112));
#5116 = IFCFACEOUTERBOUND(#5115, .T.);
#5117 = IFCFACE((#5116));
#5118 = IFCPOLYLOOP((#5119, #5040, #5112));
#5119 = IFCCARTESIANPOINT((-8.51013031005859E-2, -5.12491516113281E-1, 1.44790481567383E-1));
#5120 = IFCFACEOUTERBOUND(#5118, .T.);
#5121 = IFCFACE((#5120));
#5122 = IFCPOLYLOOP((#5045, #5062, #5123));
#5123 = IFCCARTESIANPOINT((-3.95851898193359E-2, -5.34549194335938E-1, 1.53789642333984E-1));
#5124 = IFCFACEOUTERBOUND(#5122, .T.);
#5125 = IFCFACE((#5124));
#5126 = IFCPOLYLOOP((#5127, #5069, #5128));
#5127 = IFCCARTESIANPOINT((-1.17007888793945E-1, -3.64568420410156E-1, 1.39757522583008E-1));
#5128 = IFCCARTESIANPOINT((-1.17030265808105E-1, -3.06197021484375E-1, 1.40318359375E-1));
#5129 = IFCFACEOUTERBOUND(#5126, .T.);
#5130 = IFCFACE((#5129));
#5131 = IFCPOLYLOOP((#5127, #5132, #5069));
#5132 = IFCCARTESIANPOINT((-1.15976234436035E-1, -3.7291162109375E-1, 1.24272270202637E-1));
#5133 = IFCFACEOUTERBOUND(#5131, .T.);
#5134 = IFCFACE((#5133));
#5135 = IFCPOLYLOOP((#5096, #5028, #5077));
#5136 = IFCFACEOUTERBOUND(#5135, .T.);
#5137 = IFCFACE((#5136));
#5138 = IFCPOLYLOOP((#5139, #5112, #5108));
#5139 = IFCCARTESIANPOINT((-9.23620834350586E-2, -5.04139404296875E-1, 1.38979339599609E-1));
#5140 = IFCFACEOUTERBOUND(#5138, .T.);
#5141 = IFCFACE((#5140));
#5142 = IFCPOLYLOOP((#5081, #5040, #5119));
#5143 = IFCFACEOUTERBOUND(#5142, .T.);
#5144 = IFCFACE((#5143));
#5145 = IFCPOLYLOOP((#5088, #5081, #5146));
#5146 = IFCCARTESIANPOINT((-6.10385704040527E-2, -5.25228393554688E-1, 1.45982864379883E-1));
#5147 = IFCFACEOUTERBOUND(#5145, .T.);
#5148 = IFCFACE((#5147));
#5149 = IFCPOLYLOOP((#5150, #5088, #5146));
#5150 = IFCCARTESIANPOINT((-4.5870044708252E-2, -5.30024047851563E-1, 1.46752807617188E-1));
#5151 = IFCFACEOUTERBOUND(#5149, .T.);
#5152 = IFCFACE((#5151));
#5153 = IFCPOLYLOOP((#5154, #5123, #5150));
#5154 = IFCCARTESIANPOINT((-2.60416011810303E-2, -5.34269226074219E-1, 1.49200897216797E-1));
#5155 = IFCFACEOUTERBOUND(#5153, .T.);
#5156 = IFCFACE((#5155));
#5157 = IFCPOLYLOOP((#5092, #5045, #5154));
#5158 = IFCFACEOUTERBOUND(#5157, .T.);
#5159 = IFCFACE((#5158));
#5160 = IFCPOLYLOOP((#5161, #5073, #5162));
#5161 = IFCCARTESIANPOINT((-1.15916862487793E-1, -4.33377349853516E-1, 1.3289045715332E-1));
#5162 = IFCCARTESIANPOINT((-1.16482551574707E-1, -4.16719665527344E-1, 1.36217193603516E-1));
#5163 = IFCFACEOUTERBOUND(#5160, .T.);
#5164 = IFCFACE((#5163));
#5165 = IFCPOLYLOOP((#5073, #5161, #5077));
#5166 = IFCFACEOUTERBOUND(#5165, .T.);
#5167 = IFCFACE((#5166));
#5168 = IFCPOLYLOOP((#5096, #5169, #5170));
#5169 = IFCCARTESIANPOINT((-1.12256278991699E-1, -4.62240753173828E-1, 1.28162368774414E-1));
#5170 = IFCCARTESIANPOINT((-1.1012183380127E-1, -4.72655242919922E-1, 1.34094604492188E-1));
#5171 = IFCFACEOUTERBOUND(#5168, .T.);
#5172 = IFCFACE((#5171));
#5173 = IFCPOLYLOOP((#5097, #5170, #5174));
#5174 = IFCCARTESIANPOINT((-1.06512336730957E-1, -4.82311981201172E-1, 1.34994934082031E-1));
#5175 = IFCFACEOUTERBOUND(#5173, .T.);
#5176 = IFCFACE((#5175));
#5177 = IFCPOLYLOOP((#5178, #5101, #5179));
#5178 = IFCCARTESIANPOINT((-1.03516593933105E-1, -4.92787872314453E-1, 1.44763946533203E-1));
#5179 = IFCCARTESIANPOINT((-1.01982879638672E-1, -4.91452941894531E-1, 1.35635604858398E-1));
#5180 = IFCFACEOUTERBOUND(#5177, .T.);
#5181 = IFCFACE((#5180));
#5182 = IFCPOLYLOOP((#5178, #5179, #5183));
#5183 = IFCCARTESIANPOINT((-9.68290634155273E-2, -4.98540832519531E-1, 1.36224075317383E-1));
#5184 = IFCFACEOUTERBOUND(#5182, .T.);
#5185 = IFCFACE((#5184));
#5186 = IFCPOLYLOOP((#5139, #5187, #5119));
#5187 = IFCCARTESIANPOINT((-8.29922103881836E-2, -5.10653106689453E-1, 1.34809967041016E-1));
#5188 = IFCFACEOUTERBOUND(#5186, .T.);
#5189 = IFCFACE((#5188));
#5190 = IFCPOLYLOOP((#5191, #5146, #5192));
#5191 = IFCCARTESIANPOINT((-6.01489715576172E-2, -5.2308935546875E-1, 1.38987640380859E-1));
#5192 = IFCCARTESIANPOINT((-7.23460998535156E-2, -5.19425415039063E-1, 1.43449508666992E-1));
#5193 = IFCFACEOUTERBOUND(#5190, .T.);
#5194 = IFCFACE((#5193));
#5195 = IFCPOLYLOOP((#5150, #5146, #5191));
#5196 = IFCFACEOUTERBOUND(#5195, .T.);
#5197 = IFCFACE((#5196));
#5198 = IFCPOLYLOOP((#5154, #5150, #5199));
#5199 = IFCCARTESIANPOINT((-2.59287128448486E-2, -5.31068359375E-1, 1.39673736572266E-1));
#5200 = IFCFACEOUTERBOUND(#5198, .T.);
#5201 = IFCFACE((#5200));
#5202 = IFCPOLYLOOP((#5203, #5154, #5204));
#5203 = IFCCARTESIANPOINT((-7.56823396682739E-3, -5.3488330078125E-1, 1.47546875E-1));
#5204 = IFCCARTESIANPOINT((-1.01301822662354E-2, -5.32264831542969E-1, 1.39812438964844E-1));
#5205 = IFCFACEOUTERBOUND(#5202, .T.);
#5206 = IFCFACE((#5205));
#5207 = IFCPOLYLOOP((#5096, #5077, #5208));
#5208 = IFCCARTESIANPOINT((-1.15048316955566E-1, -4.45457580566406E-1, 1.31739105224609E-1));
#5209 = IFCFACEOUTERBOUND(#5207, .T.);
#5210 = IFCFACE((#5209));
#5211 = IFCPOLYLOOP((#5119, #5187, #5192));
#5212 = IFCFACEOUTERBOUND(#5211, .T.);
#5213 = IFCFACE((#5212));
#5214 = IFCPOLYLOOP((#5174, #5215, #5216));
#5215 = IFCCARTESIANPOINT((-1.05461013793945E-1, -4.81977722167969E-1, 1.22198616027832E-1));
#5216 = IFCCARTESIANPOINT((-1.00869956970215E-1, -4.90646270751953E-1, 1.23526664733887E-1));
#5217 = IFCFACEOUTERBOUND(#5214, .T.);
#5218 = IFCFACE((#5217));
#5219 = IFCPOLYLOOP((#5179, #5216, #5220));
#5220 = IFCCARTESIANPOINT((-9.54037475585938E-2, -4.97765289306641E-1, 1.23495559692383E-1));
#5221 = IFCFACEOUTERBOUND(#5219, .T.);
#5222 = IFCFACE((#5221));
#5223 = IFCPOLYLOOP((#5224, #5139, #5183));
#5224 = IFCCARTESIANPOINT((-9.07446899414063E-2, -5.02633453369141E-1, 1.24270668029785E-1));
#5225 = IFCFACEOUTERBOUND(#5223, .T.);
#5226 = IFCFACE((#5225));
#5227 = IFCPOLYLOOP((#5224, #5228, #5187));
#5228 = IFCCARTESIANPOINT((-8.45208969116211E-2, -5.07539520263672E-1, 1.21356964111328E-1));
#5229 = IFCFACEOUTERBOUND(#5227, .T.);
#5230 = IFCFACE((#5229));
#5231 = IFCPOLYLOOP((#5232, #5191, #5233));
#5232 = IFCCARTESIANPOINT((-5.63903007507324E-2, -5.22867004394531E-1, 1.31632614135742E-1));
#5233 = IFCCARTESIANPOINT((-7.11853485107422E-2, -5.17178588867188E-1, 1.33431564331055E-1));
#5234 = IFCFACEOUTERBOUND(#5231, .T.);
#5235 = IFCFACE((#5234));
#5236 = IFCPOLYLOOP((#5237, #5238, #5232));
#5237 = IFCCARTESIANPOINT((-4.05270805358887E-2, -5.26740966796875E-1, 1.30081420898438E-1));
#5238 = IFCCARTESIANPOINT((-4.43700942993164E-2, -5.278466796875E-1, 1.39378768920898E-1));
#5239 = IFCFACEOUTERBOUND(#5236, .T.);
#5240 = IFCFACE((#5239));
#5241 = IFCPOLYLOOP((#5242, #5199, #5237));
#5242 = IFCCARTESIANPOINT((-2.52446308135986E-2, -5.29305969238281E-1, 1.3025309753418E-1));
#5243 = IFCFACEOUTERBOUND(#5241, .T.);
#5244 = IFCFACE((#5243));
#5245 = IFCPOLYLOOP((#5199, #5242, #5204));
#5246 = IFCFACEOUTERBOUND(#5245, .T.);
#5247 = IFCFACE((#5246));
#5248 = IFCPOLYLOOP((#5132, #5128, #4919));
#5249 = IFCFACEOUTERBOUND(#5248, .T.);
#5250 = IFCFACE((#5249));
#5251 = IFCPOLYLOOP((#5252, #5170, #5169));
#5252 = IFCCARTESIANPOINT((-1.09240653991699E-1, -4.7240380859375E-1, 1.21797866821289E-1));
#5253 = IFCFACEOUTERBOUND(#5251, .T.);
#5254 = IFCFACE((#5253));
#5255 = IFCPOLYLOOP((#5170, #5252, #5215));
#5256 = IFCFACEOUTERBOUND(#5255, .T.);
#5257 = IFCFACE((#5256));
#5258 = IFCPOLYLOOP((#5187, #5259, #5233));
#5259 = IFCCARTESIANPOINT((-7.89910278320313E-2, -5.11105133056641E-1, 1.20251831054688E-1));
#5260 = IFCFACEOUTERBOUND(#5258, .T.);
#5261 = IFCFACE((#5260));
#5262 = IFCPOLYLOOP((#5233, #5263, #5264));
#5263 = IFCCARTESIANPOINT((-7.02929229736328E-2, -5.15869262695313E-1, 1.20539100646973E-1));
#5264 = IFCCARTESIANPOINT((-5.86469383239746E-2, -5.20945251464844E-1, 1.23653938293457E-1));
#5265 = IFCFACEOUTERBOUND(#5262, .T.);
#5266 = IFCFACE((#5265));
#5267 = IFCPOLYLOOP((#5268, #5242, #5237));
#5268 = IFCCARTESIANPOINT((-2.58867568969727E-2, -5.28443542480469E-1, 1.22200508117676E-1));
#5269 = IFCFACEOUTERBOUND(#5267, .T.);
#5270 = IFCFACE((#5269));
#5271 = IFCPOLYLOOP((#5272, #5273, #5242));
#5272 = IFCCARTESIANPOINT((-1.08617315292358E-2, -5.29408935546875E-1, 1.18612281799316E-1));
#5273 = IFCCARTESIANPOINT((-5.43040227890015E-3, -5.30653869628906E-1, 1.29851257324219E-1));
#5274 = IFCFACEOUTERBOUND(#5271, .T.);
#5275 = IFCFACE((#5274));
#5276 = IFCPOLYLOOP((#1757, #2717, #4956));
#5277 = IFCFACEOUTERBOUND(#5276, .T.);
#5278 = IFCFACE((#5277));
#5279 = IFCPOLYLOOP((#4956, #2713, #1757));
#5280 = IFCFACEOUTERBOUND(#5279, .T.);
#5281 = IFCFACE((#5280));
#5282 = IFCPOLYLOOP((#2703, #2704, #2725));
#5283 = IFCFACEOUTERBOUND(#5282, .T.);
#5284 = IFCFACE((#5283));
#5285 = IFCPOLYLOOP((#4969, #4978, #1732));
#5286 = IFCFACEOUTERBOUND(#5285, .T.);
#5287 = IFCFACE((#5286));
#5288 = IFCPOLYLOOP((#4978, #4983, #1733));
#5289 = IFCFACEOUTERBOUND(#5288, .T.);
#5290 = IFCFACE((#5289));
#5291 = IFCPOLYLOOP((#4983, #4988, #1733));
#5292 = IFCFACEOUTERBOUND(#5291, .T.);
#5293 = IFCFACE((#5292));
#5294 = IFCPOLYLOOP((#4988, #4993, #1720));
#5295 = IFCFACEOUTERBOUND(#5294, .T.);
#5296 = IFCFACE((#5295));
#5297 = IFCPOLYLOOP((#4993, #4998, #1716));
#5298 = IFCFACEOUTERBOUND(#5297, .T.);
#5299 = IFCFACE((#5298));
#5300 = IFCPOLYLOOP((#4998, #5003, #1711));
#5301 = IFCFACEOUTERBOUND(#5300, .T.);
#5302 = IFCFACE((#5301));
#5303 = IFCPOLYLOOP((#1700, #1711, #5003));
#5304 = IFCFACEOUTERBOUND(#5303, .T.);
#5305 = IFCFACE((#5304));
#5306 = IFCPOLYLOOP((#5044, #5307, #1700));
#5307 = IFCCARTESIANPOINT((-1.15415506362915E-2, -5.49895751953125E-1, 1.71008880615234E-1));
#5308 = IFCFACEOUTERBOUND(#5306, .T.);
#5309 = IFCFACE((#5308));
#5310 = IFCPOLYLOOP((#5307, #4035, #2642));
#5311 = IFCFACEOUTERBOUND(#5310, .T.);
#5312 = IFCFACE((#5311));
#5313 = IFCPOLYLOOP((#2642, #1701, #5307));
#5314 = IFCFACEOUTERBOUND(#5313, .T.);
#5315 = IFCFACE((#5314));
#5316 = IFCPOLYLOOP((#5003, #5044, #1700));
#5317 = IFCFACEOUTERBOUND(#5316, .T.);
#5318 = IFCFACE((#5317));
#5319 = IFCPOLYLOOP((#5320, #5132, #4919));
#5320 = IFCCARTESIANPOINT((-1.15329467773438E-1, -2.77727874755859E-1, 1.20041297912598E-1));
#5321 = IFCFACEOUTERBOUND(#5319, .T.);
#5322 = IFCFACE((#5321));
#5323 = IFCPOLYLOOP((#5324, #5208, #5325));
#5324 = IFCCARTESIANPOINT((-1.13665382385254E-1, -4.55041900634766E-1, 1.28828414916992E-1));
#5325 = IFCCARTESIANPOINT((-1.11690505981445E-1, -4.53435455322266E-1, 7.63076782226563E-2));
#5326 = IFCFACEOUTERBOUND(#5323, .T.);
#5327 = IFCFACE((#5326));
#5328 = IFCPOLYLOOP((#5215, #5252, #5329));
#5329 = IFCCARTESIANPOINT((-1.04920669555664E-1, -4.77771697998047E-1, 6.70880889892578E-2));
#5330 = IFCFACEOUTERBOUND(#5328, .T.);
#5331 = IFCFACE((#5330));
#5332 = IFCPOLYLOOP((#5333, #5334, #5264));
#5333 = IFCCARTESIANPOINT((-6.2403392791748E-2, -5.18907165527344E-1, 1.10841163635254E-1));
#5334 = IFCCARTESIANPOINT((-5.39889183044434E-2, -5.21880187988281E-1, 1.11343315124512E-1));
#5335 = IFCFACEOUTERBOUND(#5332, .T.);
#5336 = IFCFACE((#5335));
#5337 = IFCPOLYLOOP((#5264, #5334, #5338));
#5338 = IFCCARTESIANPOINT((-4.35466613769531E-2, -5.25344360351563E-1, 1.23115577697754E-1));
#5339 = IFCFACEOUTERBOUND(#5337, .T.);
#5340 = IFCFACE((#5339));
#5341 = IFCPOLYLOOP((#5268, #5338, #5342));
#5342 = IFCCARTESIANPOINT((-3.22963829040527E-2, -5.27024108886719E-1, 1.10319808959961E-1));
#5343 = IFCFACEOUTERBOUND(#5341, .T.);
#5344 = IFCFACE((#5343));
#5345 = IFCPOLYLOOP((#5273, #5272, #5346));
#5346 = IFCCARTESIANPOINT((3.52533721923828E-3, -5.29612915039063E-1, 1.18562950134277E-1));
#5347 = IFCFACEOUTERBOUND(#5345, .T.);
#5348 = IFCFACE((#5347));
#5349 = IFCPOLYLOOP((#5329, #5350, #5215));
#5350 = IFCCARTESIANPOINT((-1.01217918395996E-1, -4.85102355957031E-1, 6.05574417114258E-2));
#5351 = IFCFACEOUTERBOUND(#5349, .T.);
#5352 = IFCFACE((#5351));
#5353 = IFCPOLYLOOP((#5215, #5350, #5216));
#5354 = IFCFACEOUTERBOUND(#5353, .T.);
#5355 = IFCFACE((#5354));
#5356 = IFCPOLYLOOP((#5357, #5342, #5338));
#5357 = IFCCARTESIANPOINT((-4.15760765075684E-2, -5.25137878417969E-1, 1.08307579040527E-1));
#5358 = IFCFACEOUTERBOUND(#5356, .T.);
#5359 = IFCFACE((#5358));
#5360 = IFCPOLYLOOP((#5361, #5362, #5363));
#5361 = IFCCARTESIANPOINT((1.19935745239258E-1, -3.56245849609375E-1, 1.57740020751953E-1));
#5362 = IFCCARTESIANPOINT((1.21963325500488E-1, -2.67986846923828E-1, 1.69348663330078E-1));
#5363 = IFCCARTESIANPOINT((1.23331520080566E-1, -2.97067108154297E-1, 1.71500869750977E-1));
#5364 = IFCFACEOUTERBOUND(#5360, .T.);
#5365 = IFCFACE((#5364));
#5366 = IFCPOLYLOOP((#5367, #5368, #5369));
#5367 = IFCCARTESIANPOINT((1.16437965393066E-1, -3.528349609375E-1, 1.31774932861328E-1));
#5368 = IFCCARTESIANPOINT((1.16290885925293E-1, -2.59657684326172E-1, 1.34538558959961E-1));
#5369 = IFCCARTESIANPOINT((1.17550605773926E-1, -3.3485498046875E-1, 1.4513557434082E-1));
#5370 = IFCFACEOUTERBOUND(#5366, .T.);
#5371 = IFCFACE((#5370));
#5372 = IFCPOLYLOOP((#5373, #5363, #4148));
#5373 = IFCCARTESIANPOINT((1.22675086975098E-1, -3.54234985351563E-1, 1.66104217529297E-1));
#5374 = IFCFACEOUTERBOUND(#5372, .T.);
#5375 = IFCFACE((#5374));
#5376 = IFCPOLYLOOP((#5361, #5363, #5373));
#5377 = IFCFACEOUTERBOUND(#5376, .T.);
#5378 = IFCFACE((#5377));
#5379 = IFCPOLYLOOP((#5380, #5373, #4147));
#5380 = IFCCARTESIANPOINT((1.22696090698242E-1, -4.25927520751953E-1, 1.64242691040039E-1));
#5381 = IFCFACEOUTERBOUND(#5379, .T.);
#5382 = IFCFACE((#5381));
#5383 = IFCPOLYLOOP((#5373, #5380, #5361));
#5384 = IFCFACEOUTERBOUND(#5383, .T.);
#5385 = IFCFACE((#5384));
#5386 = IFCPOLYLOOP((#5387, #5388, #5361));
#5387 = IFCCARTESIANPOINT((1.18268173217773E-1, -4.17480438232422E-1, 1.49248718261719E-1));
#5388 = IFCCARTESIANPOINT((1.19171493530273E-1, -2.70191619873047E-1, 1.56754776000977E-1));
#5389 = IFCFACEOUTERBOUND(#5386, .T.);
#5390 = IFCFACE((#5389));
#5391 = IFCPOLYLOOP((#5392, #5367, #5387));
#5392 = IFCCARTESIANPOINT((1.17082084655762E-1, -4.18282043457031E-1, 1.42047637939453E-1));
#5393 = IFCFACEOUTERBOUND(#5391, .T.);
#5394 = IFCFACE((#5393));
#5395 = IFCPOLYLOOP((#5396, #5361, #5380));
#5396 = IFCCARTESIANPOINT((1.19949501037598E-1, -4.19499786376953E-1, 1.56508590698242E-1));
#5397 = IFCFACEOUTERBOUND(#5395, .T.);
#5398 = IFCFACE((#5397));
#5399 = IFCPOLYLOOP((#5400, #5367, #5392));
#5400 = IFCCARTESIANPOINT((1.16319313049316E-1, -4.16594818115234E-1, 1.32136657714844E-1));
#5401 = IFCFACEOUTERBOUND(#5399, .T.);
#5402 = IFCFACE((#5401));
#5403 = IFCPOLYLOOP((#5404, #5396, #5380));
#5404 = IFCCARTESIANPOINT((1.19701194763184E-1, -4.416337890625E-1, 1.56897613525391E-1));
#5405 = IFCFACEOUTERBOUND(#5403, .T.);
#5406 = IFCFACE((#5405));
#5407 = IFCPOLYLOOP((#5396, #5404, #5408));
#5408 = IFCCARTESIANPOINT((1.17073883056641E-1, -4.40908203125E-1, 1.46104354858398E-1));
#5409 = IFCFACEOUTERBOUND(#5407, .T.);
#5410 = IFCFACE((#5409));
#5411 = IFCPOLYLOOP((#5408, #5392, #5387));
#5412 = IFCFACEOUTERBOUND(#5411, .T.);
#5413 = IFCFACE((#5412));
#5414 = IFCPOLYLOOP((#5392, #5408, #5415));
#5415 = IFCCARTESIANPOINT((1.15561027526855E-1, -4.40219512939453E-1, 1.32552841186523E-1));
#5416 = IFCFACEOUTERBOUND(#5414, .T.);
#5417 = IFCFACE((#5416));
#5418 = IFCPOLYLOOP((#4139, #5419, #4143));
#5419 = IFCCARTESIANPOINT((1.21441055297852E-1, -4.50664733886719E-1, 1.63200256347656E-1));
#5420 = IFCFACEOUTERBOUND(#5418, .T.);
#5421 = IFCFACE((#5420));
#5422 = IFCPOLYLOOP((#5423, #5404, #5419));
#5423 = IFCCARTESIANPOINT((1.18528800964355E-1, -4.57724334716797E-1, 1.57175796508789E-1));
#5424 = IFCFACEOUTERBOUND(#5422, .T.);
#5425 = IFCFACE((#5424));
#5426 = IFCPOLYLOOP((#5404, #5423, #5427));
#5427 = IFCCARTESIANPOINT((1.16238800048828E-1, -4.56138549804688E-1, 1.4831916809082E-1));
#5428 = IFCFACEOUTERBOUND(#5426, .T.);
#5429 = IFCFACE((#5428));
#5430 = IFCPOLYLOOP((#5431, #5432, #5415));
#5431 = IFCCARTESIANPOINT((1.14694404602051E-1, -4.55434509277344E-1, 1.39189575195313E-1));
#5432 = IFCCARTESIANPOINT((1.13694183349609E-1, -4.55040130615234E-1, 1.28441177368164E-1));
#5433 = IFCFACEOUTERBOUND(#5430, .T.);
#5434 = IFCFACE((#5433));
#5435 = IFCPOLYLOOP((#4174, #5423, #5419));
#5436 = IFCFACEOUTERBOUND(#5435, .T.);
#5437 = IFCFACE((#5436));
#5438 = IFCPOLYLOOP((#5439, #5423, #4174));
#5439 = IFCCARTESIANPOINT((1.15330444335938E-1, -4.71246154785156E-1, 1.55006286621094E-1));
#5440 = IFCFACEOUTERBOUND(#5438, .T.);
#5441 = IFCFACE((#5440));
#5442 = IFCPOLYLOOP((#5439, #5443, #5427));
#5443 = IFCCARTESIANPOINT((1.12965950012207E-1, -4.66441375732422E-1, 1.42061340332031E-1));
#5444 = IFCFACEOUTERBOUND(#5442, .T.);
#5445 = IFCFACE((#5444));
#5446 = IFCPOLYLOOP((#5443, #5431, #5427));
#5447 = IFCFACEOUTERBOUND(#5446, .T.);
#5448 = IFCFACE((#5447));
#5449 = IFCPOLYLOOP((#5431, #5443, #5450));
#5450 = IFCCARTESIANPOINT((1.11296463012695E-1, -4.66090881347656E-1, 1.27554748535156E-1));
#5451 = IFCFACEOUTERBOUND(#5449, .T.);
#5452 = IFCFACE((#5451));
#5453 = IFCPOLYLOOP((#5454, #5443, #5439));
#5454 = IFCCARTESIANPOINT((1.10339828491211E-1, -4.78339904785156E-1, 1.45039520263672E-1));
#5455 = IFCFACEOUTERBOUND(#5453, .T.);
#5456 = IFCFACE((#5455));
#5457 = IFCPOLYLOOP((#5458, #5450, #5443));
#5458 = IFCCARTESIANPOINT((1.08713043212891E-1, -4.76851745605469E-1, 1.34179168701172E-1));
#5459 = IFCFACEOUTERBOUND(#5457, .T.);
#5460 = IFCFACE((#5459));
#5461 = IFCPOLYLOOP((#4164, #4160, #5462));
#5462 = IFCCARTESIANPOINT((1.11860908508301E-1, -4.83127502441406E-1, 1.55306259155273E-1));
#5463 = IFCFACEOUTERBOUND(#5461, .T.);
#5464 = IFCFACE((#5463));
#5465 = IFCPOLYLOOP((#5466, #5467, #5458));
#5466 = IFCCARTESIANPOINT((1.0581169128418E-1, -4.81033538818359E-1, 1.20626403808594E-1));
#5467 = IFCCARTESIANPOINT((1.0883642578125E-1, -4.73285003662109E-1, 1.20956329345703E-1));
#5468 = IFCFACEOUTERBOUND(#5465, .T.);
#5469 = IFCFACE((#5468));
#5470 = IFCPOLYLOOP((#4160, #5471, #5462));
#5471 = IFCCARTESIANPOINT((1.11286277770996E-1, -4.95952758789063E-1, 1.64958938598633E-1));
#5472 = IFCFACEOUTERBOUND(#5470, .T.);
#5473 = IFCFACE((#5472));
#5474 = IFCPOLYLOOP((#5462, #5475, #5476));
#5475 = IFCCARTESIANPOINT((1.07639434814453E-1, -4.93351104736328E-1, 1.55725875854492E-1));
#5476 = IFCCARTESIANPOINT((1.05157188415527E-1, -4.90457427978516E-1, 1.45593231201172E-1));
#5477 = IFCFACEOUTERBOUND(#5474, .T.);
#5478 = IFCFACE((#5477));
#5479 = IFCPOLYLOOP((#5454, #5476, #5480));
#5480 = IFCCARTESIANPOINT((1.03809829711914E-1, -4.87971923828125E-1, 1.35160491943359E-1));
#5481 = IFCFACEOUTERBOUND(#5479, .T.);
#5482 = IFCFACE((#5481));
#5483 = IFCPOLYLOOP((#5458, #5480, #5466));
#5484 = IFCFACEOUTERBOUND(#5483, .T.);
#5485 = IFCFACE((#5484));
#5486 = IFCPOLYLOOP((#5476, #5487, #5488));
#5487 = IFCCARTESIANPOINT((9.95753784179688E-2, -4.99148803710938E-1, 1.46020614624023E-1));
#5488 = IFCCARTESIANPOINT((9.88859024047852E-2, -4.96438598632813E-1, 1.37314468383789E-1));
#5489 = IFCFACEOUTERBOUND(#5486, .T.);
#5490 = IFCFACE((#5489));
#5491 = IFCPOLYLOOP((#5492, #5493, #5480));
#5492 = IFCCARTESIANPOINT((9.79813842773438E-2, -4.94931518554688E-1, 1.2513549041748E-1));
#5493 = IFCCARTESIANPOINT((1.02687644958496E-1, -4.87406311035156E-1, 1.21192527770996E-1));
#5494 = IFCFACEOUTERBOUND(#5491, .T.);
#5495 = IFCFACE((#5494));
#5496 = IFCPOLYLOOP((#5497, #5471, #4156));
#5497 = IFCCARTESIANPOINT((1.0565763092041E-1, -5.05804962158203E-1, 1.65574142456055E-1));
#5498 = IFCFACEOUTERBOUND(#5496, .T.);
#5499 = IFCFACE((#5498));
#5500 = IFCPOLYLOOP((#5471, #5497, #5501));
#5501 = IFCCARTESIANPOINT((1.02453399658203E-1, -5.01797058105469E-1, 1.56165328979492E-1));
#5502 = IFCFACEOUTERBOUND(#5500, .T.);
#5503 = IFCFACE((#5502));
#5504 = IFCPOLYLOOP((#5475, #5501, #5487));
#5505 = IFCFACEOUTERBOUND(#5504, .T.);
#5506 = IFCFACE((#5505));
#5507 = IFCPOLYLOOP((#5497, #5508, #5509));
#5508 = IFCCARTESIANPOINT((9.88967971801758E-2, -5.14303161621094E-1, 1.66003784179688E-1));
#5509 = IFCCARTESIANPOINT((9.77947006225586E-2, -5.07818237304688E-1, 1.5669596862793E-1));
#5510 = IFCFACEOUTERBOUND(#5507, .T.);
#5511 = IFCFACE((#5510));
#5512 = IFCPOLYLOOP((#5501, #5509, #5513));
#5513 = IFCCARTESIANPOINT((9.46846389770508E-2, -5.04945678710938E-1, 1.46496047973633E-1));
#5514 = IFCFACEOUTERBOUND(#5512, .T.);
#5515 = IFCFACE((#5514));
#5516 = IFCPOLYLOOP((#5487, #5513, #5517));
#5517 = IFCCARTESIANPOINT((9.29128341674805E-2, -5.03226928710938E-1, 1.37720626831055E-1));
#5518 = IFCFACEOUTERBOUND(#5516, .T.);
#5519 = IFCFACE((#5518));
#5520 = IFCPOLYLOOP((#5488, #5517, #5521));
#5521 = IFCCARTESIANPOINT((9.15100784301758E-2, -5.01912994384766E-1, 1.24400611877441E-1));
#5522 = IFCFACEOUTERBOUND(#5520, .T.);
#5523 = IFCFACE((#5522));
#5524 = IFCPOLYLOOP((#5525, #3549, #5508));
#5525 = IFCCARTESIANPOINT((1.0760523223877E-1, -5.13221252441406E-1, 1.7524772644043E-1));
#5526 = IFCFACEOUTERBOUND(#5524, .T.);
#5527 = IFCFACE((#5526));
#5528 = IFCPOLYLOOP((#5529, #5509, #5508));
#5529 = IFCCARTESIANPOINT((9.05193099975586E-2, -5.13709411621094E-1, 1.55291656494141E-1));
#5530 = IFCFACEOUTERBOUND(#5528, .T.);
#5531 = IFCFACE((#5530));
#5532 = IFCPOLYLOOP((#5529, #5513, #5509));
#5533 = IFCFACEOUTERBOUND(#5532, .T.);
#5534 = IFCFACE((#5533));
#5535 = IFCPOLYLOOP((#5536, #5537, #5517));
#5536 = IFCCARTESIANPOINT((8.72713088989258E-2, -5.09944519042969E-1, 1.42675796508789E-1));
#5537 = IFCCARTESIANPOINT((8.59638137817383E-2, -5.08215087890625E-1, 1.3327278137207E-1));
#5538 = IFCFACEOUTERBOUND(#5535, .T.);
#5539 = IFCFACE((#5538));
#5540 = IFCPOLYLOOP((#5537, #5521, #5517));
#5541 = IFCFACEOUTERBOUND(#5540, .T.);
#5542 = IFCFACE((#5541));
#5543 = IFCPOLYLOOP((#3549, #5544, #5545));
#5544 = IFCCARTESIANPOINT((9.36819534301758E-2, -5.284453125E-1, 1.76053375244141E-1));
#5545 = IFCCARTESIANPOINT((9.04073257446289E-2, -5.22648376464844E-1, 1.66855697631836E-1));
#5546 = IFCFACEOUTERBOUND(#5543, .T.);
#5547 = IFCFACE((#5546));
#5548 = IFCPOLYLOOP((#5537, #5549, #5550));
#5549 = IFCCARTESIANPOINT((7.69012680053711E-2, -5.14136047363281E-1, 1.33293304443359E-1));
#5550 = IFCCARTESIANPOINT((8.04910278320313E-2, -5.10204467773438E-1, 1.20624351501465E-1));
#5551 = IFCFACEOUTERBOUND(#5548, .T.);
#5552 = IFCFACE((#5551));
#5553 = IFCPOLYLOOP((#5545, #5554, #5555));
#5554 = IFCCARTESIANPOINT((8.17101745605469E-2, -5.27608032226563E-1, 1.65707244873047E-1));
#5555 = IFCCARTESIANPOINT((8.1551887512207E-2, -5.20016967773438E-1, 1.55100021362305E-1));
#5556 = IFCFACEOUTERBOUND(#5553, .T.);
#5557 = IFCFACE((#5556));
#5558 = IFCPOLYLOOP((#5529, #5555, #5536));
#5559 = IFCFACEOUTERBOUND(#5558, .T.);
#5560 = IFCFACE((#5559));
#5561 = IFCPOLYLOOP((#5536, #5562, #5537));
#5562 = IFCCARTESIANPOINT((7.83978118896484E-2, -5.15829040527344E-1, 1.42472991943359E-1));
#5563 = IFCFACEOUTERBOUND(#5561, .T.);
#5564 = IFCFACE((#5563));
#5565 = IFCPOLYLOOP((#5544, #5566, #5554));
#5566 = IFCCARTESIANPOINT((8.54081649780273E-2, -5.34879272460938E-1, 1.76524536132813E-1));
#5567 = IFCFACEOUTERBOUND(#5565, .T.);
#5568 = IFCFACE((#5567));
#5569 = IFCPOLYLOOP((#5570, #5550, #5549));
#5570 = IFCCARTESIANPOINT((7.24160766601563E-2, -5.14731994628906E-1, 1.19715476989746E-1));
#5571 = IFCFACEOUTERBOUND(#5569, .T.);
#5572 = IFCFACE((#5571));
#5573 = IFCPOLYLOOP((#5555, #5554, #5574));
#5574 = IFCCARTESIANPOINT((7.33548965454102E-2, -5.30636108398438E-1, 1.63894973754883E-1));
#5575 = IFCFACEOUTERBOUND(#5573, .T.);
#5576 = IFCFACE((#5575));
#5577 = IFCPOLYLOOP((#5578, #5562, #5555));
#5578 = IFCCARTESIANPOINT((6.77987289428711E-2, -5.21873413085938E-1, 1.44551376342773E-1));
#5579 = IFCFACEOUTERBOUND(#5577, .T.);
#5580 = IFCFACE((#5579));
#5581 = IFCPOLYLOOP((#5549, #5562, #5582));
#5582 = IFCCARTESIANPOINT((6.76693344116211E-2, -5.18891174316406E-1, 1.3408967590332E-1));
#5583 = IFCFACEOUTERBOUND(#5581, .T.);
#5584 = IFCFACE((#5583));
#5585 = IFCPOLYLOOP((#5549, #5582, #5570));
#5586 = IFCFACEOUTERBOUND(#5585, .T.);
#5587 = IFCFACE((#5586));
#5588 = IFCPOLYLOOP((#5554, #5566, #5574));
#5589 = IFCFACEOUTERBOUND(#5588, .T.);
#5590 = IFCFACE((#5589));
#5591 = IFCPOLYLOOP((#5582, #5578, #5592));
#5592 = IFCCARTESIANPOINT((5.66798820495605E-2, -5.2592333984375E-1, 1.44165649414063E-1));
#5593 = IFCFACEOUTERBOUND(#5591, .T.);
#5594 = IFCFACE((#5593));
#5595 = IFCPOLYLOOP((#5582, #5596, #5597));
#5596 = IFCCARTESIANPOINT((5.48515853881836E-2, -5.2376611328125E-1, 1.34255874633789E-1));
#5597 = IFCCARTESIANPOINT((5.59055404663086E-2, -5.21572631835938E-1, 1.20741920471191E-1));
#5598 = IFCFACEOUTERBOUND(#5595, .T.);
#5599 = IFCFACE((#5598));
#5600 = IFCPOLYLOOP((#5574, #5601, #5602));
#5601 = IFCCARTESIANPOINT((7.45804443359375E-2, -5.40898376464844E-1, 1.76548751831055E-1));
#5602 = IFCCARTESIANPOINT((6.11221237182617E-2, -5.35621948242188E-1, 1.63902725219727E-1));
#5603 = IFCFACEOUTERBOUND(#5600, .T.);
#5604 = IFCFACE((#5603));
#5605 = IFCPOLYLOOP((#5606, #5574, #5602));
#5606 = IFCCARTESIANPOINT((7.00417251586914E-2, -5.2592919921875E-1, 1.54480087280273E-1));
#5607 = IFCFACEOUTERBOUND(#5605, .T.);
#5608 = IFCFACE((#5607));
#5609 = IFCPOLYLOOP((#5578, #5606, #5610));
#5610 = IFCCARTESIANPOINT((5.67507553100586E-2, -5.30395812988281E-1, 1.53845626831055E-1));
#5611 = IFCFACEOUTERBOUND(#5609, .T.);
#5612 = IFCFACE((#5611));
#5613 = IFCPOLYLOOP((#5614, #5615, #5602));
#5614 = IFCCARTESIANPOINT((4.6402214050293E-2, -5.46344787597656E-1, 1.71945098876953E-1));
#5615 = IFCCARTESIANPOINT((4.51745948791504E-2, -5.38559875488281E-1, 1.61855621337891E-1));
#5616 = IFCFACEOUTERBOUND(#5613, .T.);
#5617 = IFCFACE((#5616));
#5618 = IFCPOLYLOOP((#5619, #5610, #5615));
#5619 = IFCCARTESIANPOINT((4.33122901916504E-2, -5.33910461425781E-1, 1.53964431762695E-1));
#5620 = IFCFACEOUTERBOUND(#5618, .T.);
#5621 = IFCFACE((#5620));
#5622 = IFCPOLYLOOP((#5592, #5610, #5623));
#5623 = IFCCARTESIANPOINT((4.36953353881836E-2, -5.29413635253906E-1, 1.44173782348633E-1));
#5624 = IFCFACEOUTERBOUND(#5622, .T.);
#5625 = IFCFACE((#5624));
#5626 = IFCPOLYLOOP((#5596, #5592, #5623));
#5627 = IFCFACEOUTERBOUND(#5626, .T.);
#5628 = IFCFACE((#5627));
#5629 = IFCPOLYLOOP((#5596, #5630, #5631));
#5630 = IFCCARTESIANPOINT((3.95860595703125E-2, -5.27642700195313E-1, 1.34280853271484E-1));
#5631 = IFCCARTESIANPOINT((3.98041687011719E-2, -5.26263488769531E-1, 1.24503074645996E-1));
#5632 = IFCFACEOUTERBOUND(#5629, .T.);
#5633 = IFCFACE((#5632));
#5634 = IFCPOLYLOOP((#5615, #5614, #4039));
#5635 = IFCFACEOUTERBOUND(#5634, .T.);
#5636 = IFCFACE((#5635));
#5637 = IFCPOLYLOOP((#5619, #5615, #5638));
#5638 = IFCCARTESIANPOINT((2.84658336639404E-2, -5.41871948242188E-1, 1.62742523193359E-1));
#5639 = IFCFACEOUTERBOUND(#5637, .T.);
#5640 = IFCFACE((#5639));
#5641 = IFCPOLYLOOP((#5623, #5619, #5642));
#5642 = IFCCARTESIANPOINT((2.80510501861572E-2, -5.3238671875E-1, 1.4503923034668E-1));
#5643 = IFCFACEOUTERBOUND(#5641, .T.);
#5644 = IFCFACE((#5643));
#5645 = IFCPOLYLOOP((#5630, #5623, #5642));
#5646 = IFCFACEOUTERBOUND(#5645, .T.);
#5647 = IFCFACE((#5646));
#5648 = IFCPOLYLOOP((#5630, #5649, #5631));
#5649 = IFCCARTESIANPOINT((2.75976619720459E-2, -5.29703491210938E-1, 1.34817932128906E-1));
#5650 = IFCFACEOUTERBOUND(#5648, .T.);
#5651 = IFCFACE((#5650));
#5652 = IFCPOLYLOOP((#5653, #5649, #5654));
#5653 = IFCCARTESIANPOINT((1.50693683624268E-2, -5.30231811523438E-1, 1.30384017944336E-1));
#5654 = IFCCARTESIANPOINT((1.09670829772949E-2, -5.32354370117188E-1, 1.39972869873047E-1));
#5655 = IFCFACEOUTERBOUND(#5652, .T.);
#5656 = IFCFACE((#5655));
#5657 = IFCPOLYLOOP((#5653, #5658, #5659));
#5658 = IFCCARTESIANPOINT((1.55160121917725E-2, -5.29054931640625E-1, 1.16972389221191E-1));
#5659 = IFCCARTESIANPOINT((2.64701251983643E-2, -5.2801171875E-1, 1.20360313415527E-1));
#5660 = IFCFACEOUTERBOUND(#5657, .T.);
#5661 = IFCFACE((#5660));
#5662 = IFCPOLYLOOP((#5638, #4039, #5663));
#5663 = IFCCARTESIANPOINT((1.19287137985229E-2, -5.43179138183594E-1, 1.62853286743164E-1));
#5664 = IFCFACEOUTERBOUND(#5662, .T.);
#5665 = IFCFACE((#5664));
#5666 = IFCPOLYLOOP((#5667, #5638, #5663));
#5667 = IFCCARTESIANPOINT((2.72827339172363E-2, -5.36597412109375E-1, 1.54339614868164E-1));
#5668 = IFCFACEOUTERBOUND(#5666, .T.);
#5669 = IFCFACE((#5668));
#5670 = IFCPOLYLOOP((#5642, #5667, #5671));
#5671 = IFCCARTESIANPOINT((1.05659294128418E-2, -5.34615234375E-1, 1.471669921875E-1));
#5672 = IFCFACEOUTERBOUND(#5670, .T.);
#5673 = IFCFACE((#5672));
#5674 = IFCPOLYLOOP((#5273, #5653, #5654));
#5675 = IFCFACEOUTERBOUND(#5674, .T.);
#5676 = IFCFACE((#5675));
#5677 = IFCPOLYLOOP((#5346, #5658, #5653));
#5678 = IFCFACEOUTERBOUND(#5677, .T.);
#5679 = IFCFACE((#5678));
#5680 = IFCPOLYLOOP((#5681, #5682, #5367));
#5681 = IFCCARTESIANPOINT((1.15407272338867E-1, -3.72718139648438E-1, 1.14095176696777E-1));
#5682 = IFCCARTESIANPOINT((1.15366943359375E-1, -2.74515228271484E-1, 1.20653396606445E-1));
#5683 = IFCFACEOUTERBOUND(#5680, .T.);
#5684 = IFCFACE((#5683));
#5685 = IFCPOLYLOOP((#5686, #5432, #5450));
#5686 = IFCCARTESIANPOINT((1.09836242675781E-1, -4.63171447753906E-1, 7.54283294677734E-2));
#5687 = IFCFACEOUTERBOUND(#5685, .T.);
#5688 = IFCFACE((#5687));
#5689 = IFCPOLYLOOP((#3417, #5566, #5544));
#5690 = IFCFACEOUTERBOUND(#5689, .T.);
#5691 = IFCFACE((#5690));
#5692 = IFCPOLYLOOP((#3416, #5601, #5566));
#5693 = IFCFACEOUTERBOUND(#5692, .T.);
#5694 = IFCFACE((#5693));
#5695 = IFCPOLYLOOP((#3345, #5696, #5601));
#5696 = IFCCARTESIANPOINT((6.1024658203125E-2, -5.47004272460938E-1, 1.77135498046875E-1));
#5697 = IFCFACEOUTERBOUND(#5695, .T.);
#5698 = IFCFACE((#5697));
#5699 = IFCPOLYLOOP((#5696, #3345, #3270));
#5700 = IFCFACEOUTERBOUND(#5699, .T.);
#5701 = IFCFACE((#5700));
#5702 = IFCPOLYLOOP((#5614, #5696, #3270));
#5703 = IFCFACEOUTERBOUND(#5702, .T.);
#5704 = IFCFACE((#5703));
#5705 = IFCPOLYLOOP((#4039, #3218, #3217));
#5706 = IFCFACEOUTERBOUND(#5705, .T.);
#5707 = IFCFACE((#5706));
#5708 = IFCPOLYLOOP((#3218, #4039, #5614));
#5709 = IFCFACEOUTERBOUND(#5708, .T.);
#5710 = IFCFACE((#5709));
#5711 = IFCPOLYLOOP((#5092, #5203, #5671));
#5712 = IFCFACEOUTERBOUND(#5711, .T.);
#5713 = IFCFACE((#5712));
#5714 = IFCPOLYLOOP((#5046, #5092, #5663));
#5715 = IFCFACEOUTERBOUND(#5714, .T.);
#5716 = IFCFACE((#5715));
#5717 = IFCPOLYLOOP((#5718, #5631, #5719));
#5718 = IFCCARTESIANPOINT((4.75856513977051E-2, -5.23814025878906E-1, 1.14351028442383E-1));
#5719 = IFCCARTESIANPOINT((4.13283843994141E-2, -5.25311340332031E-1, 1.14489532470703E-1));
#5720 = IFCFACEOUTERBOUND(#5717, .T.);
#5721 = IFCFACE((#5720));
#5722 = IFCPOLYLOOP((#5654, #5671, #5203));
#5723 = IFCFACEOUTERBOUND(#5722, .T.);
#5724 = IFCFACE((#5723));
#5725 = IFCPOLYLOOP((#5719, #5631, #5726));
#5726 = IFCCARTESIANPOINT((3.54801979064941E-2, -5.26453125E-1, 1.13211235046387E-1));
#5727 = IFCFACEOUTERBOUND(#5725, .T.);
#5728 = IFCFACE((#5727));
#5729 = IFCPOLYLOOP((#5730, #5731, #5732));
#5730 = IFCCARTESIANPOINT((1.2682682800293E-1, -1.90906295776367E-1, 2.21381393432617E-1));
#5731 = IFCCARTESIANPOINT((1.31231582641602E-1, -1.81021392822266E-1, 2.58686584472656E-1));
#5732 = IFCCARTESIANPOINT((1.31939636230469E-1, -1.98187973022461E-1, 2.3982307434082E-1));
#5733 = IFCFACEOUTERBOUND(#5729, .T.);
#5734 = IFCFACE((#5733));
#5735 = IFCPOLYLOOP((#5736, #5737, #5731));
#5736 = IFCCARTESIANPOINT((1.24543045043945E-1, -1.82585021972656E-1, 2.11784729003906E-1));
#5737 = IFCCARTESIANPOINT((1.29711059570313E-1, -1.71217697143555E-1, 2.58018951416016E-1));
#5738 = IFCFACEOUTERBOUND(#5735, .T.);
#5739 = IFCFACE((#5738));
#5740 = IFCPOLYLOOP((#5741, #5742, #5736));
#5741 = IFCCARTESIANPOINT((1.2194734954834E-1, -1.83770111083984E-1, 1.91828063964844E-1));
#5742 = IFCCARTESIANPOINT((1.28268051147461E-1, -1.65324172973633E-1, 2.48929016113281E-1));
#5743 = IFCFACEOUTERBOUND(#5740, .T.);
#5744 = IFCFACE((#5743));
#5745 = IFCPOLYLOOP((#5746, #5732, #3029));
#5746 = IFCCARTESIANPOINT((1.29326446533203E-1, -2.02734710693359E-1, 2.22933410644531E-1));
#5747 = IFCFACEOUTERBOUND(#5745, .T.);
#5748 = IFCFACE((#5747));
#5749 = IFCPOLYLOOP((#5750, #5746, #2999));
#5750 = IFCCARTESIANPOINT((1.27730941772461E-1, -2.12342468261719E-1, 2.08136993408203E-1));
#5751 = IFCFACEOUTERBOUND(#5749, .T.);
#5752 = IFCFACE((#5751));
#5753 = IFCPOLYLOOP((#5754, #5730, #5750));
#5754 = IFCCARTESIANPOINT((1.24300140380859E-1, -2.03210067749023E-1, 1.98998001098633E-1));
#5755 = IFCFACEOUTERBOUND(#5753, .T.);
#5756 = IFCFACE((#5755));
#5757 = IFCPOLYLOOP((#5758, #5741, #5754));
#5758 = IFCCARTESIANPOINT((1.21424560546875E-1, -2.02488998413086E-1, 1.83032516479492E-1));
#5759 = IFCFACEOUTERBOUND(#5757, .T.);
#5760 = IFCFACE((#5759));
#5761 = IFCPOLYLOOP((#5750, #2999, #3116));
#5762 = IFCFACEOUTERBOUND(#5761, .T.);
#5763 = IFCFACE((#5762));
#5764 = IFCPOLYLOOP((#5754, #5750, #5765));
#5765 = IFCCARTESIANPOINT((1.26209800720215E-1, -2.2384326171875E-1, 1.95644561767578E-1));
#5766 = IFCFACEOUTERBOUND(#5764, .T.);
#5767 = IFCFACE((#5766));
#5768 = IFCPOLYLOOP((#5769, #5758, #5770));
#5769 = IFCCARTESIANPOINT((1.20110908508301E-1, -2.21834243774414E-1, 1.6956559753418E-1));
#5770 = IFCCARTESIANPOINT((1.22486312866211E-1, -2.17029922485352E-1, 1.83354202270508E-1));
#5771 = IFCFACEOUTERBOUND(#5768, .T.);
#5772 = IFCFACE((#5771));
#5773 = IFCPOLYLOOP((#5774, #5741, #5769));
#5774 = IFCCARTESIANPOINT((1.17853706359863E-1, -2.19013397216797E-1, 1.53400375366211E-1));
#5775 = IFCFACEOUTERBOUND(#5773, .T.);
#5776 = IFCFACE((#5775));
#5777 = IFCPOLYLOOP((#5778, #5765, #2955));
#5778 = IFCCARTESIANPOINT((1.24224655151367E-1, -2.36960800170898E-1, 1.83694702148438E-1));
#5779 = IFCFACEOUTERBOUND(#5777, .T.);
#5780 = IFCFACE((#5779));
#5781 = IFCPOLYLOOP((#5769, #5770, #5778));
#5782 = IFCFACEOUTERBOUND(#5781, .T.);
#5783 = IFCFACE((#5782));
#5784 = IFCPOLYLOOP((#5785, #5778, #5786));
#5785 = IFCCARTESIANPOINT((1.21301475524902E-1, -2.44904159545898E-1, 1.69882507324219E-1));
#5786 = IFCCARTESIANPOINT((1.24652374267578E-1, -2.60699890136719E-1, 1.79400833129883E-1));
#5787 = IFCFACEOUTERBOUND(#5784, .T.);
#5788 = IFCFACE((#5787));
#5789 = IFCPOLYLOOP((#5769, #5778, #5785));
#5790 = IFCFACEOUTERBOUND(#5789, .T.);
#5791 = IFCFACE((#5790));
#5792 = IFCPOLYLOOP((#5786, #5778, #5793));
#5793 = IFCCARTESIANPOINT((1.27852973937988E-1, -2.55693069458008E-1, 1.89268325805664E-1));
#5794 = IFCFACEOUTERBOUND(#5792, .T.);
#5795 = IFCFACE((#5794));
#5796 = IFCPOLYLOOP((#5786, #5793, #2918));
#5797 = IFCFACEOUTERBOUND(#5796, .T.);
#5798 = IFCFACE((#5797));
#5799 = IFCPOLYLOOP((#5388, #5785, #5362));
#5800 = IFCFACEOUTERBOUND(#5799, .T.);
#5801 = IFCFACE((#5800));
#5802 = IFCPOLYLOOP((#5803, #5804, #5388));
#5803 = IFCCARTESIANPOINT((1.17473236083984E-1, -2.70667907714844E-1, 1.45810806274414E-1));
#5804 = IFCCARTESIANPOINT((1.18895851135254E-1, -2.39930969238281E-1, 1.58823471069336E-1));
#5805 = IFCFACEOUTERBOUND(#5802, .T.);
#5806 = IFCFACE((#5805));
#5807 = IFCPOLYLOOP((#5774, #5804, #5368));
#5808 = IFCFACEOUTERBOUND(#5807, .T.);
#5809 = IFCFACE((#5808));
#5810 = IFCPOLYLOOP((#5363, #5786, #3071));
#5811 = IFCFACEOUTERBOUND(#5810, .T.);
#5812 = IFCFACE((#5811));
#5813 = IFCPOLYLOOP((#5814, #5815, #3038));
#5814 = IFCCARTESIANPOINT((1.34384429931641E-1, -1.90805801391602E-1, 2.62383911132813E-1));
#5815 = IFCCARTESIANPOINT((1.35955169677734E-1, -1.83382461547852E-1, 2.85952789306641E-1));
#5816 = IFCFACEOUTERBOUND(#5813, .T.);
#5817 = IFCFACE((#5816));
#5818 = IFCPOLYLOOP((#5814, #5731, #5815));
#5819 = IFCFACEOUTERBOUND(#5818, .T.);
#5820 = IFCFACE((#5819));
#5821 = IFCPOLYLOOP((#5822, #5731, #5737));
#5822 = IFCCARTESIANPOINT((1.34648574829102E-1, -1.70561538696289E-1, 3.01013488769531E-1));
#5823 = IFCFACEOUTERBOUND(#5821, .T.);
#5824 = IFCFACE((#5823));
#5825 = IFCPOLYLOOP((#5742, #5826, #5827));
#5826 = IFCCARTESIANPOINT((1.21410049438477E-1, -1.76606216430664E-1, 1.86808654785156E-1));
#5827 = IFCCARTESIANPOINT((1.30366119384766E-1, -1.54679626464844E-1, 2.69589752197266E-1));
#5828 = IFCFACEOUTERBOUND(#5825, .T.);
#5829 = IFCFACE((#5828));
#5830 = IFCPOLYLOOP((#5742, #5741, #5826));
#5831 = IFCFACEOUTERBOUND(#5830, .T.);
#5832 = IFCFACE((#5831));
#5833 = IFCPOLYLOOP((#5826, #5741, #5774));
#5834 = IFCFACEOUTERBOUND(#5833, .T.);
#5835 = IFCFACE((#5834));
#5836 = IFCPOLYLOOP((#5368, #5803, #5369));
#5837 = IFCFACEOUTERBOUND(#5836, .T.);
#5838 = IFCFACE((#5837));
#5839 = IFCPOLYLOOP((#5362, #5361, #5388));
#5840 = IFCFACEOUTERBOUND(#5839, .T.);
#5841 = IFCFACE((#5840));
#5842 = IFCPOLYLOOP((#5367, #5682, #5368));
#5843 = IFCFACEOUTERBOUND(#5842, .T.);
#5844 = IFCFACE((#5843));
#5845 = IFCPOLYLOOP((#3104, #3053, #5846));
#5846 = IFCCARTESIANPOINT((1.43587127685547E-1, -1.83504745483398E-1, 3.54348846435547E-1));
#5847 = IFCFACEOUTERBOUND(#5845, .T.);
#5848 = IFCFACE((#5847));
#5849 = IFCPOLYLOOP((#5850, #5851, #5852));
#5850 = IFCCARTESIANPOINT((1.39224044799805E-1, -1.69932968139648E-1, 3.49493011474609E-1));
#5851 = IFCCARTESIANPOINT((1.42519607543945E-1, -1.70905624389648E-1, 3.89868774414063E-1));
#5852 = IFCCARTESIANPOINT((1.42112457275391E-1, -1.75680572509766E-1, 3.69082214355469E-1));
#5853 = IFCFACEOUTERBOUND(#5849, .T.);
#5854 = IFCFACE((#5853));
#5855 = IFCPOLYLOOP((#5856, #5857, #5851));
#5856 = IFCCARTESIANPOINT((1.38822113037109E-1, -1.62778274536133E-1, 3.55254547119141E-1));
#5857 = IFCCARTESIANPOINT((1.41527801513672E-1, -1.60173355102539E-1, 3.90323638916016E-1));
#5858 = IFCFACEOUTERBOUND(#5855, .T.);
#5859 = IFCFACE((#5858));
#5860 = IFCPOLYLOOP((#5861, #5852, #5846));
#5861 = IFCCARTESIANPOINT((1.39137771606445E-1, -1.76356521606445E-1, 3.31581268310547E-1));
#5862 = IFCFACEOUTERBOUND(#5860, .T.);
#5863 = IFCFACE((#5862));
#5864 = IFCPOLYLOOP((#5865, #5866, #5856));
#5865 = IFCCARTESIANPOINT((1.33241882324219E-1, -1.63547164916992E-1, 2.96270629882813E-1));
#5866 = IFCCARTESIANPOINT((1.38247528076172E-1, -1.56578125E-1, 3.51604949951172E-1));
#5867 = IFCFACEOUTERBOUND(#5864, .T.);
#5868 = IFCFACE((#5867));
#5869 = IFCPOLYLOOP((#5870, #5846, #5871));
#5870 = IFCCARTESIANPOINT((1.40082168579102E-1, -1.82345550537109E-1, 3.20883331298828E-1));
#5871 = IFCCARTESIANPOINT((1.44460098266602E-1, -1.91542831420898E-1, 3.23262817382813E-1));
#5872 = IFCFACEOUTERBOUND(#5869, .T.);
#5873 = IFCFACE((#5872));
#5874 = IFCPOLYLOOP((#5822, #5850, #5861));
#5875 = IFCFACEOUTERBOUND(#5874, .T.);
#5876 = IFCFACE((#5875));
#5877 = IFCPOLYLOOP((#5822, #5865, #5856));
#5878 = IFCFACEOUTERBOUND(#5877, .T.);
#5879 = IFCFACE((#5878));
#5880 = IFCPOLYLOOP((#5850, #5822, #5856));
#5881 = IFCFACEOUTERBOUND(#5880, .T.);
#5882 = IFCFACE((#5881));
#5883 = IFCPOLYLOOP((#5884, #5861, #5870));
#5884 = IFCCARTESIANPOINT((1.34972595214844E-1, -1.76904846191406E-1, 2.92459350585938E-1));
#5885 = IFCFACEOUTERBOUND(#5883, .T.);
#5886 = IFCFACE((#5885));
#5887 = IFCPOLYLOOP((#5815, #5870, #5888));
#5888 = IFCCARTESIANPOINT((1.41515991210938E-1, -1.93803756713867E-1, 2.95610626220703E-1));
#5889 = IFCFACEOUTERBOUND(#5887, .T.);
#5890 = IFCFACE((#5889));
#5891 = IFCPOLYLOOP((#3104, #5892, #3109));
#5892 = IFCCARTESIANPOINT((1.45195877075195E-1, -1.84164962768555E-1, 3.77685943603516E-1));
#5893 = IFCFACEOUTERBOUND(#5891, .T.);
#5894 = IFCFACE((#5893));
#5895 = IFCPOLYLOOP((#3104, #3054, #3053));
#5896 = IFCFACEOUTERBOUND(#5895, .T.);
#5897 = IFCFACE((#5896));
#5898 = IFCPOLYLOOP((#3053, #3049, #5871));
#5899 = IFCFACEOUTERBOUND(#5898, .T.);
#5900 = IFCFACE((#5899));
#5901 = IFCPOLYLOOP((#5851, #5902, #5852));
#5902 = IFCCARTESIANPOINT((1.44242965698242E-1, -1.79548416137695E-1, 3.90739593505859E-1));
#5903 = IFCFACEOUTERBOUND(#5901, .T.);
#5904 = IFCFACE((#5903));
#5905 = IFCPOLYLOOP((#5902, #5892, #5852));
#5906 = IFCFACEOUTERBOUND(#5905, .T.);
#5907 = IFCFACE((#5906));
#5908 = IFCPOLYLOOP((#5866, #5857, #5856));
#5909 = IFCFACEOUTERBOUND(#5908, .T.);
#5910 = IFCFACE((#5909));
#5911 = IFCPOLYLOOP((#5892, #5902, #5912));
#5912 = IFCCARTESIANPOINT((1.46350234985352E-1, -1.86087265014648E-1, 3.92172912597656E-1));
#5913 = IFCFACEOUTERBOUND(#5911, .T.);
#5914 = IFCFACE((#5913));
#5915 = IFCPOLYLOOP((#5888, #5871, #3042));
#5916 = IFCFACEOUTERBOUND(#5915, .T.);
#5917 = IFCFACE((#5916));
#5918 = IFCPOLYLOOP((#3034, #5871, #3049));
#5919 = IFCFACEOUTERBOUND(#5918, .T.);
#5920 = IFCFACE((#5919));
#5921 = IFCPOLYLOOP((#3038, #5888, #3007));
#5922 = IFCFACEOUTERBOUND(#5921, .T.);
#5923 = IFCFACE((#5922));
#5924 = IFCPOLYLOOP((#5884, #5815, #5731));
#5925 = IFCFACEOUTERBOUND(#5924, .T.);
#5926 = IFCFACE((#5925));
#5927 = IFCPOLYLOOP((#5865, #5822, #5737));
#5928 = IFCFACEOUTERBOUND(#5927, .T.);
#5929 = IFCFACE((#5928));
#5930 = IFCPOLYLOOP((#5827, #5865, #5742));
#5931 = IFCFACEOUTERBOUND(#5930, .T.);
#5932 = IFCFACE((#5931));
#5933 = IFCPOLYLOOP((#5934, #5851, #5935));
#5934 = IFCCARTESIANPOINT((1.42475402832031E-1, -1.76443405151367E-1, 3.94189483642578E-1));
#5935 = IFCCARTESIANPOINT((1.41024017333984E-1, -1.63619934082031E-1, 3.93239318847656E-1));
#5936 = IFCFACEOUTERBOUND(#5933, .T.);
#5937 = IFCFACE((#5936));
#5938 = IFCPOLYLOOP((#5934, #5935, #5939));
#5939 = IFCCARTESIANPOINT((1.39770980834961E-1, -1.60630462646484E-1, 3.95790283203125E-1));
#5940 = IFCFACEOUTERBOUND(#5938, .T.);
#5941 = IFCFACE((#5940));
#5942 = IFCPOLYLOOP((#5943, #5912, #5944));
#5943 = IFCCARTESIANPOINT((1.47062347412109E-1, -1.93394760131836E-1, 3.96443939208984E-1));
#5944 = IFCCARTESIANPOINT((1.42667022705078E-1, -1.82143859863281E-1, 3.96296203613281E-1));
#5945 = IFCFACEOUTERBOUND(#5942, .T.);
#5946 = IFCFACE((#5945));
#5947 = IFCPOLYLOOP((#5948, #5944, #5949));
#5948 = IFCCARTESIANPOINT((1.39582412719727E-1, -1.83270416259766E-1, 3.99013458251953E-1));
#5949 = IFCCARTESIANPOINT((1.3768408203125E-1, -1.66618667602539E-1, 3.97963012695313E-1));
#5950 = IFCFACEOUTERBOUND(#5947, .T.);
#5951 = IFCFACE((#5950));
#5952 = IFCPOLYLOOP((#5943, #5944, #5948));
#5953 = IFCFACEOUTERBOUND(#5952, .T.);
#5954 = IFCFACE((#5953));
#5955 = IFCPOLYLOOP((#4479, #5948, #4473));
#5956 = IFCFACEOUTERBOUND(#5955, .T.);
#5957 = IFCFACE((#5956));
#5958 = IFCPOLYLOOP((#2860, #3105, #3109));
#5959 = IFCFACEOUTERBOUND(#5958, .T.);
#5960 = IFCFACE((#5959));
#5961 = IFCPOLYLOOP((#5943, #2860, #3109));
#5962 = IFCFACEOUTERBOUND(#5961, .T.);
#5963 = IFCFACE((#5962));
#5964 = IFCPOLYLOOP((#2869, #5943, #5965));
#5965 = IFCCARTESIANPOINT((1.4426008605957E-1, -1.95204574584961E-1, 3.99080749511719E-1));
#5966 = IFCFACEOUTERBOUND(#5964, .T.);
#5967 = IFCFACE((#5966));
#5968 = IFCPOLYLOOP((#5943, #2869, #2860));
#5969 = IFCFACEOUTERBOUND(#5968, .T.);
#5970 = IFCFACE((#5969));
#5971 = IFCPOLYLOOP((#2868, #5965, #4479));
#5972 = IFCFACEOUTERBOUND(#5971, .T.);
#5973 = IFCFACE((#5972));
#5974 = IFCPOLYLOOP((#5965, #2868, #2869));
#5975 = IFCFACEOUTERBOUND(#5974, .T.);
#5976 = IFCFACE((#5975));
#5977 = IFCPOLYLOOP((#5978, #5979, #5980));
#5978 = IFCCARTESIANPOINT((1.40416442871094E-1, -1.01853220257908E-9, 3.94544036865234E-1));
#5979 = IFCCARTESIANPOINT((1.41532333374023E-1, -2.73286819458008E-2, 3.90783050537109E-1));
#5980 = IFCCARTESIANPOINT((1.4146923828125E-1, -8.08526419859845E-9, 3.9065869140625E-1));
#5981 = IFCFACEOUTERBOUND(#5977, .T.);
#5982 = IFCFACE((#5981));
#5983 = IFCPOLYLOOP((#5935, #5857, #5979));
#5984 = IFCFACEOUTERBOUND(#5983, .T.);
#5985 = IFCFACE((#5984));
#5986 = IFCPOLYLOOP((#5939, #5935, #5978));
#5987 = IFCFACEOUTERBOUND(#5986, .T.);
#5988 = IFCFACE((#5987));
#5989 = IFCPOLYLOOP((#5949, #5939, #5990));
#5990 = IFCCARTESIANPOINT((1.37738876342773E-1, 3.94391157897189E-7, 3.97793731689453E-1));
#5991 = IFCFACEOUTERBOUND(#5989, .T.);
#5992 = IFCFACE((#5991));
#5993 = IFCPOLYLOOP((#5994, #5949, #5990));
#5994 = IFCCARTESIANPOINT((1.35094528198242E-1, -1.83472950011492E-5, 3.99332916259766E-1));
#5995 = IFCFACEOUTERBOUND(#5993, .T.);
#5996 = IFCFACE((#5995));
#5997 = IFCPOLYLOOP((#4473, #5998, #5994));
#5998 = IFCCARTESIANPOINT((1.35661376953125E-1, -1.6746875E-1, 3.99135620117188E-1));
#5999 = IFCFACEOUTERBOUND(#5997, .T.);
#6000 = IFCFACE((#5999));
#6001 = IFCPOLYLOOP((#5979, #6002, #6003));
#6002 = IFCCARTESIANPOINT((1.41519058227539E-1, -9.57834014892578E-2, 3.89047668457031E-1));
#6003 = IFCCARTESIANPOINT((1.41479934692383E-1, -6.28944473266602E-2, 3.88617828369141E-1));
#6004 = IFCFACEOUTERBOUND(#6001, .T.);
#6005 = IFCFACE((#6004));
#6006 = IFCPOLYLOOP((#5979, #5857, #6002));
#6007 = IFCFACEOUTERBOUND(#6006, .T.);
#6008 = IFCFACE((#6007));
#6009 = IFCPOLYLOOP((#6010, #6011, #6012));
#6010 = IFCCARTESIANPOINT((1.38377166748047E-1, -8.08305969238281E-2, 3.46080139160156E-1));
#6011 = IFCCARTESIANPOINT((1.37973175048828E-1, -1.29431182861328E-1, 3.4641943359375E-1));
#6012 = IFCCARTESIANPOINT((1.34668090820313E-1, -1.1107177734375E-1, 3.06502166748047E-1));
#6013 = IFCFACEOUTERBOUND(#6009, .T.);
#6014 = IFCFACE((#6013));
#6015 = IFCPOLYLOOP((#6016, #6012, #6011));
#6016 = IFCCARTESIANPOINT((1.34056716918945E-1, -1.40657333374023E-1, 3.04573516845703E-1));
#6017 = IFCFACEOUTERBOUND(#6015, .T.);
#6018 = IFCFACE((#6017));
#6019 = IFCPOLYLOOP((#5826, #6020, #6021));
#6020 = IFCCARTESIANPOINT((1.17935287475586E-1, -1.63599395751953E-1, 1.45648727416992E-1));
#6021 = IFCCARTESIANPOINT((1.19366477966309E-1, -1.30000305175781E-1, 1.54409393310547E-1));
#6022 = IFCFACEOUTERBOUND(#6019, .T.);
#6023 = IFCFACE((#6022));
#6024 = IFCPOLYLOOP((#6025, #6026, #6027));
#6025 = IFCCARTESIANPOINT((1.11646759033203E-1, -1.74220581054688E-1, 4.24916152954102E-2));
#6026 = IFCCARTESIANPOINT((1.11583503723145E-1, -1.30000030517578E-1, 3.78732566833496E-2));
#6027 = IFCCARTESIANPOINT((1.13376098632813E-1, -1.30000076293945E-1, 7.34531936645508E-2));
#6028 = IFCFACEOUTERBOUND(#6024, .T.);
#6029 = IFCFACE((#6028));
#6030 = IFCPOLYLOOP((#6031, #6021, #6020));
#6031 = IFCCARTESIANPOINT((1.1574617767334E-1, -1.30000045776367E-1, 1.0969116973877E-1));
#6032 = IFCFACEOUTERBOUND(#6030, .T.);
#6033 = IFCFACE((#6032));
#6034 = IFCPOLYLOOP((#6035, #6025, #6027));
#6035 = IFCCARTESIANPOINT((1.13195365905762E-1, -1.99070510864258E-1, 7.94967651367188E-2));
#6036 = IFCFACEOUTERBOUND(#6034, .T.);
#6037 = IFCFACE((#6036));
#6038 = IFCPOLYLOOP((#6039, #6020, #5774));
#6039 = IFCCARTESIANPOINT((1.15266799926758E-1, -1.77092437744141E-1, 1.12796646118164E-1));
#6040 = IFCFACEOUTERBOUND(#6038, .T.);
#6041 = IFCFACE((#6040));
#6042 = IFCPOLYLOOP((#6043, #6044, #6035));
#6043 = IFCCARTESIANPOINT((1.13272201538086E-1, -2.61100006103516E-1, 8.24268035888672E-2));
#6044 = IFCCARTESIANPOINT((1.11755210876465E-1, -2.44244186401367E-1, 4.36269569396973E-2));
#6045 = IFCFACEOUTERBOUND(#6042, .T.);
#6046 = IFCFACE((#6045));
#6047 = IFCPOLYLOOP((#6044, #6048, #6025));
#6048 = IFCCARTESIANPOINT((1.10577583312988E-1, -2.10679870605469E-1, 2.77935760095716E-9));
#6049 = IFCFACEOUTERBOUND(#6047, .T.);
#6050 = IFCFACE((#6049));
#6051 = IFCPOLYLOOP((#6052, #6053, #6043));
#6052 = IFCCARTESIANPOINT((1.12070236206055E-1, -3.46017150878906E-1, 4.24469032287598E-2));
#6053 = IFCCARTESIANPOINT((1.10886756896973E-1, -3.08199188232422E-1, 1.67273333318008E-9));
#6054 = IFCFACEOUTERBOUND(#6051, .T.);
#6055 = IFCFACE((#6054));
#6056 = IFCPOLYLOOP((#6057, #6058, #6052));
#6057 = IFCCARTESIANPOINT((1.12221992492676E-1, -4.15239379882813E-1, 4.25447311401367E-2));
#6058 = IFCCARTESIANPOINT((1.10965354919434E-1, -3.78852783203125E-1, 2.34682579502987E-9));
#6059 = IFCFACEOUTERBOUND(#6056, .T.);
#6060 = IFCFACE((#6059));
#6061 = IFCPOLYLOOP((#6062, #6057, #6063));
#6062 = IFCCARTESIANPOINT((1.1199536895752E-1, -4.32657989501953E-1, 4.29557228088379E-2));
#6063 = IFCCARTESIANPOINT((1.13819030761719E-1, -4.26969116210938E-1, 8.38191757202148E-2));
#6064 = IFCFACEOUTERBOUND(#6061, .T.);
#6065 = IFCFACE((#6064));
#6066 = IFCPOLYLOOP((#6067, #6062, #6068));
#6067 = IFCCARTESIANPOINT((1.11240661621094E-1, -4.45514801025391E-1, 4.12002754211426E-2));
#6068 = IFCCARTESIANPOINT((1.13051155090332E-1, -4.43135864257813E-1, 8.3570686340332E-2));
#6069 = IFCFACEOUTERBOUND(#6066, .T.);
#6070 = IFCFACE((#6069));
#6071 = IFCPOLYLOOP((#5415, #5432, #6068));
#6072 = IFCFACEOUTERBOUND(#6071, .T.);
#6073 = IFCFACE((#6072));
#6074 = IFCPOLYLOOP((#6075, #6067, #6076));
#6075 = IFCCARTESIANPOINT((1.09954460144043E-1, -4.55274261474609E-1, 3.28923072814941E-2));
#6076 = IFCCARTESIANPOINT((1.1158666229248E-1, -4.53232330322266E-1, 7.30311660766602E-2));
#6077 = IFCFACEOUTERBOUND(#6074, .T.);
#6078 = IFCFACE((#6077));
#6079 = IFCPOLYLOOP((#5686, #6076, #5432));
#6080 = IFCFACEOUTERBOUND(#6079, .T.);
#6081 = IFCFACE((#6080));
#6082 = IFCPOLYLOOP((#6075, #6076, #6083));
#6083 = IFCCARTESIANPOINT((1.08058876037598E-1, -4.65064636230469E-1, 3.40388069152832E-2));
#6084 = IFCFACEOUTERBOUND(#6082, .T.);
#6085 = IFCFACE((#6084));
#6086 = IFCPOLYLOOP((#5467, #5466, #6087));
#6087 = IFCCARTESIANPOINT((1.05320213317871E-1, -4.77542785644531E-1, 7.45310516357422E-2));
#6088 = IFCFACEOUTERBOUND(#6086, .T.);
#6089 = IFCFACE((#6088));
#6090 = IFCPOLYLOOP((#5450, #5467, #5686));
#6091 = IFCFACEOUTERBOUND(#6090, .T.);
#6092 = IFCFACE((#6091));
#6093 = IFCPOLYLOOP((#6094, #6083, #6095));
#6094 = IFCCARTESIANPOINT((1.05228965759277E-1, -4.74389678955078E-1, 3.39426651000977E-2));
#6095 = IFCCARTESIANPOINT((1.07704704284668E-1, -4.70778411865234E-1, 7.43347396850586E-2));
#6096 = IFCFACEOUTERBOUND(#6093, .T.);
#6097 = IFCFACE((#6096));
#6098 = IFCPOLYLOOP((#6099, #6087, #5466));
#6099 = IFCCARTESIANPOINT((1.01765342712402E-1, -4.85391296386719E-1, 7.81761779785156E-2));
#6100 = IFCFACEOUTERBOUND(#6098, .T.);
#6101 = IFCFACE((#6100));
#6102 = IFCPOLYLOOP((#6103, #6094, #6087));
#6103 = IFCCARTESIANPOINT((1.00689331054688E-1, -4.84479705810547E-1, 3.07091293334961E-2));
#6104 = IFCFACEOUTERBOUND(#6102, .T.);
#6105 = IFCFACE((#6104));
#6106 = IFCPOLYLOOP((#6103, #6099, #6107));
#6107 = IFCCARTESIANPOINT((9.53741607666016E-2, -4.92659820556641E-1, 3.12490310668945E-2));
#6108 = IFCFACEOUTERBOUND(#6106, .T.);
#6109 = IFCFACE((#6108));
#6110 = IFCPOLYLOOP((#6111, #6107, #6112));
#6111 = IFCCARTESIANPOINT((9.06121368408203E-2, -4.98199462890625E-1, 3.18918609619141E-2));
#6112 = IFCCARTESIANPOINT((9.22607345581055E-2, -4.98438842773438E-1, 7.52029495239258E-2));
#6113 = IFCFACEOUTERBOUND(#6110, .T.);
#6114 = IFCFACE((#6113));
#6115 = IFCPOLYLOOP((#5521, #6116, #6112));
#6116 = IFCCARTESIANPOINT((8.57151870727539E-2, -5.06648132324219E-1, 1.21361213684082E-1));
#6117 = IFCFACEOUTERBOUND(#6115, .T.);
#6118 = IFCFACE((#6117));
#6119 = IFCPOLYLOOP((#6120, #6121, #5550));
#6120 = IFCCARTESIANPOINT((8.15267105102539E-2, -5.06508575439453E-1, 4.33185501098633E-2));
#6121 = IFCCARTESIANPOINT((8.57354125976563E-2, -5.03657592773438E-1, 5.6717845916748E-2));
#6122 = IFCFACEOUTERBOUND(#6119, .T.);
#6123 = IFCFACE((#6122));
#6124 = IFCPOLYLOOP((#6125, #5550, #5570));
#6125 = IFCCARTESIANPOINT((7.52937622070313E-2, -5.10748901367188E-1, 4.50161285400391E-2));
#6126 = IFCFACEOUTERBOUND(#6124, .T.);
#6127 = IFCFACE((#6126));
#6128 = IFCPOLYLOOP((#6125, #6120, #5550));
#6129 = IFCFACEOUTERBOUND(#6128, .T.);
#6130 = IFCFACE((#6129));
#6131 = IFCPOLYLOOP((#6132, #6125, #5570));
#6132 = IFCCARTESIANPOINT((6.56534805297852E-2, -5.16120849609375E-1, 5.34400100708008E-2));
#6133 = IFCFACEOUTERBOUND(#6131, .T.);
#6134 = IFCFACE((#6133));
#6135 = IFCPOLYLOOP((#6132, #6136, #6125));
#6136 = IFCCARTESIANPOINT((6.17705574035645E-2, -5.16936584472656E-1, -1.57352755195461E-7));
#6137 = IFCFACEOUTERBOUND(#6135, .T.);
#6138 = IFCFACE((#6137));
#6139 = IFCPOLYLOOP((#6140, #6132, #5597));
#6140 = IFCCARTESIANPOINT((5.55165519714355E-2, -5.201796875E-1, 4.8425724029541E-2));
#6141 = IFCFACEOUTERBOUND(#6139, .T.);
#6142 = IFCFACE((#6141));
#6143 = IFCPOLYLOOP((#6144, #6140, #5718));
#6144 = IFCCARTESIANPOINT((5.08876457214355E-2, -5.21085998535156E-1, 9.77400783449411E-6));
#6145 = IFCFACEOUTERBOUND(#6143, .T.);
#6146 = IFCFACE((#6145));
#6147 = IFCPOLYLOOP((#6144, #5718, #6148));
#6148 = IFCCARTESIANPOINT((4.2230525970459E-2, -5.23560668945313E-1, 1.45995784550905E-5));
#6149 = IFCFACEOUTERBOUND(#6147, .T.);
#6150 = IFCFACE((#6149));
#6151 = IFCPOLYLOOP((#6152, #6148, #5726));
#6152 = IFCCARTESIANPOINT((3.27624969482422E-2, -5.25681091308594E-1, 9.47055696087773E-10));
#6153 = IFCFACEOUTERBOUND(#6151, .T.);
#6154 = IFCFACE((#6153));
#6155 = IFCPOLYLOOP((#5659, #6156, #5726));
#6156 = IFCCARTESIANPOINT((2.17933406829834E-2, -5.27281494140625E-1, 1.29524664953351E-5));
#6157 = IFCFACEOUTERBOUND(#6155, .T.);
#6158 = IFCFACE((#6157));
#6159 = IFCPOLYLOOP((#6160, #6156, #5658));
#6160 = IFCCARTESIANPOINT((1.23368625640869E-2, -5.28133972167969E-1, 3.78870917484164E-6));
#6161 = IFCFACEOUTERBOUND(#6159, .T.);
#6162 = IFCFACE((#6161));
#6163 = IFCPOLYLOOP((#5346, #6164, #5658));
#6164 = IFCCARTESIANPOINT((1.02443099021912E-4, -5.2849267578125E-1, -1.57908900291659E-7));
#6165 = IFCFACEOUTERBOUND(#6163, .T.);
#6166 = IFCFACE((#6165));
#6167 = IFCPOLYLOOP((#5979, #6168, #5980));
#6168 = IFCCARTESIANPOINT((1.39658813476563E-1, -1.27840671539307E-2, 3.54220336914063E-1));
#6169 = IFCFACEOUTERBOUND(#6167, .T.);
#6170 = IFCFACE((#6169));
#6171 = IFCPOLYLOOP((#6172, #5980, #6168));
#6172 = IFCCARTESIANPOINT((1.39084396362305E-1, -1.76466237462591E-8, 3.40008605957031E-1));
#6173 = IFCFACEOUTERBOUND(#6171, .T.);
#6174 = IFCFACE((#6173));
#6175 = IFCPOLYLOOP((#6172, #6168, #6176));
#6176 = IFCCARTESIANPOINT((1.38535842895508E-1, -1.53859453201294E-2, 3.35699737548828E-1));
#6177 = IFCFACEOUTERBOUND(#6175, .T.);
#6178 = IFCFACE((#6177));
#6179 = IFCPOLYLOOP((#6180, #6168, #5979));
#6180 = IFCCARTESIANPOINT((1.38972671508789E-1, -4.57819519042969E-2, 3.49519592285156E-1));
#6181 = IFCFACEOUTERBOUND(#6179, .T.);
#6182 = IFCFACE((#6181));
#6183 = IFCPOLYLOOP((#6184, #6168, #6180));
#6184 = IFCCARTESIANPOINT((1.37958938598633E-1, -3.01863555908203E-2, 3.30970642089844E-1));
#6185 = IFCFACEOUTERBOUND(#6183, .T.);
#6186 = IFCFACE((#6185));
#6187 = IFCPOLYLOOP((#6176, #6168, #6184));
#6188 = IFCFACEOUTERBOUND(#6187, .T.);
#6189 = IFCFACE((#6188));
#6190 = IFCPOLYLOOP((#6191, #6192, #6180));
#6191 = IFCCARTESIANPOINT((1.36483306884766E-1, -6.01449127197266E-2, 3.18371551513672E-1));
#6192 = IFCCARTESIANPOINT((1.36887451171875E-1, -5.27575950622559E-2, 3.22017150878906E-1));
#6193 = IFCFACEOUTERBOUND(#6190, .T.);
#6194 = IFCFACE((#6193));
#6195 = IFCPOLYLOOP((#6192, #6196, #6180));
#6196 = IFCCARTESIANPOINT((1.37387115478516E-1, -4.28090133666992E-2, 3.26333251953125E-1));
#6197 = IFCFACEOUTERBOUND(#6195, .T.);
#6198 = IFCFACE((#6197));
#6199 = IFCPOLYLOOP((#6196, #6184, #6180));
#6200 = IFCFACEOUTERBOUND(#6199, .T.);
#6201 = IFCFACE((#6200));
#6202 = IFCPOLYLOOP((#6180, #6010, #6191));
#6203 = IFCFACEOUTERBOUND(#6202, .T.);
#6204 = IFCFACE((#6203));
#6205 = IFCPOLYLOOP((#6010, #6180, #6003));
#6206 = IFCFACEOUTERBOUND(#6205, .T.);
#6207 = IFCFACE((#6206));
#6208 = IFCPOLYLOOP((#6010, #6002, #6011));
#6209 = IFCFACEOUTERBOUND(#6208, .T.);
#6210 = IFCFACE((#6209));
#6211 = IFCPOLYLOOP((#5857, #6011, #6002));
#6212 = IFCFACEOUTERBOUND(#6211, .T.);
#6213 = IFCFACE((#6212));
#6214 = IFCPOLYLOOP((#6011, #5857, #5866));
#6215 = IFCFACEOUTERBOUND(#6214, .T.);
#6216 = IFCFACE((#6215));
#6217 = IFCPOLYLOOP((#6218, #6219, #6010));
#6218 = IFCCARTESIANPOINT((1.35407440185547E-1, -7.61266784667969E-2, 3.08632720947266E-1));
#6219 = IFCCARTESIANPOINT((1.35980224609375E-1, -6.81807022094727E-2, 3.13819396972656E-1));
#6220 = IFCFACEOUTERBOUND(#6217, .T.);
#6221 = IFCFACE((#6220));
#6222 = IFCPOLYLOOP((#6223, #6218, #6010));
#6223 = IFCCARTESIANPOINT((1.34725784301758E-1, -8.46064147949219E-2, 3.02329467773438E-1));
#6224 = IFCFACEOUTERBOUND(#6222, .T.);
#6225 = IFCFACE((#6224));
#6226 = IFCPOLYLOOP((#6227, #6223, #6012));
#6227 = IFCCARTESIANPOINT((1.33907485961914E-1, -9.31236801147461E-2, 2.94747863769531E-1));
#6228 = IFCFACEOUTERBOUND(#6226, .T.);
#6229 = IFCFACE((#6228));
#6230 = IFCPOLYLOOP((#6231, #6227, #6012));
#6231 = IFCCARTESIANPOINT((1.33251846313477E-1, -9.88354797363281E-2, 2.88846099853516E-1));
#6232 = IFCFACEOUTERBOUND(#6230, .T.);
#6233 = IFCFACE((#6232));
#6234 = IFCPOLYLOOP((#6231, #6012, #6235));
#6235 = IFCCARTESIANPOINT((1.32583389282227E-1, -1.04078201293945E-1, 2.82717346191406E-1));
#6236 = IFCFACEOUTERBOUND(#6234, .T.);
#6237 = IFCFACE((#6236));
#6238 = IFCPOLYLOOP((#5866, #6016, #6011));
#6239 = IFCFACEOUTERBOUND(#6238, .T.);
#6240 = IFCFACE((#6239));
#6241 = IFCPOLYLOOP((#6016, #5866, #5827));
#6242 = IFCFACEOUTERBOUND(#6241, .T.);
#6243 = IFCFACE((#6242));
#6244 = IFCPOLYLOOP((#5827, #5866, #5865));
#6245 = IFCFACEOUTERBOUND(#6244, .T.);
#6246 = IFCFACE((#6245));
#6247 = IFCPOLYLOOP((#6248, #6249, #6012));
#6248 = IFCCARTESIANPOINT((1.31254745483398E-1, -1.12544746398926E-1, 2.70611389160156E-1));
#6249 = IFCCARTESIANPOINT((1.31912872314453E-1, -1.08617965698242E-1, 2.76576538085938E-1));
#6250 = IFCFACEOUTERBOUND(#6247, .T.);
#6251 = IFCFACE((#6250));
#6252 = IFCPOLYLOOP((#6235, #6012, #6249));
#6253 = IFCFACEOUTERBOUND(#6252, .T.);
#6254 = IFCFACE((#6253));
#6255 = IFCPOLYLOOP((#6256, #6248, #5827));
#6256 = IFCCARTESIANPOINT((1.30560211181641E-1, -1.16151466369629E-1, 2.64185546875E-1));
#6257 = IFCFACEOUTERBOUND(#6255, .T.);
#6258 = IFCFACE((#6257));
#6259 = IFCPOLYLOOP((#5827, #6260, #6261));
#6260 = IFCCARTESIANPOINT((1.28913665771484E-1, -1.2280989074707E-1, 2.49054702758789E-1));
#6261 = IFCCARTESIANPOINT((1.29912139892578E-1, -1.19071189880371E-1, 2.58240753173828E-1));
#6262 = IFCFACEOUTERBOUND(#6259, .T.);
#6263 = IFCFACE((#6262));
#6264 = IFCPOLYLOOP((#6261, #6256, #5827));
#6265 = IFCFACEOUTERBOUND(#6264, .T.);
#6266 = IFCFACE((#6265));
#6267 = IFCPOLYLOOP((#6260, #5827, #6268));
#6268 = IFCCARTESIANPOINT((1.27811470031738E-1, -1.25889221191406E-1, 2.38837677001953E-1));
#6269 = IFCFACEOUTERBOUND(#6267, .T.);
#6270 = IFCFACE((#6269));
#6271 = IFCPOLYLOOP((#6272, #6268, #5827));
#6272 = IFCCARTESIANPOINT((1.26753929138184E-1, -1.2805419921875E-1, 2.28936370849609E-1));
#6273 = IFCFACEOUTERBOUND(#6271, .T.);
#6274 = IFCFACE((#6273));
#6275 = IFCPOLYLOOP((#5827, #6276, #6272));
#6276 = IFCCARTESIANPOINT((1.25570640563965E-1, -1.29493789672852E-1, 2.17656967163086E-1));
#6277 = IFCFACEOUTERBOUND(#6275, .T.);
#6278 = IFCFACE((#6277));
#6279 = IFCPOLYLOOP((#6012, #6016, #6248));
#6280 = IFCFACEOUTERBOUND(#6279, .T.);
#6281 = IFCFACE((#6280));
#6282 = IFCPOLYLOOP((#5827, #6283, #6276));
#6283 = IFCCARTESIANPOINT((1.24556579589844E-1, -1.29996475219727E-1, 2.08135665893555E-1));
#6284 = IFCFACEOUTERBOUND(#6282, .T.);
#6285 = IFCFACE((#6284));
#6286 = IFCPOLYLOOP((#5827, #5826, #6283));
#6287 = IFCFACEOUTERBOUND(#6286, .T.);
#6288 = IFCFACE((#6287));
#6289 = IFCPOLYLOOP((#5774, #6020, #5826));
#6290 = IFCFACEOUTERBOUND(#6289, .T.);
#6291 = IFCFACE((#6290));
#6292 = IFCPOLYLOOP((#6293, #6294, #6026));
#6293 = IFCCARTESIANPOINT((1.10354873657227E-1, -1.64550247192383E-1, 3.21322500705719E-4));
#6294 = IFCCARTESIANPOINT((1.10141319274902E-1, -1.30000015258789E-1, 2.08578008198401E-11));
#6295 = IFCFACEOUTERBOUND(#6292, .T.);
#6296 = IFCFACE((#6295));
#6297 = IFCPOLYLOOP((#5368, #6298, #5774));
#6298 = IFCCARTESIANPOINT((1.15115226745605E-1, -2.2316682434082E-1, 1.15541343688965E-1));
#6299 = IFCFACEOUTERBOUND(#6297, .T.);
#6300 = IFCFACE((#6299));
#6301 = IFCPOLYLOOP((#5682, #6043, #6298));
#6302 = IFCFACEOUTERBOUND(#6301, .T.);
#6303 = IFCFACE((#6302));
#6304 = IFCPOLYLOOP((#5682, #5681, #6043));
#6305 = IFCFACEOUTERBOUND(#6304, .T.);
#6306 = IFCFACE((#6305));
#6307 = IFCPOLYLOOP((#5492, #5521, #6308));
#6308 = IFCCARTESIANPOINT((9.75574264526367E-2, -4.92149444580078E-1, 7.80249633789063E-2));
#6309 = IFCFACEOUTERBOUND(#6307, .T.);
#6310 = IFCFACE((#6309));
#6311 = IFCPOLYLOOP((#5400, #6063, #6312));
#6312 = IFCCARTESIANPOINT((1.13831962585449E-1, -3.87871002197266E-1, 8.24178237915039E-2));
#6313 = IFCFACEOUTERBOUND(#6311, .T.);
#6314 = IFCFACE((#6313));
#6315 = IFCPOLYLOOP((#6308, #5493, #5492));
#6316 = IFCFACEOUTERBOUND(#6315, .T.);
#6317 = IFCFACE((#6316));
#6318 = IFCPOLYLOOP((#5415, #6068, #6063));
#6319 = IFCFACEOUTERBOUND(#6318, .T.);
#6320 = IFCFACE((#6319));
#6321 = IFCPOLYLOOP((#6099, #5466, #5493));
#6322 = IFCFACEOUTERBOUND(#6321, .T.);
#6323 = IFCFACE((#6322));
#6324 = IFCPOLYLOOP((#6308, #6099, #5493));
#6325 = IFCFACEOUTERBOUND(#6324, .T.);
#6326 = IFCFACE((#6325));
#6327 = IFCPOLYLOOP((#6312, #6052, #5681));
#6328 = IFCFACEOUTERBOUND(#6327, .T.);
#6329 = IFCFACE((#6328));
#6330 = IFCPOLYLOOP((#6075, #6331, #6332));
#6331 = IFCCARTESIANPOINT((1.08877807617188E-1, -4.571923828125E-1, -1.07563653727993E-7));
#6332 = IFCCARTESIANPOINT((1.10003112792969E-1, -4.47248596191406E-1, 0.));
#6333 = IFCFACEOUTERBOUND(#6330, .T.);
#6334 = IFCFACE((#6333));
#6335 = IFCPOLYLOOP((#6057, #6336, #6058));
#6336 = IFCCARTESIANPOINT((1.10820442199707E-1, -4.31329254150391E-1, -9.67710861004889E-7));
#6337 = IFCFACEOUTERBOUND(#6335, .T.);
#6338 = IFCFACE((#6337));
#6339 = IFCPOLYLOOP((#6052, #6058, #6053));
#6340 = IFCFACEOUTERBOUND(#6339, .T.);
#6341 = IFCFACE((#6340));
#6342 = IFCPOLYLOOP((#6067, #6332, #6336));
#6343 = IFCFACEOUTERBOUND(#6342, .T.);
#6344 = IFCFACE((#6343));
#6345 = IFCPOLYLOOP((#6331, #6075, #6083));
#6346 = IFCFACEOUTERBOUND(#6345, .T.);
#6347 = IFCFACE((#6346));
#6348 = IFCPOLYLOOP((#6349, #6083, #6094));
#6349 = IFCCARTESIANPOINT((1.0685669708252E-1, -4.66832427978516E-1, -4.62252137367614E-9));
#6350 = IFCFACEOUTERBOUND(#6348, .T.);
#6351 = IFCFACE((#6350));
#6352 = IFCPOLYLOOP((#6103, #6353, #6354));
#6353 = IFCCARTESIANPOINT((9.94103775024414E-2, -4.85450286865234E-1, -7.23604985978454E-7));
#6354 = IFCCARTESIANPOINT((1.03963806152344E-1, -4.75794189453125E-1, -2.27229233132675E-7));
#6355 = IFCFACEOUTERBOUND(#6352, .T.);
#6356 = IFCFACE((#6355));
#6357 = IFCPOLYLOOP((#6353, #6103, #6107));
#6358 = IFCFACEOUTERBOUND(#6357, .T.);
#6359 = IFCFACE((#6358));
#6360 = IFCPOLYLOOP((#6361, #6107, #6111));
#6361 = IFCCARTESIANPOINT((9.42181854248047E-2, -4.93019775390625E-1, -1.53484370093793E-6));
#6362 = IFCFACEOUTERBOUND(#6360, .T.);
#6363 = IFCFACE((#6362));
#6364 = IFCPOLYLOOP((#6120, #6365, #6366));
#6365 = IFCCARTESIANPOINT((7.88829498291016E-2, -5.07295837402344E-1, -5.12323342263699E-7));
#6366 = IFCCARTESIANPOINT((8.77594680786133E-2, -5.00067565917969E-1, -3.83882934329449E-9));
#6367 = IFCFACEOUTERBOUND(#6364, .T.);
#6368 = IFCFACE((#6367));
#6369 = IFCPOLYLOOP((#6140, #6136, #6132));
#6370 = IFCFACEOUTERBOUND(#6369, .T.);
#6371 = IFCFACE((#6370));
#6372 = IFCPOLYLOOP((#6136, #6140, #6144));
#6373 = IFCFACEOUTERBOUND(#6372, .T.);
#6374 = IFCFACE((#6373));
#6375 = IFCPOLYLOOP((#6184, #6376, #6377));
#6376 = IFCCARTESIANPOINT((-1.37751831054688E-1, -3.46451721191406E-2, 3.29410369873047E-1));
#6377 = IFCCARTESIANPOINT((-1.38152954101563E-1, -2.49332008361816E-2, 3.32706024169922E-1));
#6378 = IFCFACEOUTERBOUND(#6375, .T.);
#6379 = IFCFACE((#6378));
#6380 = IFCPOLYLOOP((#6176, #6377, #6381));
#6381 = IFCCARTESIANPOINT((-1.38721725463867E-1, -1.12390375137329E-2, 3.36905822753906E-1));
#6382 = IFCFACEOUTERBOUND(#6380, .T.);
#6383 = IFCFACE((#6382));
#6384 = IFCPOLYLOOP((#6385, #6376, #6196));
#6385 = IFCCARTESIANPOINT((-1.37258636474609E-1, -4.5534236907959E-2, 3.2521240234375E-1));
#6386 = IFCFACEOUTERBOUND(#6384, .T.);
#6387 = IFCFACE((#6386));
#6388 = IFCPOLYLOOP((#6385, #6192, #6389));
#6389 = IFCCARTESIANPOINT((-1.3686181640625E-1, -5.32329559326172E-2, 3.21781677246094E-1));
#6390 = IFCFACEOUTERBOUND(#6388, .T.);
#6391 = IFCFACE((#6390));
#6392 = IFCPOLYLOOP((#6192, #6393, #6389));
#6393 = IFCCARTESIANPOINT((-1.36516952514648E-1, -5.95814399719238E-2, 3.186630859375E-1));
#6394 = IFCFACEOUTERBOUND(#6392, .T.);
#6395 = IFCFACE((#6394));
#6396 = IFCPOLYLOOP((#6397, #6172, #6381));
#6397 = IFCCARTESIANPOINT((-1.39078140258789E-1, -9.55619361775462E-9, 3.40007354736328E-1));
#6398 = IFCFACEOUTERBOUND(#6396, .T.);
#6399 = IFCFACE((#6398));
#6400 = IFCPOLYLOOP((#6191, #6401, #6393));
#6401 = IFCCARTESIANPOINT((-1.36013748168945E-1, -6.7656982421875E-2, 3.14143859863281E-1));
#6402 = IFCFACEOUTERBOUND(#6400, .T.);
#6403 = IFCFACE((#6402));
#6404 = IFCPOLYLOOP((#6405, #6401, #6219));
#6405 = IFCCARTESIANPOINT((-1.35398818969727E-1, -7.62592010498047E-2, 3.08560028076172E-1));
#6406 = IFCFACEOUTERBOUND(#6404, .T.);
#6407 = IFCFACE((#6406));
#6408 = IFCPOLYLOOP((#6409, #6405, #6223));
#6409 = IFCCARTESIANPOINT((-1.34713333129883E-1, -8.47018203735352E-2, 3.02202209472656E-1));
#6410 = IFCFACEOUTERBOUND(#6408, .T.);
#6411 = IFCFACE((#6410));
#6412 = IFCPOLYLOOP((#6409, #6223, #6413));
#6413 = IFCCARTESIANPOINT((-1.33959686279297E-1, -9.25925140380859E-2, 2.95246826171875E-1));
#6414 = IFCFACEOUTERBOUND(#6412, .T.);
#6415 = IFCFACE((#6414));
#6416 = IFCPOLYLOOP((#6417, #6418, #6231));
#6417 = IFCCARTESIANPOINT((-1.3285871887207E-1, -1.01989791870117E-1, 2.85240478515625E-1));
#6418 = IFCCARTESIANPOINT((-1.33373992919922E-1, -9.77914657592773E-2, 2.89968963623047E-1));
#6419 = IFCFACEOUTERBOUND(#6416, .T.);
#6420 = IFCFACE((#6419));
#6421 = IFCPOLYLOOP((#6417, #6235, #6422));
#6422 = IFCCARTESIANPOINT((-1.32084335327148E-1, -1.07545448303223E-1, 2.78145660400391E-1));
#6423 = IFCFACEOUTERBOUND(#6421, .T.);
#6424 = IFCFACE((#6423));
#6425 = IFCPOLYLOOP((#6227, #6418, #6413));
#6426 = IFCFACEOUTERBOUND(#6425, .T.);
#6427 = IFCFACE((#6426));
#6428 = IFCPOLYLOOP((#6429, #6248, #6430));
#6429 = IFCCARTESIANPOINT((-1.31355972290039E-1, -1.11986450195313E-1, 2.71478668212891E-1));
#6430 = IFCCARTESIANPOINT((-1.30619049072266E-1, -1.15947792053223E-1, 2.64653900146484E-1));
#6431 = IFCFACEOUTERBOUND(#6428, .T.);
#6432 = IFCFACE((#6431));
#6433 = IFCPOLYLOOP((#6434, #6435, #6430));
#6434 = IFCCARTESIANPOINT((-4.21241188049316E-3, -1.15737236022949E-1, 2.64950927734375E-1));
#6435 = IFCCARTESIANPOINT((-1.33248119354248E-2, -1.16322380065918E-1, 2.63840606689453E-1));
#6436 = IFCFACEOUTERBOUND(#6433, .T.);
#6437 = IFCFACE((#6436));
#6438 = IFCPOLYLOOP((#6422, #6248, #6429));
#6439 = IFCFACEOUTERBOUND(#6438, .T.);
#6440 = IFCFACE((#6439));
#6441 = IFCPOLYLOOP((#6442, #6443, #6444));
#6442 = IFCCARTESIANPOINT((-4.17707252502441E-2, -1.21528846740723E-1, 2.52354385375977E-1));
#6443 = IFCCARTESIANPOINT((-1.28799575805664E-1, -1.23160293579102E-1, 2.4799983215332E-1));
#6444 = IFCCARTESIANPOINT((-1.29704086303711E-1, -1.1991268157959E-1, 2.56329162597656E-1));
#6445 = IFCFACEOUTERBOUND(#6441, .T.);
#6446 = IFCFACE((#6445));
#6447 = IFCPOLYLOOP((#6448, #6449, #6443));
#6448 = IFCCARTESIANPOINT((-5.26721458435059E-2, -1.24594451904297E-1, 2.4340217590332E-1));
#6449 = IFCCARTESIANPOINT((-1.27821647644043E-1, -1.25865493774414E-1, 2.389326171875E-1));
#6450 = IFCFACEOUTERBOUND(#6447, .T.);
#6451 = IFCFACE((#6450));
#6452 = IFCPOLYLOOP((#6453, #6449, #6454));
#6453 = IFCCARTESIANPOINT((-1.26762359619141E-1, -1.28038635253906E-1, 2.29015533447266E-1));
#6454 = IFCCARTESIANPOINT((-5.76537322998047E-2, -1.26091758728027E-1, 2.38080093383789E-1));
#6455 = IFCFACEOUTERBOUND(#6452, .T.);
#6456 = IFCFACE((#6455));
#6457 = IFCPOLYLOOP((#6444, #6430, #6458));
#6458 = IFCCARTESIANPOINT((-2.98150730133057E-2, -1.18776901245117E-1, 2.58835418701172E-1));
#6459 = IFCFACEOUTERBOUND(#6457, .T.);
#6460 = IFCFACE((#6459));
#6461 = IFCPOLYLOOP((#6453, #6462, #6463));
#6462 = IFCCARTESIANPOINT((-6.6521240234375E-2, -1.28669006347656E-1, 2.24728286743164E-1));
#6463 = IFCCARTESIANPOINT((-1.25571304321289E-1, -1.29493148803711E-1, 2.17663299560547E-1));
#6464 = IFCFACEOUTERBOUND(#6461, .T.);
#6465 = IFCFACE((#6464));
#6466 = IFCPOLYLOOP((#6467, #6463, #6468));
#6467 = IFCCARTESIANPOINT((-1.24560432434082E-1, -1.29995208740234E-1, 2.08179565429688E-1));
#6468 = IFCCARTESIANPOINT((-7.15811996459961E-2, -1.29817428588867E-1, 2.12385971069336E-1));
#6469 = IFCFACEOUTERBOUND(#6466, .T.);
#6470 = IFCFACE((#6469));
#6471 = IFCPOLYLOOP((#6468, #6472, #6467));
#6472 = IFCCARTESIANPOINT((-7.32490463256836E-2, -1.30004806518555E-1, 2.06307144165039E-1));
#6473 = IFCFACEOUTERBOUND(#6471, .T.);
#6474 = IFCFACE((#6473));
#6475 = IFCPOLYLOOP((#6476, #6468, #6463));
#6476 = IFCCARTESIANPOINT((-6.96374130249023E-2, -1.29446807861328E-1, 2.17895843505859E-1));
#6477 = IFCFACEOUTERBOUND(#6475, .T.);
#6478 = IFCFACE((#6477));
#6479 = IFCPOLYLOOP((#6444, #6458, #6480));
#6480 = IFCCARTESIANPOINT((-3.5011417388916E-2, -1.19880889892578E-1, 2.56358245849609E-1));
#6481 = IFCFACEOUTERBOUND(#6479, .T.);
#6482 = IFCFACE((#6481));
#6483 = IFCPOLYLOOP((#6444, #6480, #6442));
#6484 = IFCFACEOUTERBOUND(#6483, .T.);
#6485 = IFCFACE((#6484));
#6486 = IFCPOLYLOOP((#6435, #6487, #6430));
#6487 = IFCCARTESIANPOINT((-2.21304950714111E-2, -1.17405197143555E-1, 2.61711639404297E-1));
#6488 = IFCFACEOUTERBOUND(#6486, .T.);
#6489 = IFCFACE((#6488));
#6490 = IFCPOLYLOOP((#6487, #6458, #6430));
#6491 = IFCFACEOUTERBOUND(#6490, .T.);
#6492 = IFCFACE((#6491));
#6493 = IFCPOLYLOOP((#6454, #6494, #6453));
#6494 = IFCCARTESIANPOINT((-6.25049171447754E-2, -1.27531288146973E-1, 2.31506149291992E-1));
#6495 = IFCFACEOUTERBOUND(#6493, .T.);
#6496 = IFCFACE((#6495));
#6497 = IFCPOLYLOOP((#6463, #6462, #6476));
#6498 = IFCFACEOUTERBOUND(#6497, .T.);
#6499 = IFCFACE((#6498));
#6500 = IFCPOLYLOOP((#6453, #6494, #6462));
#6501 = IFCFACEOUTERBOUND(#6500, .T.);
#6502 = IFCFACE((#6501));
#6503 = IFCPOLYLOOP((#6449, #6448, #6454));
#6504 = IFCFACEOUTERBOUND(#6503, .T.);
#6505 = IFCFACE((#6504));
#6506 = IFCPOLYLOOP((#6443, #6507, #6448));
#6507 = IFCCARTESIANPOINT((-4.81340141296387E-2, -1.23274230957031E-1, 2.47556610107422E-1));
#6508 = IFCFACEOUTERBOUND(#6506, .T.);
#6509 = IFCFACE((#6508));
#6510 = IFCPOLYLOOP((#6443, #6442, #6507));
#6511 = IFCFACEOUTERBOUND(#6510, .T.);
#6512 = IFCFACE((#6511));
#6513 = IFCPOLYLOOP((#6405, #6218, #6223));
#6514 = IFCFACEOUTERBOUND(#6513, .T.);
#6515 = IFCFACE((#6514));
#6516 = IFCPOLYLOOP((#6413, #6223, #6227));
#6517 = IFCFACEOUTERBOUND(#6516, .T.);
#6518 = IFCFACE((#6517));
#6519 = IFCPOLYLOOP((#6219, #6218, #6405));
#6520 = IFCFACEOUTERBOUND(#6519, .T.);
#6521 = IFCFACE((#6520));
#6522 = IFCPOLYLOOP((#6191, #6219, #6401));
#6523 = IFCFACEOUTERBOUND(#6522, .T.);
#6524 = IFCFACE((#6523));
#6525 = IFCPOLYLOOP((#6434, #6430, #6248));
#6526 = IFCFACEOUTERBOUND(#6525, .T.);
#6527 = IFCFACE((#6526));
#6528 = IFCPOLYLOOP((#6434, #6248, #6256));
#6529 = IFCFACEOUTERBOUND(#6528, .T.);
#6530 = IFCFACE((#6529));
#6531 = IFCPOLYLOOP((#6256, #6532, #6434));
#6532 = IFCCARTESIANPOINT((5.1346263885498E-3, -1.15777526855469E-1, 2.64873321533203E-1));
#6533 = IFCFACEOUTERBOUND(#6531, .T.);
#6534 = IFCFACE((#6533));
#6535 = IFCPOLYLOOP((#6532, #6256, #6536));
#6536 = IFCCARTESIANPOINT((1.32011632919312E-2, -1.16315093994141E-1, 2.63853851318359E-1));
#6537 = IFCFACEOUTERBOUND(#6535, .T.);
#6538 = IFCFACE((#6537));
#6539 = IFCPOLYLOOP((#6235, #6417, #6231));
#6540 = IFCFACEOUTERBOUND(#6539, .T.);
#6541 = IFCFACE((#6540));
#6542 = IFCPOLYLOOP((#6422, #6249, #6248));
#6543 = IFCFACEOUTERBOUND(#6542, .T.);
#6544 = IFCFACE((#6543));
#6545 = IFCPOLYLOOP((#6249, #6422, #6235));
#6546 = IFCFACEOUTERBOUND(#6545, .T.);
#6547 = IFCFACE((#6546));
#6548 = IFCPOLYLOOP((#6231, #6418, #6227));
#6549 = IFCFACEOUTERBOUND(#6548, .T.);
#6550 = IFCFACE((#6549));
#6551 = IFCPOLYLOOP((#6184, #6377, #6176));
#6552 = IFCFACEOUTERBOUND(#6551, .T.);
#6553 = IFCFACE((#6552));
#6554 = IFCPOLYLOOP((#6192, #6385, #6196));
#6555 = IFCFACEOUTERBOUND(#6554, .T.);
#6556 = IFCFACE((#6555));
#6557 = IFCPOLYLOOP((#6393, #6192, #6191));
#6558 = IFCFACEOUTERBOUND(#6557, .T.);
#6559 = IFCFACE((#6558));
#6560 = IFCPOLYLOOP((#6196, #6376, #6184));
#6561 = IFCFACEOUTERBOUND(#6560, .T.);
#6562 = IFCFACE((#6561));
#6563 = IFCPOLYLOOP((#6176, #6381, #6172));
#6564 = IFCFACEOUTERBOUND(#6563, .T.);
#6565 = IFCFACE((#6564));
#6566 = IFCPOLYLOOP((#6256, #6567, #6536));
#6567 = IFCCARTESIANPOINT((1.8818187713623E-2, -1.16955947875977E-1, 2.62600952148438E-1));
#6568 = IFCFACEOUTERBOUND(#6566, .T.);
#6569 = IFCFACE((#6568));
#6570 = IFCPOLYLOOP((#6571, #6567, #6256));
#6571 = IFCCARTESIANPOINT((2.51827259063721E-2, -1.17905448913574E-1, 2.60684875488281E-1));
#6572 = IFCFACEOUTERBOUND(#6570, .T.);
#6573 = IFCFACE((#6572));
#6574 = IFCPOLYLOOP((#6261, #6575, #6576));
#6575 = IFCCARTESIANPOINT((3.70383834838867E-2, -1.20356071472168E-1, 2.55243545532227E-1));
#6576 = IFCCARTESIANPOINT((3.15714931488037E-2, -1.19129013061523E-1, 2.58053070068359E-1));
#6577 = IFCFACEOUTERBOUND(#6574, .T.);
#6578 = IFCFACE((#6577));
#6579 = IFCPOLYLOOP((#6580, #6575, #6260));
#6580 = IFCCARTESIANPOINT((4.21237983703613E-2, -1.21631927490234E-1, 2.52076889038086E-1));
#6581 = IFCFACEOUTERBOUND(#6579, .T.);
#6582 = IFCFACE((#6581));
#6583 = IFCPOLYLOOP((#6576, #6571, #6261));
#6584 = IFCFACEOUTERBOUND(#6583, .T.);
#6585 = IFCFACE((#6584));
#6586 = IFCPOLYLOOP((#6260, #6587, #6580));
#6587 = IFCCARTESIANPOINT((4.74225540161133E-2, -1.23067420959473E-1, 2.48149444580078E-1));
#6588 = IFCFACEOUTERBOUND(#6586, .T.);
#6589 = IFCFACE((#6588));
#6590 = IFCPOLYLOOP((#6268, #6591, #6592));
#6591 = IFCCARTESIANPOINT((5.78612174987793E-2, -1.26145713806152E-1, 2.37851867675781E-1));
#6592 = IFCCARTESIANPOINT((5.22825698852539E-2, -1.24481185913086E-1, 2.43803131103516E-1));
#6593 = IFCFACEOUTERBOUND(#6590, .T.);
#6594 = IFCFACE((#6593));
#6595 = IFCPOLYLOOP((#6592, #6587, #6260));
#6596 = IFCFACEOUTERBOUND(#6595, .T.);
#6597 = IFCFACE((#6596));
#6598 = IFCPOLYLOOP((#6272, #6599, #6600));
#6599 = IFCCARTESIANPOINT((6.81431732177734E-2, -1.2908561706543E-1, 2.21396438598633E-1));
#6600 = IFCCARTESIANPOINT((6.36880950927734E-2, -1.27888877868652E-1, 2.29732467651367E-1));
#6601 = IFCFACEOUTERBOUND(#6598, .T.);
#6602 = IFCFACE((#6601));
#6603 = IFCPOLYLOOP((#6600, #6591, #6272));
#6604 = IFCFACEOUTERBOUND(#6603, .T.);
#6605 = IFCFACE((#6604));
#6606 = IFCPOLYLOOP((#6272, #6591, #6268));
#6607 = IFCFACEOUTERBOUND(#6606, .T.);
#6608 = IFCFACE((#6607));
#6609 = IFCPOLYLOOP((#6575, #6261, #6260));
#6610 = IFCFACEOUTERBOUND(#6609, .T.);
#6611 = IFCFACE((#6610));
#6612 = IFCPOLYLOOP((#6268, #6592, #6260));
#6613 = IFCFACEOUTERBOUND(#6612, .T.);
#6614 = IFCFACE((#6613));
#6615 = IFCPOLYLOOP((#6283, #6616, #6617));
#6616 = IFCCARTESIANPOINT((7.3272346496582E-2, -1.3000634765625E-1, 2.06200332641602E-1));
#6617 = IFCCARTESIANPOINT((7.1092529296875E-2, -1.29743408203125E-1, 2.14022476196289E-1));
#6618 = IFCFACEOUTERBOUND(#6615, .T.);
#6619 = IFCFACE((#6618));
#6620 = IFCPOLYLOOP((#6276, #6617, #6599));
#6621 = IFCFACEOUTERBOUND(#6620, .T.);
#6622 = IFCFACE((#6621));
#6623 = IFCPOLYLOOP((#6617, #6276, #6283));
#6624 = IFCFACEOUTERBOUND(#6623, .T.);
#6625 = IFCFACE((#6624));
#6626 = IFCPOLYLOOP((#6599, #6272, #6276));
#6627 = IFCFACEOUTERBOUND(#6626, .T.);
#6628 = IFCFACE((#6627));
#6629 = IFCPOLYLOOP((#6256, #6261, #6571));
#6630 = IFCFACEOUTERBOUND(#6629, .T.);
#6631 = IFCFACE((#6630));
#6632 = IFCPOLYLOOP((#4622, #6397, #6633));
#6633 = IFCCARTESIANPOINT((-1.41507339477539E-1, -1.25590129755437E-6, 3.91958343505859E-1));
#6634 = IFCFACEOUTERBOUND(#6632, .T.);
#6635 = IFCFACE((#6634));
#6636 = IFCPOLYLOOP((#6172, #6397, #5980));
#6637 = IFCFACEOUTERBOUND(#6636, .T.);
#6638 = IFCFACE((#6637));
#6639 = IFCPOLYLOOP((#5978, #5980, #6397));
#6640 = IFCFACEOUTERBOUND(#6639, .T.);
#6641 = IFCFACE((#6640));
#6642 = IFCPOLYLOOP((#4622, #6633, #6643));
#6643 = IFCCARTESIANPOINT((-1.39138381958008E-1, -5.2378922700882E-6, 3.96520660400391E-1));
#6644 = IFCFACEOUTERBOUND(#6642, .T.);
#6645 = IFCFACE((#6644));
#6646 = IFCPOLYLOOP((#6647, #4622, #6643));
#6647 = IFCCARTESIANPOINT((-1.35869293212891E-1, 1.28848943859339E-6, 3.99060913085938E-1));
#6648 = IFCFACEOUTERBOUND(#6646, .T.);
#6649 = IFCFACE((#6648));
#6650 = IFCPOLYLOOP((#5994, #5990, #4474));
#6651 = IFCFACEOUTERBOUND(#6650, .T.);
#6652 = IFCFACE((#6651));
#6653 = IFCPOLYLOOP((#5978, #4622, #4474));
#6654 = IFCFACEOUTERBOUND(#6653, .T.);
#6655 = IFCFACE((#6654));
#6656 = IFCPOLYLOOP((#5990, #5978, #4474));
#6657 = IFCFACEOUTERBOUND(#6656, .T.);
#6658 = IFCFACE((#6657));
#6659 = IFCPOLYLOOP((#6633, #6660, #4690));
#6660 = IFCCARTESIANPOINT((-1.41549240112305E-1, -2.60657157897949E-2, 3.90926818847656E-1));
#6661 = IFCFACEOUTERBOUND(#6659, .T.);
#6662 = IFCFACE((#6661));
#6663 = IFCPOLYLOOP((#6643, #6633, #4690));
#6664 = IFCFACEOUTERBOUND(#6663, .T.);
#6665 = IFCFACE((#6664));
#6666 = IFCPOLYLOOP((#6643, #4690, #4705));
#6667 = IFCFACEOUTERBOUND(#6666, .T.);
#6668 = IFCFACE((#6667));
#6669 = IFCPOLYLOOP((#6643, #4705, #6647));
#6670 = IFCFACEOUTERBOUND(#6669, .T.);
#6671 = IFCFACE((#6670));
#6672 = IFCPOLYLOOP((#6647, #4713, #4622));
#6673 = IFCFACEOUTERBOUND(#6672, .T.);
#6674 = IFCFACE((#6673));
#6675 = IFCPOLYLOOP((#4691, #6660, #6676));
#6676 = IFCCARTESIANPOINT((-1.41511093139648E-1, -9.61526718139648E-2, 3.88976501464844E-1));
#6677 = IFCFACEOUTERBOUND(#6675, .T.);
#6678 = IFCFACE((#6677));
#6679 = IFCPOLYLOOP((#6660, #6680, #6676));
#6680 = IFCCARTESIANPOINT((-1.4151823425293E-1, -6.52524185180664E-2, 3.89262908935547E-1));
#6681 = IFCFACEOUTERBOUND(#6679, .T.);
#6682 = IFCFACE((#6681));
#6683 = IFCPOLYLOOP((#6684, #6685, #6686));
#6684 = IFCCARTESIANPOINT((-1.34668106079102E-1, -1.11107696533203E-1, 3.0650634765625E-1));
#6685 = IFCCARTESIANPOINT((-1.37947418212891E-1, -1.28091567993164E-1, 3.45930725097656E-1));
#6686 = IFCCARTESIANPOINT((-1.38378753662109E-1, -8.08374481201172E-2, 3.46107604980469E-1));
#6687 = IFCFACEOUTERBOUND(#6683, .T.);
#6688 = IFCFACE((#6687));
#6689 = IFCPOLYLOOP((#6684, #6430, #6690));
#6690 = IFCCARTESIANPOINT((-1.34056716918945E-1, -1.40657333374023E-1, 3.04573516845703E-1));
#6691 = IFCFACEOUTERBOUND(#6689, .T.);
#6692 = IFCFACE((#6691));
#6693 = IFCPOLYLOOP((#4936, #6467, #6694));
#6694 = IFCCARTESIANPOINT((-1.19376518249512E-1, -1.30000305175781E-1, 1.54521881103516E-1));
#6695 = IFCFACEOUTERBOUND(#6693, .T.);
#6696 = IFCFACE((#6695));
#6697 = IFCPOLYLOOP((#6698, #6699, #6700));
#6698 = IFCCARTESIANPOINT((-1.15744979858398E-1, -1.30000076293945E-1, 1.09676010131836E-1));
#6699 = IFCCARTESIANPOINT((-1.15266342163086E-1, -1.76986541748047E-1, 1.12751434326172E-1));
#6700 = IFCCARTESIANPOINT((-1.17935302734375E-1, -1.63599075317383E-1, 1.45648803710938E-1));
#6701 = IFCFACEOUTERBOUND(#6697, .T.);
#6702 = IFCFACE((#6701));
#6703 = IFCPOLYLOOP((#6699, #6704, #4914));
#6704 = IFCCARTESIANPOINT((-1.1510237121582E-1, -2.20876159667969E-1, 1.15171730041504E-1));
#6705 = IFCFACEOUTERBOUND(#6703, .T.);
#6706 = IFCFACE((#6705));
#6707 = IFCPOLYLOOP((#6708, #6699, #6698));
#6708 = IFCCARTESIANPOINT((-1.13236770629883E-1, -1.30000228881836E-1, 7.11744766235352E-2));
#6709 = IFCFACEOUTERBOUND(#6707, .T.);
#6710 = IFCFACE((#6709));
#6711 = IFCPOLYLOOP((#6712, #6704, #6699));
#6712 = IFCCARTESIANPOINT((-1.13193580627441E-1, -1.98406173706055E-1, 7.9438232421875E-2));
#6713 = IFCFACEOUTERBOUND(#6711, .T.);
#6714 = IFCFACE((#6713));
#6715 = IFCPOLYLOOP((#5320, #4919, #6716));
#6716 = IFCCARTESIANPOINT((-1.13284950256348E-1, -2.61744323730469E-1, 8.27026138305664E-2));
#6717 = IFCFACEOUTERBOUND(#6715, .T.);
#6718 = IFCFACE((#6717));
#6719 = IFCPOLYLOOP((#6720, #5252, #5325));
#6720 = IFCCARTESIANPOINT((-1.09685218811035E-1, -4.63791351318359E-1, 7.52194519042969E-2));
#6721 = IFCFACEOUTERBOUND(#6719, .T.);
#6722 = IFCFACE((#6721));
#6723 = IFCPOLYLOOP((#5329, #5252, #6724));
#6724 = IFCCARTESIANPOINT((-1.07291084289551E-1, -4.71006591796875E-1, 6.5505485534668E-2));
#6725 = IFCFACEOUTERBOUND(#6723, .T.);
#6726 = IFCFACE((#6725));
#6727 = IFCPOLYLOOP((#6724, #5252, #6720));
#6728 = IFCFACEOUTERBOUND(#6727, .T.);
#6729 = IFCFACE((#6728));
#6730 = IFCPOLYLOOP((#6731, #5216, #5350));
#6731 = IFCCARTESIANPOINT((-9.63722686767578E-2, -4.92263641357422E-1, 5.2903507232666E-2));
#6732 = IFCFACEOUTERBOUND(#6730, .T.);
#6733 = IFCFACE((#6732));
#6734 = IFCPOLYLOOP((#5220, #5216, #6735));
#6735 = IFCCARTESIANPOINT((-9.27294998168945E-2, -4.96740539550781E-1, 5.37703895568848E-2));
#6736 = IFCFACEOUTERBOUND(#6734, .T.);
#6737 = IFCFACE((#6736));
#6738 = IFCPOLYLOOP((#6739, #5224, #6735));
#6739 = IFCCARTESIANPOINT((-8.83177032470703E-2, -5.01212341308594E-1, 5.20417556762695E-2));
#6740 = IFCFACEOUTERBOUND(#6738, .T.);
#6741 = IFCFACE((#6740));
#6742 = IFCPOLYLOOP((#6743, #5228, #6739));
#6743 = IFCCARTESIANPOINT((-8.4164680480957E-2, -5.05524200439453E-1, 7.11036758422852E-2));
#6744 = IFCFACEOUTERBOUND(#6742, .T.);
#6745 = IFCFACE((#6744));
#6746 = IFCPOLYLOOP((#6747, #5333, #6748));
#6747 = IFCCARTESIANPOINT((-6.13606948852539E-2, -5.17901733398438E-1, 4.73815650939941E-2));
#6748 = IFCCARTESIANPOINT((-6.8336296081543E-2, -5.14963684082031E-1, 6.06221389770508E-2));
#6749 = IFCFACEOUTERBOUND(#6746, .T.);
#6750 = IFCFACE((#6749));
#6751 = IFCPOLYLOOP((#5263, #5259, #6748));
#6752 = IFCFACEOUTERBOUND(#6751, .T.);
#6753 = IFCFACE((#6752));
#6754 = IFCPOLYLOOP((#5334, #5333, #6755));
#6755 = IFCCARTESIANPOINT((-5.3567569732666E-2, -5.20805969238281E-1, 4.76349220275879E-2));
#6756 = IFCFACEOUTERBOUND(#6754, .T.);
#6757 = IFCFACE((#6756));
#6758 = IFCPOLYLOOP((#6712, #6699, #6708));
#6759 = IFCFACEOUTERBOUND(#6758, .T.);
#6760 = IFCFACE((#6759));
#6761 = IFCPOLYLOOP((#6716, #6704, #6712));
#6762 = IFCFACEOUTERBOUND(#6761, .T.);
#6763 = IFCFACE((#6762));
#6764 = IFCPOLYLOOP((#6765, #6766, #6767));
#6765 = IFCCARTESIANPOINT((-1.12103034973145E-1, -3.51868347167969E-1, 4.27643089294434E-2));
#6766 = IFCCARTESIANPOINT((-1.10965591430664E-1, -3.79476898193359E-1, 2.9610627098009E-7));
#6767 = IFCCARTESIANPOINT((-1.12222183227539E-1, -4.15890289306641E-1, 4.26858711242676E-2));
#6768 = IFCFACEOUTERBOUND(#6764, .T.);
#6769 = IFCFACE((#6768));
#6770 = IFCPOLYLOOP((#6771, #6772, #6767));
#6771 = IFCCARTESIANPOINT((-1.1199536895752E-1, -4.32657989501953E-1, 4.29557228088379E-2));
#6772 = IFCCARTESIANPOINT((-1.13895637512207E-1, -4.25733551025391E-1, 8.46187896728516E-2));
#6773 = IFCFACEOUTERBOUND(#6770, .T.);
#6774 = IFCFACE((#6773));
#6775 = IFCPOLYLOOP((#6772, #6771, #6776));
#6776 = IFCCARTESIANPOINT((-1.1221248626709E-1, -4.43859375E-1, 6.55739059448242E-2));
#6777 = IFCFACEOUTERBOUND(#6775, .T.);
#6778 = IFCFACE((#6777));
#6779 = IFCPOLYLOOP((#6780, #6720, #6781));
#6780 = IFCCARTESIANPOINT((-1.09140472412109E-1, -4.60043182373047E-1, 3.34517784118652E-2));
#6781 = IFCCARTESIANPOINT((-1.10666481018066E-1, -4.51375579833984E-1, 4.11909370422363E-2));
#6782 = IFCFACEOUTERBOUND(#6779, .T.);
#6783 = IFCFACE((#6782));
#6784 = IFCPOLYLOOP((#6781, #5325, #6776));
#6785 = IFCFACEOUTERBOUND(#6784, .T.);
#6786 = IFCFACE((#6785));
#6787 = IFCPOLYLOOP((#6788, #6724, #6780));
#6788 = IFCCARTESIANPOINT((-1.0725456237793E-1, -4.6773779296875E-1, 3.11356754302979E-2));
#6789 = IFCFACEOUTERBOUND(#6787, .T.);
#6790 = IFCFACE((#6789));
#6791 = IFCPOLYLOOP((#6792, #6743, #6739));
#6792 = IFCCARTESIANPOINT((-8.17150192260742E-2, -5.06000152587891E-1, 3.1050745010376E-2));
#6793 = IFCFACEOUTERBOUND(#6791, .T.);
#6794 = IFCFACE((#6793));
#6795 = IFCPOLYLOOP((#6796, #5357, #6797));
#6796 = IFCCARTESIANPOINT((-4.15905876159668E-2, -5.23735900878906E-1, 6.64683873765171E-7));
#6797 = IFCCARTESIANPOINT((-5.09353065490723E-2, -5.21096069335938E-1, 1.41707006841898E-5));
#6798 = IFCFACEOUTERBOUND(#6795, .T.);
#6799 = IFCFACE((#6798));
#6800 = IFCPOLYLOOP((#6797, #6801, #6755));
#6801 = IFCCARTESIANPOINT((-4.79714736938477E-2, -5.23591674804688E-1, 1.09631134033203E-1));
#6802 = IFCFACEOUTERBOUND(#6800, .T.);
#6803 = IFCFACE((#6802));
#6804 = IFCPOLYLOOP((#5272, #6805, #6806));
#6805 = IFCCARTESIANPOINT((-2.1630350112915E-2, -5.28456420898438E-1, 1.11928123474121E-1));
#6806 = IFCCARTESIANPOINT((-1.11311731338501E-2, -5.28208374023438E-1, 5.73359313420951E-7));
#6807 = IFCFACEOUTERBOUND(#6804, .T.);
#6808 = IFCFACE((#6807));
#6809 = IFCPOLYLOOP((#6805, #5342, #6810));
#6810 = IFCCARTESIANPOINT((-2.18349742889404E-2, -5.27278869628906E-1, 2.02128626369813E-9));
#6811 = IFCFACEOUTERBOUND(#6809, .T.);
#6812 = IFCFACE((#6811));
#6813 = IFCPOLYLOOP((#6814, #6724, #6788));
#6814 = IFCCARTESIANPOINT((-1.03938095092773E-1, -4.75657592773438E-1, 1.21125997975469E-5));
#6815 = IFCFACEOUTERBOUND(#6813, .T.);
#6816 = IFCFACE((#6815));
#6817 = IFCPOLYLOOP((#5350, #5329, #6814));
#6818 = IFCFACEOUTERBOUND(#6817, .T.);
#6819 = IFCFACE((#6818));
#6820 = IFCPOLYLOOP((#6821, #6748, #6822));
#6821 = IFCCARTESIANPOINT((-6.93475570678711E-2, -5.13166870117188E-1, 1.50850899517536E-5));
#6822 = IFCCARTESIANPOINT((-7.42881546020508E-2, -5.11515869140625E-1, 5.06132125854492E-2));
#6823 = IFCFACEOUTERBOUND(#6820, .T.);
#6824 = IFCFACE((#6823));
#6825 = IFCPOLYLOOP((#5342, #5357, #6826));
#6826 = IFCCARTESIANPOINT((-3.19308929443359E-2, -5.25858520507813E-1, 3.81312482059002E-5));
#6827 = IFCFACEOUTERBOUND(#6825, .T.);
#6828 = IFCFACE((#6827));
#6829 = IFCPOLYLOOP((#6633, #6397, #6381));
#6830 = IFCFACEOUTERBOUND(#6829, .T.);
#6831 = IFCFACE((#6830));
#6832 = IFCPOLYLOOP((#6833, #6660, #6381));
#6833 = IFCCARTESIANPOINT((-1.38983428955078E-1, -4.65274963378906E-2, 3.49794219970703E-1));
#6834 = IFCFACEOUTERBOUND(#6832, .T.);
#6835 = IFCFACE((#6834));
#6836 = IFCPOLYLOOP((#6833, #6381, #6377));
#6837 = IFCFACEOUTERBOUND(#6836, .T.);
#6838 = IFCFACE((#6837));
#6839 = IFCPOLYLOOP((#6833, #6377, #6376));
#6840 = IFCFACEOUTERBOUND(#6839, .T.);
#6841 = IFCFACE((#6840));
#6842 = IFCPOLYLOOP((#4691, #6676, #6685));
#6843 = IFCFACEOUTERBOUND(#6842, .T.);
#6844 = IFCFACE((#6843));
#6845 = IFCPOLYLOOP((#6680, #6833, #6686));
#6846 = IFCFACEOUTERBOUND(#6845, .T.);
#6847 = IFCFACE((#6846));
#6848 = IFCPOLYLOOP((#6833, #6680, #6660));
#6849 = IFCFACEOUTERBOUND(#6848, .T.);
#6850 = IFCFACE((#6849));
#6851 = IFCPOLYLOOP((#6686, #6685, #6676));
#6852 = IFCFACEOUTERBOUND(#6851, .T.);
#6853 = IFCFACE((#6852));
#6854 = IFCPOLYLOOP((#6833, #6393, #6686));
#6855 = IFCFACEOUTERBOUND(#6854, .T.);
#6856 = IFCFACE((#6855));
#6857 = IFCPOLYLOOP((#6385, #6833, #6376));
#6858 = IFCFACEOUTERBOUND(#6857, .T.);
#6859 = IFCFACE((#6858));
#6860 = IFCPOLYLOOP((#6833, #6385, #6389));
#6861 = IFCFACEOUTERBOUND(#6860, .T.);
#6862 = IFCFACE((#6861));
#6863 = IFCPOLYLOOP((#6833, #6389, #6393));
#6864 = IFCFACEOUTERBOUND(#6863, .T.);
#6865 = IFCFACE((#6864));
#6866 = IFCPOLYLOOP((#6401, #6405, #6686));
#6867 = IFCFACEOUTERBOUND(#6866, .T.);
#6868 = IFCFACE((#6867));
#6869 = IFCPOLYLOOP((#6405, #6409, #6686));
#6870 = IFCFACEOUTERBOUND(#6869, .T.);
#6871 = IFCFACE((#6870));
#6872 = IFCPOLYLOOP((#6686, #6409, #6684));
#6873 = IFCFACEOUTERBOUND(#6872, .T.);
#6874 = IFCFACE((#6873));
#6875 = IFCPOLYLOOP((#6684, #6413, #6418));
#6876 = IFCFACEOUTERBOUND(#6875, .T.);
#6877 = IFCFACE((#6876));
#6878 = IFCPOLYLOOP((#6684, #6418, #6417));
#6879 = IFCFACEOUTERBOUND(#6878, .T.);
#6880 = IFCFACE((#6879));
#6881 = IFCPOLYLOOP((#6429, #6684, #6422));
#6882 = IFCFACEOUTERBOUND(#6881, .T.);
#6883 = IFCFACE((#6882));
#6884 = IFCPOLYLOOP((#6417, #6422, #6684));
#6885 = IFCFACEOUTERBOUND(#6884, .T.);
#6886 = IFCFACE((#6885));
#6887 = IFCPOLYLOOP((#6684, #6429, #6430));
#6888 = IFCFACEOUTERBOUND(#6887, .T.);
#6889 = IFCFACE((#6888));
#6890 = IFCPOLYLOOP((#4838, #6430, #6444));
#6891 = IFCFACEOUTERBOUND(#6890, .T.);
#6892 = IFCFACE((#6891));
#6893 = IFCPOLYLOOP((#4838, #6444, #6443));
#6894 = IFCFACEOUTERBOUND(#6893, .T.);
#6895 = IFCFACE((#6894));
#6896 = IFCPOLYLOOP((#4838, #6443, #6449));
#6897 = IFCFACEOUTERBOUND(#6896, .T.);
#6898 = IFCFACE((#6897));
#6899 = IFCPOLYLOOP((#6453, #4838, #6449));
#6900 = IFCFACEOUTERBOUND(#6899, .T.);
#6901 = IFCFACE((#6900));
#6902 = IFCPOLYLOOP((#6463, #4838, #6453));
#6903 = IFCFACEOUTERBOUND(#6902, .T.);
#6904 = IFCFACE((#6903));
#6905 = IFCPOLYLOOP((#4824, #4691, #6685));
#6906 = IFCFACEOUTERBOUND(#6905, .T.);
#6907 = IFCFACE((#6906));
#6908 = IFCPOLYLOOP((#6685, #6684, #6690));
#6909 = IFCFACEOUTERBOUND(#6908, .T.);
#6910 = IFCFACE((#6909));
#6911 = IFCPOLYLOOP((#6690, #4838, #4824));
#6912 = IFCFACEOUTERBOUND(#6911, .T.);
#6913 = IFCFACE((#6912));
#6914 = IFCPOLYLOOP((#6463, #6467, #4838));
#6915 = IFCFACEOUTERBOUND(#6914, .T.);
#6916 = IFCFACE((#6915));
#6917 = IFCPOLYLOOP((#4776, #4824, #4838));
#6918 = IFCFACEOUTERBOUND(#6917, .T.);
#6919 = IFCFACE((#6918));
#6920 = IFCPOLYLOOP((#4838, #6467, #4936));
#6921 = IFCFACEOUTERBOUND(#6920, .T.);
#6922 = IFCFACE((#6921));
#6923 = IFCPOLYLOOP((#6700, #4914, #4936));
#6924 = IFCFACEOUTERBOUND(#6923, .T.);
#6925 = IFCFACE((#6924));
#6926 = IFCPOLYLOOP((#4919, #4914, #6704));
#6927 = IFCFACEOUTERBOUND(#6926, .T.);
#6928 = IFCFACE((#6927));
#6929 = IFCPOLYLOOP((#5132, #5320, #6716));
#6930 = IFCFACEOUTERBOUND(#6929, .T.);
#6931 = IFCFACE((#6930));
#6932 = IFCPOLYLOOP((#6933, #6772, #5132));
#6933 = IFCCARTESIANPOINT((-1.13850318908691E-1, -3.8769970703125E-1, 8.2791259765625E-2));
#6934 = IFCFACEOUTERBOUND(#6932, .T.);
#6935 = IFCFACE((#6934));
#6936 = IFCPOLYLOOP((#5161, #6772, #5208));
#6937 = IFCFACEOUTERBOUND(#6936, .T.);
#6938 = IFCFACE((#6937));
#6939 = IFCPOLYLOOP((#6776, #5325, #5208));
#6940 = IFCFACEOUTERBOUND(#6939, .T.);
#6941 = IFCFACE((#6940));
#6942 = IFCPOLYLOOP((#6943, #6944, #6945));
#6943 = IFCCARTESIANPOINT((-1.11465621948242E-1, -1.30000366210938E-1, 3.61080322265625E-2));
#6944 = IFCCARTESIANPOINT((-1.10179809570313E-1, -1.30000015258789E-1, 8.89585066943255E-10));
#6945 = IFCCARTESIANPOINT((-1.11637809753418E-1, -1.80817901611328E-1, 4.20742073059082E-2));
#6946 = IFCFACEOUTERBOUND(#6942, .T.);
#6947 = IFCFACE((#6946));
#6948 = IFCPOLYLOOP((#6949, #6945, #6950));
#6949 = IFCCARTESIANPOINT((-1.1175560760498E-1, -2.44323150634766E-1, 4.36344299316406E-2));
#6950 = IFCCARTESIANPOINT((-1.10487380981445E-1, -1.87045227050781E-1, 4.8671350668883E-8));
#6951 = IFCFACEOUTERBOUND(#6948, .T.);
#6952 = IFCFACE((#6951));
#6953 = IFCPOLYLOOP((#6716, #6765, #5132));
#6954 = IFCFACEOUTERBOUND(#6953, .T.);
#6955 = IFCFACE((#6954));
#6956 = IFCPOLYLOOP((#6765, #6716, #6957));
#6957 = IFCCARTESIANPOINT((-1.10898376464844E-1, -3.14993988037109E-1, 2.81264988188923E-9));
#6958 = IFCFACEOUTERBOUND(#6956, .T.);
#6959 = IFCFACE((#6958));
#6960 = IFCPOLYLOOP((#6961, #6962, #6771));
#6961 = IFCCARTESIANPOINT((-1.10821586608887E-1, -4.30998229980469E-1, -1.3265615561977E-6));
#6962 = IFCCARTESIANPOINT((-1.09931732177734E-1, -4.47677276611328E-1, 3.52296605706215E-5));
#6963 = IFCFACEOUTERBOUND(#6960, .T.);
#6964 = IFCFACE((#6963));
#6965 = IFCPOLYLOOP((#6771, #6962, #6776));
#6966 = IFCFACEOUTERBOUND(#6965, .T.);
#6967 = IFCFACE((#6966));
#6968 = IFCPOLYLOOP((#6771, #6767, #6961));
#6969 = IFCFACEOUTERBOUND(#6968, .T.);
#6970 = IFCFACE((#6969));
#6971 = IFCPOLYLOOP((#6766, #6961, #6767));
#6972 = IFCFACEOUTERBOUND(#6971, .T.);
#6973 = IFCFACE((#6972));
#6974 = IFCPOLYLOOP((#6814, #6788, #6975));
#6975 = IFCCARTESIANPOINT((-1.0688818359375E-1, -4.66780212402344E-1, -1.98984387679957E-7));
#6976 = IFCFACEOUTERBOUND(#6974, .T.);
#6977 = IFCFACE((#6976));
#6978 = IFCPOLYLOOP((#6780, #6979, #6788));
#6979 = IFCCARTESIANPOINT((-1.08887252807617E-1, -4.57066589355469E-1, -7.25047073046881E-10));
#6980 = IFCFACEOUTERBOUND(#6978, .T.);
#6981 = IFCFACE((#6980));
#6982 = IFCPOLYLOOP((#6739, #6735, #6983));
#6983 = IFCCARTESIANPOINT((-9.28798141479492E-2, -4.94708526611328E-1, -5.02515149491956E-9));
#6984 = IFCFACEOUTERBOUND(#6982, .T.);
#6985 = IFCFACE((#6984));
#6986 = IFCPOLYLOOP((#6735, #6731, #6983));
#6987 = IFCFACEOUTERBOUND(#6986, .T.);
#6988 = IFCFACE((#6987));
#6989 = IFCPOLYLOOP((#6792, #6739, #6990));
#6990 = IFCCARTESIANPOINT((-8.66742553710938E-2, -5.00989013671875E-1, 4.97827277285978E-8));
#6991 = IFCFACEOUTERBOUND(#6989, .T.);
#6992 = IFCFACE((#6991));
#6993 = IFCPOLYLOOP((#6994, #6821, #6792));
#6994 = IFCCARTESIANPOINT((-7.85079803466797E-2, -5.07546356201172E-1, -2.78728455305099E-6));
#6995 = IFCFACEOUTERBOUND(#6993, .T.);
#6996 = IFCFACE((#6995));
#6997 = IFCPOLYLOOP((#6731, #5350, #6998));
#6998 = IFCCARTESIANPOINT((-9.92101440429688E-2, -4.85812469482422E-1, -5.57308737188578E-6));
#6999 = IFCFACEOUTERBOUND(#6997, .T.);
#7000 = IFCFACE((#6999));
#7001 = IFCPOLYLOOP((#6747, #6821, #7002));
#7002 = IFCCARTESIANPOINT((-6.17477989196777E-2, -5.16945861816406E-1, -7.48846531450909E-11));
#7003 = IFCFACEOUTERBOUND(#7001, .T.);
#7004 = IFCFACE((#7003));
#7005 = IFCPOLYLOOP((#6747, #7002, #6755));
#7006 = IFCFACEOUTERBOUND(#7005, .T.);
#7007 = IFCFACE((#7006));
#7008 = IFCPOLYLOOP((#6164, #5346, #5272));
#7009 = IFCFACEOUTERBOUND(#7008, .T.);
#7010 = IFCFACE((#7009));
#7011 = IFCPOLYLOOP((#6957, #7002, #6983));
#7012 = IFCFACEOUTERBOUND(#7011, .T.);
#7013 = IFCFACE((#7012));
#7014 = IFCPOLYLOOP((#6957, #6810, #7002));
#7015 = IFCFACEOUTERBOUND(#7014, .T.);
#7016 = IFCFACE((#7015));
#7017 = IFCPOLYLOOP((#6152, #6806, #6810));
#7018 = IFCFACEOUTERBOUND(#7017, .T.);
#7019 = IFCFACE((#7018));
#7020 = IFCPOLYLOOP((#6058, #6366, #6152));
#7021 = IFCFACEOUTERBOUND(#7020, .T.);
#7022 = IFCFACE((#7021));
#7023 = IFCPOLYLOOP((#6053, #6058, #6152));
#7024 = IFCFACEOUTERBOUND(#7023, .T.);
#7025 = IFCFACE((#7024));
#7026 = IFCPOLYLOOP((#6950, #6152, #6957));
#7027 = IFCFACEOUTERBOUND(#7026, .T.);
#7028 = IFCFACE((#7027));
#7029 = IFCPOLYLOOP((#6048, #6053, #6152));
#7030 = IFCFACEOUTERBOUND(#7029, .T.);
#7031 = IFCFACE((#7030));
#7032 = IFCPOLYLOOP((#6821, #6994, #7002));
#7033 = IFCFACEOUTERBOUND(#7032, .T.);
#7034 = IFCFACE((#7033));
#7035 = IFCPOLYLOOP((#6983, #6994, #6990));
#7036 = IFCFACEOUTERBOUND(#7035, .T.);
#7037 = IFCFACE((#7036));
#7038 = IFCPOLYLOOP((#6796, #6797, #7002));
#7039 = IFCFACEOUTERBOUND(#7038, .T.);
#7040 = IFCFACE((#7039));
#7041 = IFCPOLYLOOP((#6796, #6810, #6826));
#7042 = IFCFACEOUTERBOUND(#7041, .T.);
#7043 = IFCFACE((#7042));
#7044 = IFCPOLYLOOP((#6998, #6814, #6983));
#7045 = IFCFACEOUTERBOUND(#7044, .T.);
#7046 = IFCFACE((#7045));
#7047 = IFCPOLYLOOP((#6814, #6975, #6983));
#7048 = IFCFACEOUTERBOUND(#7047, .T.);
#7049 = IFCFACE((#7048));
#7050 = IFCPOLYLOOP((#6961, #6979, #6962));
#7051 = IFCFACEOUTERBOUND(#7050, .T.);
#7052 = IFCFACE((#7051));
#7053 = IFCPOLYLOOP((#6983, #7002, #6994));
#7054 = IFCFACEOUTERBOUND(#7053, .T.);
#7055 = IFCFACE((#7054));
#7056 = IFCPOLYLOOP((#6810, #6796, #7002));
#7057 = IFCFACEOUTERBOUND(#7056, .T.);
#7058 = IFCFACE((#7057));
#7059 = IFCPOLYLOOP((#6983, #6975, #6979));
#7060 = IFCFACEOUTERBOUND(#7059, .T.);
#7061 = IFCFACE((#7060));
#7062 = IFCPOLYLOOP((#6136, #6144, #6152));
#7063 = IFCFACEOUTERBOUND(#7062, .T.);
#7064 = IFCFACE((#7063));
#7065 = IFCPOLYLOOP((#6144, #6148, #6152));
#7066 = IFCFACEOUTERBOUND(#7065, .T.);
#7067 = IFCFACE((#7066));
#7068 = IFCPOLYLOOP((#6160, #6152, #6156));
#7069 = IFCFACEOUTERBOUND(#7068, .T.);
#7070 = IFCFACE((#7069));
#7071 = IFCPOLYLOOP((#6365, #7072, #6152));
#7072 = IFCCARTESIANPOINT((6.95103454589844E-2, -5.1308056640625E-1, 6.58449716866016E-7));
#7073 = IFCFACEOUTERBOUND(#7071, .T.);
#7074 = IFCFACE((#7073));
#7075 = IFCPOLYLOOP((#6136, #6152, #7072));
#7076 = IFCFACEOUTERBOUND(#7075, .T.);
#7077 = IFCFACE((#7076));
#7078 = IFCPOLYLOOP((#6806, #6160, #6164));
#7079 = IFCFACEOUTERBOUND(#7078, .T.);
#7080 = IFCFACE((#7079));
#7081 = IFCPOLYLOOP((#6361, #6366, #6353));
#7082 = IFCFACEOUTERBOUND(#7081, .T.);
#7083 = IFCFACE((#7082));
#7084 = IFCPOLYLOOP((#6366, #6365, #6152));
#7085 = IFCFACEOUTERBOUND(#7084, .T.);
#7086 = IFCFACE((#7085));
#7087 = IFCPOLYLOOP((#6366, #6058, #6349));
#7088 = IFCFACEOUTERBOUND(#7087, .T.);
#7089 = IFCFACE((#7088));
#7090 = IFCPOLYLOOP((#6152, #6160, #6806));
#7091 = IFCFACEOUTERBOUND(#7090, .T.);
#7092 = IFCFACE((#7091));
#7093 = IFCPOLYLOOP((#6366, #6349, #6354));
#7094 = IFCFACEOUTERBOUND(#7093, .T.);
#7095 = IFCFACE((#7094));
#7096 = IFCPOLYLOOP((#6354, #6353, #6366));
#7097 = IFCFACEOUTERBOUND(#7096, .T.);
#7098 = IFCFACE((#7097));
#7099 = IFCPOLYLOOP((#6331, #6349, #6058));
#7100 = IFCFACEOUTERBOUND(#7099, .T.);
#7101 = IFCFACE((#7100));
#7102 = IFCPOLYLOOP((#6331, #6058, #6332));
#7103 = IFCFACEOUTERBOUND(#7102, .T.);
#7104 = IFCFACE((#7103));
#7105 = IFCPOLYLOOP((#6336, #6332, #6058));
#7106 = IFCFACEOUTERBOUND(#7105, .T.);
#7107 = IFCFACE((#7106));
#7108 = IFCPOLYLOOP((#6957, #6979, #6766));
#7109 = IFCFACEOUTERBOUND(#7108, .T.);
#7110 = IFCFACE((#7109));
#7111 = IFCPOLYLOOP((#6944, #6048, #6950));
#7112 = IFCFACEOUTERBOUND(#7111, .T.);
#7113 = IFCFACE((#7112));
#7114 = IFCPOLYLOOP((#6048, #6944, #6294));
#7115 = IFCFACEOUTERBOUND(#7114, .T.);
#7116 = IFCFACE((#7115));
#7117 = IFCPOLYLOOP((#6293, #6048, #6294));
#7118 = IFCFACEOUTERBOUND(#7117, .T.);
#7119 = IFCFACE((#7118));
#7120 = IFCPOLYLOOP((#6766, #6979, #6961));
#7121 = IFCFACEOUTERBOUND(#7120, .T.);
#7122 = IFCFACE((#7121));
#7123 = IFCPOLYLOOP((#6694, #7124, #7125));
#7124 = IFCCARTESIANPOINT((-5.58202667236328E-2, -1.3E-1, 1.39909103393555E-1));
#7125 = IFCCARTESIANPOINT((-1.98707885742188E-2, -1.30000015258789E-1, 4.74637794494629E-2));
#7126 = IFCFACEOUTERBOUND(#7123, .T.);
#7127 = IFCFACE((#7126));
#7128 = IFCPOLYLOOP((#7125, #6944, #6943));
#7129 = IFCFACEOUTERBOUND(#7128, .T.);
#7130 = IFCFACE((#7129));
#7131 = IFCPOLYLOOP((#6708, #7125, #6943));
#7132 = IFCFACEOUTERBOUND(#7131, .T.);
#7133 = IFCFACE((#7132));
#7134 = IFCPOLYLOOP((#7125, #6708, #6698));
#7135 = IFCFACEOUTERBOUND(#7134, .T.);
#7136 = IFCFACE((#7135));
#7137 = IFCPOLYLOOP((#7138, #7125, #7139));
#7138 = IFCCARTESIANPOINT((-2.07132549285889E-2, -1.3E-1, 1.17916984558105E-1));
#7139 = IFCCARTESIANPOINT((-2.73367519378662E-2, -1.3E-1, 1.20159454345703E-1));
#7140 = IFCFACEOUTERBOUND(#7137, .T.);
#7141 = IFCFACE((#7140));
#7142 = IFCPOLYLOOP((#7125, #7143, #7139));
#7143 = IFCCARTESIANPOINT((-3.37226066589355E-2, -1.3E-1, 1.23009063720703E-1));
#7144 = IFCFACEOUTERBOUND(#7142, .T.);
#7145 = IFCFACE((#7144));
#7146 = IFCPOLYLOOP((#7147, #7125, #7148));
#7147 = IFCCARTESIANPOINT((-6.98520755767822E-3, -1.3E-1, 1.15325996398926E-1));
#7148 = IFCCARTESIANPOINT((-1.39096908569336E-2, -1.3E-1, 1.16301147460938E-1));
#7149 = IFCFACEOUTERBOUND(#7146, .T.);
#7150 = IFCFACE((#7149));
#7151 = IFCPOLYLOOP((#7138, #7148, #7125));
#7152 = IFCFACEOUTERBOUND(#7151, .T.);
#7153 = IFCFACE((#7152));
#7154 = IFCPOLYLOOP((#7125, #7147, #7155));
#7155 = IFCCARTESIANPOINT((-2.8421709430404E-17, -1.3E-1, 1.15E-1));
#7156 = IFCFACEOUTERBOUND(#7154, .T.);
#7157 = IFCFACE((#7156));
#7158 = IFCPOLYLOOP((#6944, #7125, #6026));
#7159 = IFCFACEOUTERBOUND(#7158, .T.);
#7160 = IFCFACE((#7159));
#7161 = IFCPOLYLOOP((#7162, #7163, #7125));
#7162 = IFCCARTESIANPOINT((1.39096908569336E-2, -1.3E-1, 1.16301147460938E-1));
#7163 = IFCCARTESIANPOINT((2.07132549285889E-2, -1.3E-1, 1.17916984558105E-1));
#7164 = IFCFACEOUTERBOUND(#7161, .T.);
#7165 = IFCFACE((#7164));
#7166 = IFCPOLYLOOP((#7167, #7162, #7125));
#7167 = IFCCARTESIANPOINT((6.98520755767822E-3, -1.3E-1, 1.15325996398926E-1));
#7168 = IFCFACEOUTERBOUND(#7166, .T.);
#7169 = IFCFACE((#7168));
#7170 = IFCPOLYLOOP((#7171, #7125, #7163));
#7171 = IFCCARTESIANPOINT((2.73367519378662E-2, -1.3E-1, 1.20159454345703E-1));
#7172 = IFCFACEOUTERBOUND(#7170, .T.);
#7173 = IFCFACE((#7172));
#7174 = IFCPOLYLOOP((#7155, #7167, #7125));
#7175 = IFCFACEOUTERBOUND(#7174, .T.);
#7176 = IFCFACE((#7175));
#7177 = IFCPOLYLOOP((#6031, #6027, #7125));
#7178 = IFCFACEOUTERBOUND(#7177, .T.);
#7179 = IFCFACE((#7178));
#7180 = IFCPOLYLOOP((#7125, #7171, #7181));
#7181 = IFCCARTESIANPOINT((3.37226066589355E-2, -1.3E-1, 1.23009063720703E-1));
#7182 = IFCFACEOUTERBOUND(#7180, .T.);
#7183 = IFCFACE((#7182));
#7184 = IFCPOLYLOOP((#6698, #6694, #7125));
#7185 = IFCFACEOUTERBOUND(#7184, .T.);
#7186 = IFCFACE((#7185));
#7187 = IFCPOLYLOOP((#7188, #7125, #7124));
#7188 = IFCCARTESIANPOINT((-5.09123649597168E-2, -1.3E-1, 1.34927947998047E-1));
#7189 = IFCFACEOUTERBOUND(#7187, .T.);
#7190 = IFCFACE((#7189));
#7191 = IFCPOLYLOOP((#7192, #7125, #7188));
#7192 = IFCCARTESIANPOINT((-4.55618743896484E-2, -1.3E-1, 1.30425552368164E-1));
#7193 = IFCFACEOUTERBOUND(#7191, .T.);
#7194 = IFCFACE((#7193));
#7195 = IFCPOLYLOOP((#7196, #7143, #7125));
#7196 = IFCCARTESIANPOINT((-3.9815299987793E-2, -1.3E-1, 1.26441040039063E-1));
#7197 = IFCFACEOUTERBOUND(#7195, .T.);
#7198 = IFCFACE((#7197));
#7199 = IFCPOLYLOOP((#7125, #7192, #7196));
#7200 = IFCFACEOUTERBOUND(#7199, .T.);
#7201 = IFCFACE((#7200));
#7202 = IFCPOLYLOOP((#7203, #6694, #7204));
#7203 = IFCCARTESIANPOINT((-6.4141845703125E-2, -1.3E-1, 1.51130676269531E-1));
#7204 = IFCCARTESIANPOINT((-6.74831771850586E-2, -1.3E-1, 1.57273559570313E-1));
#7205 = IFCFACEOUTERBOUND(#7202, .T.);
#7206 = IFCFACE((#7205));
#7207 = IFCPOLYLOOP((#6694, #7208, #7124));
#7208 = IFCCARTESIANPOINT((-6.02429084777832E-2, -1.3E-1, 1.45325714111328E-1));
#7209 = IFCFACEOUTERBOUND(#7207, .T.);
#7210 = IFCFACE((#7209));
#7211 = IFCPOLYLOOP((#6694, #7203, #7208));
#7212 = IFCFACEOUTERBOUND(#7211, .T.);
#7213 = IFCFACE((#7212));
#7214 = IFCPOLYLOOP((#7215, #7216, #6694));
#7215 = IFCCARTESIANPOINT((-7.47692947387695E-2, -1.3E-1, 1.84121841430664E-1));
#7216 = IFCCARTESIANPOINT((-7.38968353271484E-2, -1.3E-1, 1.77183670043945E-1));
#7217 = IFCFACEOUTERBOUND(#7214, .T.);
#7218 = IFCFACE((#7217));
#7219 = IFCPOLYLOOP((#7204, #6694, #7220));
#7220 = IFCCARTESIANPOINT((-7.02378692626953E-2, -1.3E-1, 1.63700927734375E-1));
#7221 = IFCFACEOUTERBOUND(#7219, .T.);
#7222 = IFCFACE((#7221));
#7223 = IFCPOLYLOOP((#6694, #7224, #7220));
#7224 = IFCCARTESIANPOINT((-7.2381965637207E-2, -1.3E-1, 1.70356918334961E-1));
#7225 = IFCFACEOUTERBOUND(#7223, .T.);
#7226 = IFCFACE((#7225));
#7227 = IFCPOLYLOOP((#6694, #7216, #7224));
#7228 = IFCFACEOUTERBOUND(#7227, .T.);
#7229 = IFCFACE((#7228));
#7230 = IFCPOLYLOOP((#6467, #7231, #7215));
#7231 = IFCCARTESIANPOINT((-7.49917678833008E-2, -1.3E-1, 1.91111114501953E-1));
#7232 = IFCFACEOUTERBOUND(#7230, .T.);
#7233 = IFCFACE((#7232));
#7234 = IFCPOLYLOOP((#6467, #7235, #7231));
#7235 = IFCCARTESIANPOINT((-7.45623245239258E-2, -1.3E-1, 1.98090728759766E-1));
#7236 = IFCFACEOUTERBOUND(#7234, .T.);
#7237 = IFCFACE((#7236));
#7238 = IFCPOLYLOOP((#6467, #6472, #7235));
#7239 = IFCFACEOUTERBOUND(#7238, .T.);
#7240 = IFCFACE((#7239));
#7241 = IFCPOLYLOOP((#7125, #7242, #7243));
#7242 = IFCCARTESIANPOINT((3.9815299987793E-2, -1.3E-1, 1.26441040039063E-1));
#7243 = IFCCARTESIANPOINT((4.55618743896484E-2, -1.3E-1, 1.30425552368164E-1));
#7244 = IFCFACEOUTERBOUND(#7241, .T.);
#7245 = IFCFACE((#7244));
#7246 = IFCPOLYLOOP((#7243, #7247, #7125));
#7247 = IFCCARTESIANPOINT((5.09123649597168E-2, -1.3E-1, 1.34927947998047E-1));
#7248 = IFCFACEOUTERBOUND(#7246, .T.);
#7249 = IFCFACE((#7248));
#7250 = IFCPOLYLOOP((#6021, #7251, #7252));
#7251 = IFCCARTESIANPOINT((5.58202667236328E-2, -1.3E-1, 1.39909103393555E-1));
#7252 = IFCCARTESIANPOINT((6.02429084777832E-2, -1.3E-1, 1.45325714111328E-1));
#7253 = IFCFACEOUTERBOUND(#7250, .T.);
#7254 = IFCFACE((#7253));
#7255 = IFCPOLYLOOP((#7125, #7251, #6021));
#7256 = IFCFACEOUTERBOUND(#7255, .T.);
#7257 = IFCFACE((#7256));
#7258 = IFCPOLYLOOP((#7259, #6021, #7260));
#7259 = IFCCARTESIANPOINT((6.74831771850586E-2, -1.3E-1, 1.57273559570313E-1));
#7260 = IFCCARTESIANPOINT((6.4141845703125E-2, -1.3E-1, 1.51130676269531E-1));
#7261 = IFCFACEOUTERBOUND(#7258, .T.);
#7262 = IFCFACE((#7261));
#7263 = IFCPOLYLOOP((#7252, #7260, #6021));
#7264 = IFCFACEOUTERBOUND(#7263, .T.);
#7265 = IFCFACE((#7264));
#7266 = IFCPOLYLOOP((#7247, #7251, #7125));
#7267 = IFCFACEOUTERBOUND(#7266, .T.);
#7268 = IFCFACE((#7267));
#7269 = IFCPOLYLOOP((#6031, #7125, #6021));
#7270 = IFCFACEOUTERBOUND(#7269, .T.);
#7271 = IFCFACE((#7270));
#7272 = IFCPOLYLOOP((#7259, #7273, #6021));
#7273 = IFCCARTESIANPOINT((7.02378692626953E-2, -1.3E-1, 1.63700927734375E-1));
#7274 = IFCFACEOUTERBOUND(#7272, .T.);
#7275 = IFCFACE((#7274));
#7276 = IFCPOLYLOOP((#7125, #7181, #7242));
#7277 = IFCFACEOUTERBOUND(#7276, .T.);
#7278 = IFCFACE((#7277));
#7279 = IFCPOLYLOOP((#6283, #7280, #7281));
#7280 = IFCCARTESIANPOINT((7.2381965637207E-2, -1.3E-1, 1.70356918334961E-1));
#7281 = IFCCARTESIANPOINT((7.38968353271484E-2, -1.3E-1, 1.77183670043945E-1));
#7282 = IFCFACEOUTERBOUND(#7279, .T.);
#7283 = IFCFACE((#7282));
#7284 = IFCPOLYLOOP((#6283, #7273, #7280));
#7285 = IFCFACEOUTERBOUND(#7284, .T.);
#7286 = IFCFACE((#7285));
#7287 = IFCPOLYLOOP((#7288, #6283, #7281));
#7288 = IFCCARTESIANPOINT((7.47692947387695E-2, -1.3E-1, 1.84121841430664E-1));
#7289 = IFCFACEOUTERBOUND(#7287, .T.);
#7290 = IFCFACE((#7289));
#7291 = IFCPOLYLOOP((#6283, #7292, #6616));
#7292 = IFCCARTESIANPOINT((7.45623245239258E-2, -1.3E-1, 1.98090728759766E-1));
#7293 = IFCFACEOUTERBOUND(#7291, .T.);
#7294 = IFCFACE((#7293));
#7295 = IFCPOLYLOOP((#6283, #7296, #7292));
#7296 = IFCCARTESIANPOINT((7.49917678833008E-2, -1.3E-1, 1.91111114501953E-1));
#7297 = IFCFACEOUTERBOUND(#7295, .T.);
#7298 = IFCFACE((#7297));
#7299 = IFCPOLYLOOP((#7288, #7296, #6283));
#7300 = IFCFACEOUTERBOUND(#7299, .T.);
#7301 = IFCFACE((#7300));
#7302 = IFCPOLYLOOP((#576, #6434, #6532));
#7303 = IFCFACEOUTERBOUND(#7302, .T.);
#7304 = IFCFACE((#7303));
#7305 = IFCPOLYLOOP((#558, #6567, #557));
#7306 = IFCFACEOUTERBOUND(#7305, .T.);
#7307 = IFCFACE((#7306));
#7308 = IFCPOLYLOOP((#550, #6576, #546));
#7309 = IFCFACEOUTERBOUND(#7308, .T.);
#7310 = IFCFACE((#7309));
#7311 = IFCPOLYLOOP((#6571, #550, #557));
#7312 = IFCFACEOUTERBOUND(#7311, .T.);
#7313 = IFCFACE((#7312));
#7314 = IFCPOLYLOOP((#6536, #558, #572));
#7315 = IFCFACEOUTERBOUND(#7314, .T.);
#7316 = IFCFACE((#7315));
#7317 = IFCPOLYLOOP((#6591, #524, #520));
#7318 = IFCFACEOUTERBOUND(#7317, .T.);
#7319 = IFCFACE((#7318));
#7320 = IFCPOLYLOOP((#6587, #6592, #534));
#7321 = IFCFACEOUTERBOUND(#7320, .T.);
#7322 = IFCFACE((#7321));
#7323 = IFCPOLYLOOP((#6580, #6587, #545));
#7324 = IFCFACEOUTERBOUND(#7323, .T.);
#7325 = IFCFACE((#7324));
#7326 = IFCPOLYLOOP((#6600, #6599, #512));
#7327 = IFCFACEOUTERBOUND(#7326, .T.);
#7328 = IFCFACE((#7327));
#7329 = IFCPOLYLOOP((#6599, #511, #510));
#7330 = IFCFACEOUTERBOUND(#7329, .T.);
#7331 = IFCFACE((#7330));
#7332 = IFCPOLYLOOP((#516, #511, #6617));
#7333 = IFCFACEOUTERBOUND(#7332, .T.);
#7334 = IFCFACE((#7333));
#7335 = IFCPOLYLOOP((#6591, #6600, #524));
#7336 = IFCFACEOUTERBOUND(#7335, .T.);
#7337 = IFCFACE((#7336));
#7338 = IFCPOLYLOOP((#546, #6575, #545));
#7339 = IFCFACEOUTERBOUND(#7338, .T.);
#7340 = IFCFACE((#7339));
#7341 = IFCPOLYLOOP((#6616, #7292, #497));
#7342 = IFCFACEOUTERBOUND(#7341, .T.);
#7343 = IFCFACE((#7342));
#7344 = IFCPOLYLOOP((#7292, #7296, #441));
#7345 = IFCFACEOUTERBOUND(#7344, .T.);
#7346 = IFCFACE((#7345));
#7347 = IFCPOLYLOOP((#7296, #7288, #434));
#7348 = IFCFACEOUTERBOUND(#7347, .T.);
#7349 = IFCFACE((#7348));
#7350 = IFCPOLYLOOP((#6617, #6616, #516));
#7351 = IFCFACEOUTERBOUND(#7350, .T.);
#7352 = IFCFACE((#7351));
#7353 = IFCPOLYLOOP((#430, #434, #7288));
#7354 = IFCFACEOUTERBOUND(#7353, .T.);
#7355 = IFCFACE((#7354));
#7356 = IFCPOLYLOOP((#7280, #7273, #417));
#7357 = IFCFACEOUTERBOUND(#7356, .T.);
#7358 = IFCFACE((#7357));
#7359 = IFCPOLYLOOP((#7281, #7280, #445));
#7360 = IFCFACEOUTERBOUND(#7359, .T.);
#7361 = IFCFACE((#7360));
#7362 = IFCPOLYLOOP((#413, #7259, #7260));
#7363 = IFCFACEOUTERBOUND(#7362, .T.);
#7364 = IFCFACE((#7363));
#7365 = IFCPOLYLOOP((#7251, #7247, #421));
#7366 = IFCFACEOUTERBOUND(#7365, .T.);
#7367 = IFCFACE((#7366));
#7368 = IFCPOLYLOOP((#411, #7260, #7252));
#7369 = IFCFACEOUTERBOUND(#7368, .T.);
#7370 = IFCFACE((#7369));
#7371 = IFCPOLYLOOP((#457, #7242, #7181));
#7372 = IFCFACEOUTERBOUND(#7371, .T.);
#7373 = IFCFACE((#7372));
#7374 = IFCPOLYLOOP((#455, #7181, #7171));
#7375 = IFCFACEOUTERBOUND(#7374, .T.);
#7376 = IFCFACE((#7375));
#7377 = IFCPOLYLOOP((#456, #7243, #7242));
#7378 = IFCFACEOUTERBOUND(#7377, .T.);
#7379 = IFCFACE((#7378));
#7380 = IFCPOLYLOOP((#7247, #7243, #456));
#7381 = IFCFACEOUTERBOUND(#7380, .T.);
#7382 = IFCFACE((#7381));
#7383 = IFCPOLYLOOP((#7273, #7259, #413));
#7384 = IFCFACEOUTERBOUND(#7383, .T.);
#7385 = IFCFACE((#7384));
#7386 = IFCPOLYLOOP((#461, #7171, #7163));
#7387 = IFCFACEOUTERBOUND(#7386, .T.);
#7388 = IFCFACE((#7387));
#7389 = IFCPOLYLOOP((#468, #7163, #7162));
#7390 = IFCFACEOUTERBOUND(#7389, .T.);
#7391 = IFCFACE((#7390));
#7392 = IFCPOLYLOOP((#7167, #7155, #474));
#7393 = IFCFACEOUTERBOUND(#7392, .T.);
#7394 = IFCFACE((#7393));
#7395 = IFCPOLYLOOP((#7167, #473, #7162));
#7396 = IFCFACEOUTERBOUND(#7395, .T.);
#7397 = IFCFACE((#7396));
#7398 = IFCPOLYLOOP((#6575, #6580, #545));
#7399 = IFCFACEOUTERBOUND(#7398, .T.);
#7400 = IFCFACE((#7399));
#7401 = IFCPOLYLOOP((#546, #6576, #6575));
#7402 = IFCFACEOUTERBOUND(#7401, .T.);
#7403 = IFCFACE((#7402));
#7404 = IFCPOLYLOOP((#520, #6592, #6591));
#7405 = IFCFACEOUTERBOUND(#7404, .T.);
#7406 = IFCFACE((#7405));
#7407 = IFCPOLYLOOP((#6532, #6536, #572));
#7408 = IFCFACEOUTERBOUND(#7407, .T.);
#7409 = IFCFACE((#7408));
#7410 = IFCPOLYLOOP((#558, #6536, #6567));
#7411 = IFCFACEOUTERBOUND(#7410, .T.);
#7412 = IFCFACE((#7411));
#7413 = IFCPOLYLOOP((#550, #6571, #6576));
#7414 = IFCFACEOUTERBOUND(#7413, .T.);
#7415 = IFCFACE((#7414));
#7416 = IFCPOLYLOOP((#557, #6567, #6571));
#7417 = IFCFACEOUTERBOUND(#7416, .T.);
#7418 = IFCFACE((#7417));
#7419 = IFCPOLYLOOP((#7251, #412, #7252));
#7420 = IFCFACEOUTERBOUND(#7419, .T.);
#7421 = IFCFACE((#7420));
#7422 = IFCPOLYLOOP((#511, #6599, #6617));
#7423 = IFCFACEOUTERBOUND(#7422, .T.);
#7424 = IFCFACE((#7423));
#7425 = IFCPOLYLOOP((#6434, #576, #6435));
#7426 = IFCFACEOUTERBOUND(#7425, .T.);
#7427 = IFCFACE((#7426));
#7428 = IFCPOLYLOOP((#6458, #670, #6480));
#7429 = IFCFACEOUTERBOUND(#7428, .T.);
#7430 = IFCFACE((#7429));
#7431 = IFCPOLYLOOP((#6435, #565, #6487));
#7432 = IFCFACEOUTERBOUND(#7431, .T.);
#7433 = IFCFACE((#7432));
#7434 = IFCPOLYLOOP((#690, #6458, #6487));
#7435 = IFCFACEOUTERBOUND(#7434, .T.);
#7436 = IFCFACE((#7435));
#7437 = IFCPOLYLOOP((#6480, #670, #6442));
#7438 = IFCFACEOUTERBOUND(#7437, .T.);
#7439 = IFCFACE((#7438));
#7440 = IFCPOLYLOOP((#6442, #695, #6507));
#7441 = IFCFACEOUTERBOUND(#7440, .T.);
#7442 = IFCFACE((#7441));
#7443 = IFCPOLYLOOP((#682, #6454, #6448));
#7444 = IFCFACEOUTERBOUND(#7443, .T.);
#7445 = IFCFACE((#7444));
#7446 = IFCPOLYLOOP((#6507, #694, #6448));
#7447 = IFCFACEOUTERBOUND(#7446, .T.);
#7448 = IFCFACE((#7447));
#7449 = IFCPOLYLOOP((#6494, #677, #6462));
#7450 = IFCFACEOUTERBOUND(#7449, .T.);
#7451 = IFCFACE((#7450));
#7452 = IFCPOLYLOOP((#678, #6494, #6454));
#7453 = IFCFACEOUTERBOUND(#7452, .T.);
#7454 = IFCFACE((#7453));
#7455 = IFCPOLYLOOP((#730, #6476, #6462));
#7456 = IFCFACEOUTERBOUND(#7455, .T.);
#7457 = IFCFACE((#7456));
#7458 = IFCPOLYLOOP((#711, #6472, #6468));
#7459 = IFCFACEOUTERBOUND(#7458, .T.);
#7460 = IFCFACE((#7459));
#7461 = IFCPOLYLOOP((#6476, #730, #6468));
#7462 = IFCFACEOUTERBOUND(#7461, .T.);
#7463 = IFCFACE((#7462));
#7464 = IFCPOLYLOOP((#7231, #663, #656));
#7465 = IFCFACEOUTERBOUND(#7464, .T.);
#7466 = IFCFACE((#7465));
#7467 = IFCPOLYLOOP((#7215, #656, #655));
#7468 = IFCFACEOUTERBOUND(#7467, .T.);
#7469 = IFCFACE((#7468));
#7470 = IFCPOLYLOOP((#7216, #655, #643));
#7471 = IFCFACEOUTERBOUND(#7470, .T.);
#7472 = IFCFACE((#7471));
#7473 = IFCPOLYLOOP((#7220, #639, #635));
#7474 = IFCFACEOUTERBOUND(#7473, .T.);
#7475 = IFCFACE((#7474));
#7476 = IFCPOLYLOOP((#7224, #643, #639));
#7477 = IFCFACEOUTERBOUND(#7476, .T.);
#7478 = IFCFACE((#7477));
#7479 = IFCPOLYLOOP((#7235, #663, #7231));
#7480 = IFCFACEOUTERBOUND(#7479, .T.);
#7481 = IFCFACE((#7480));
#7482 = IFCPOLYLOOP((#7203, #634, #613));
#7483 = IFCFACEOUTERBOUND(#7482, .T.);
#7484 = IFCFACE((#7483));
#7485 = IFCPOLYLOOP((#7124, #612, #617));
#7486 = IFCFACEOUTERBOUND(#7485, .T.);
#7487 = IFCFACE((#7486));
#7488 = IFCPOLYLOOP((#7208, #613, #612));
#7489 = IFCFACEOUTERBOUND(#7488, .T.);
#7490 = IFCFACE((#7489));
#7491 = IFCPOLYLOOP((#7192, #630, #593));
#7492 = IFCFACEOUTERBOUND(#7491, .T.);
#7493 = IFCFACE((#7492));
#7494 = IFCPOLYLOOP((#7143, #592, #588));
#7495 = IFCFACEOUTERBOUND(#7494, .T.);
#7496 = IFCFACE((#7495));
#7497 = IFCPOLYLOOP((#7196, #593, #592));
#7498 = IFCFACEOUTERBOUND(#7497, .T.);
#7499 = IFCFACE((#7498));
#7500 = IFCPOLYLOOP((#7188, #617, #630));
#7501 = IFCFACEOUTERBOUND(#7500, .T.);
#7502 = IFCFACE((#7501));
#7503 = IFCPOLYLOOP((#7204, #635, #634));
#7504 = IFCFACEOUTERBOUND(#7503, .T.);
#7505 = IFCFACE((#7504));
#7506 = IFCPOLYLOOP((#654, #663, #7235));
#7507 = IFCFACEOUTERBOUND(#7506, .T.);
#7508 = IFCFACE((#7507));
#7509 = IFCPOLYLOOP((#689, #690, #6487));
#7510 = IFCFACEOUTERBOUND(#7509, .T.);
#7511 = IFCFACE((#7510));
#7512 = IFCPOLYLOOP((#690, #670, #6458));
#7513 = IFCFACEOUTERBOUND(#7512, .T.);
#7514 = IFCFACE((#7513));
#7515 = IFCPOLYLOOP((#682, #678, #6454));
#7516 = IFCFACEOUTERBOUND(#7515, .T.);
#7517 = IFCFACE((#7516));
#7518 = IFCPOLYLOOP((#677, #730, #6462));
#7519 = IFCFACEOUTERBOUND(#7518, .T.);
#7520 = IFCFACE((#7519));
#7521 = IFCPOLYLOOP((#678, #677, #6494));
#7522 = IFCFACEOUTERBOUND(#7521, .T.);
#7523 = IFCFACE((#7522));
#7524 = IFCPOLYLOOP((#6472, #711, #654));
#7525 = IFCFACEOUTERBOUND(#7524, .T.);
#7526 = IFCFACE((#7525));
#7527 = IFCPOLYLOOP((#7148, #580, #472));
#7528 = IFCFACEOUTERBOUND(#7527, .T.);
#7529 = IFCFACE((#7528));
#7530 = IFCPOLYLOOP((#7138, #584, #580));
#7531 = IFCFACEOUTERBOUND(#7530, .T.);
#7532 = IFCFACE((#7531));
#7533 = IFCPOLYLOOP((#472, #474, #7147));
#7534 = IFCFACEOUTERBOUND(#7533, .T.);
#7535 = IFCFACE((#7534));
#7536 = IFCPOLYLOOP((#584, #7138, #7139));
#7537 = IFCFACEOUTERBOUND(#7536, .T.);
#7538 = IFCFACE((#7537));
#7539 = IFCPOLYLOOP((#160, #164, #129));
#7540 = IFCFACEOUTERBOUND(#7539, .T.);
#7541 = IFCFACE((#7540));
#7542 = IFCPOLYLOOP((#210, #202, #538));
#7543 = IFCFACEOUTERBOUND(#7542, .T.);
#7544 = IFCFACE((#7543));
#7545 = IFCPOLYLOOP((#221, #256, #425));
#7546 = IFCFACEOUTERBOUND(#7545, .T.);
#7547 = IFCFACE((#7546));
#7548 = IFCPOLYLOOP((#316, #242, #484));
#7549 = IFCFACEOUTERBOUND(#7548, .T.);
#7550 = IFCFACE((#7549));
#7551 = IFCPOLYLOOP((#164, #381, #647));
#7552 = IFCFACEOUTERBOUND(#7551, .T.);
#7553 = IFCFACE((#7552));
#7554 = IFCPOLYLOOP((#734, #858, #782));
#7555 = IFCFACEOUTERBOUND(#7554, .T.);
#7556 = IFCFACE((#7555));
#7557 = IFCPOLYLOOP((#1187, #1180, #1188));
#7558 = IFCFACEOUTERBOUND(#7557, .T.);
#7559 = IFCFACE((#7558));
#7560 = IFCPOLYLOOP((#1200, #1205, #1186));
#7561 = IFCFACEOUTERBOUND(#7560, .T.);
#7562 = IFCFACE((#7561));
#7563 = IFCPOLYLOOP((#1192, #1341, #1214));
#7564 = IFCFACEOUTERBOUND(#7563, .T.);
#7565 = IFCFACE((#7564));
#7566 = IFCPOLYLOOP((#4859, #1205, #1204));
#7567 = IFCFACEOUTERBOUND(#7566, .T.);
#7568 = IFCFACE((#7567));
#7569 = IFCPOLYLOOP((#1199, #1192, #1215));
#7570 = IFCFACEOUTERBOUND(#7569, .T.);
#7571 = IFCFACE((#7570));
#7572 = IFCPOLYLOOP((#1204, #1200, #1219));
#7573 = IFCFACEOUTERBOUND(#7572, .T.);
#7574 = IFCFACE((#7573));
#7575 = IFCPOLYLOOP((#1226, #1215, #1237));
#7576 = IFCFACEOUTERBOUND(#7575, .T.);
#7577 = IFCFACE((#7576));
#7578 = IFCPOLYLOOP((#1241, #1219, #1261));
#7579 = IFCFACEOUTERBOUND(#7578, .T.);
#7580 = IFCFACE((#7579));
#7581 = IFCPOLYLOOP((#1245, #1237, #1253));
#7582 = IFCFACEOUTERBOUND(#7581, .T.);
#7583 = IFCFACE((#7582));
#7584 = IFCPOLYLOOP((#1230, #1241, #1266));
#7585 = IFCFACEOUTERBOUND(#7584, .T.);
#7586 = IFCFACE((#7585));
#7587 = IFCPOLYLOOP((#1253, #1252, #1272));
#7588 = IFCFACEOUTERBOUND(#7587, .T.);
#7589 = IFCFACE((#7588));
#7590 = IFCPOLYLOOP((#1241, #1261, #1267));
#7591 = IFCFACEOUTERBOUND(#7590, .T.);
#7592 = IFCFACE((#7591));
#7593 = IFCPOLYLOOP((#1257, #1272, #1271));
#7594 = IFCFACEOUTERBOUND(#7593, .T.);
#7595 = IFCFACE((#7594));
#7596 = IFCPOLYLOOP((#1267, #1257, #1278));
#7597 = IFCFACEOUTERBOUND(#7596, .T.);
#7598 = IFCFACE((#7597));
#7599 = IFCPOLYLOOP((#1266, #1265, #1291));
#7600 = IFCFACEOUTERBOUND(#7599, .T.);
#7601 = IFCFACE((#7600));
#7602 = IFCPOLYLOOP((#1271, #1273, #1348));
#7603 = IFCFACEOUTERBOUND(#7602, .T.);
#7604 = IFCFACE((#7603));
#7605 = IFCPOLYLOOP((#1277, #1271, #1348));
#7606 = IFCFACEOUTERBOUND(#7605, .T.);
#7607 = IFCFACE((#7606));
#7608 = IFCPOLYLOOP((#1277, #1348, #1297));
#7609 = IFCFACEOUTERBOUND(#7608, .T.);
#7610 = IFCFACE((#7609));
#7611 = IFCPOLYLOOP((#1289, #1291, #1313));
#7612 = IFCFACEOUTERBOUND(#7611, .T.);
#7613 = IFCFACE((#7612));
#7614 = IFCPOLYLOOP((#1309, #1305, #1369));
#7615 = IFCFACEOUTERBOUND(#7614, .T.);
#7616 = IFCFACE((#7615));
#7617 = IFCPOLYLOOP((#1406, #1363, #1402));
#7618 = IFCFACEOUTERBOUND(#7617, .T.);
#7619 = IFCFACE((#7618));
#7620 = IFCPOLYLOOP((#1368, #1364, #1406));
#7621 = IFCFACEOUTERBOUND(#7620, .T.);
#7622 = IFCFACE((#7621));
#7623 = IFCPOLYLOOP((#1386, #1368, #1410));
#7624 = IFCFACEOUTERBOUND(#7623, .T.);
#7625 = IFCFACE((#7624));
#7626 = IFCPOLYLOOP((#1440, #1402, #1414));
#7627 = IFCFACEOUTERBOUND(#7626, .T.);
#7628 = IFCFACE((#7627));
#7629 = IFCPOLYLOOP((#1422, #1402, #1440));
#7630 = IFCFACEOUTERBOUND(#7629, .T.);
#7631 = IFCFACE((#7630));
#7632 = IFCPOLYLOOP((#1410, #1406, #1422));
#7633 = IFCFACEOUTERBOUND(#7632, .T.);
#7634 = IFCFACE((#7633));
#7635 = IFCPOLYLOOP((#1440, #1414, #1426));
#7636 = IFCFACEOUTERBOUND(#7635, .T.);
#7637 = IFCFACE((#7636));
#7638 = IFCPOLYLOOP((#1418, #1410, #1435));
#7639 = IFCFACEOUTERBOUND(#7638, .T.);
#7640 = IFCFACE((#7639));
#7641 = IFCPOLYLOOP((#1444, #1440, #1439));
#7642 = IFCFACEOUTERBOUND(#7641, .T.);
#7643 = IFCFACE((#7642));
#7644 = IFCPOLYLOOP((#1435, #1431, #1451));
#7645 = IFCFACEOUTERBOUND(#7644, .T.);
#7646 = IFCFACE((#7645));
#7647 = IFCPOLYLOOP((#2682, #1664, #1464));
#7648 = IFCFACEOUTERBOUND(#7647, .T.);
#7649 = IFCFACE((#7648));
#7650 = IFCPOLYLOOP((#1463, #2682, #1464));
#7651 = IFCFACEOUTERBOUND(#7650, .T.);
#7652 = IFCFACE((#7651));
#7653 = IFCPOLYLOOP((#1516, #1468, #1462));
#7654 = IFCFACEOUTERBOUND(#7653, .T.);
#7655 = IFCFACE((#7654));
#7656 = IFCPOLYLOOP((#1530, #2699, #1525));
#7657 = IFCFACEOUTERBOUND(#7656, .T.);
#7658 = IFCFACE((#7657));
#7659 = IFCPOLYLOOP((#1472, #1474, #1530));
#7660 = IFCFACEOUTERBOUND(#7659, .T.);
#7661 = IFCFACE((#7660));
#7662 = IFCPOLYLOOP((#1478, #1473, #1472));
#7663 = IFCFACEOUTERBOUND(#7662, .T.);
#7664 = IFCFACE((#7663));
#7665 = IFCPOLYLOOP((#1501, #1492, #1496));
#7666 = IFCFACEOUTERBOUND(#7665, .T.);
#7667 = IFCFACE((#7666));
#7668 = IFCPOLYLOOP((#1507, #1500, #1502));
#7669 = IFCFACEOUTERBOUND(#7668, .T.);
#7670 = IFCFACE((#7669));
#7671 = IFCPOLYLOOP((#1535, #1507, #1506));
#7672 = IFCFACEOUTERBOUND(#7671, .T.);
#7673 = IFCFACE((#7672));
#7674 = IFCPOLYLOOP((#1515, #1462, #1511));
#7675 = IFCFACEOUTERBOUND(#7674, .T.);
#7676 = IFCFACE((#7675));
#7677 = IFCPOLYLOOP((#1520, #1516, #1515));
#7678 = IFCFACEOUTERBOUND(#7677, .T.);
#7679 = IFCFACE((#7678));
#7680 = IFCPOLYLOOP((#1529, #1525, #1520));
#7681 = IFCFACEOUTERBOUND(#7680, .T.);
#7682 = IFCFACE((#7681));
#7683 = IFCPOLYLOOP((#1561, #1530, #1529));
#7684 = IFCFACEOUTERBOUND(#7683, .T.);
#7685 = IFCFACE((#7684));
#7686 = IFCPOLYLOOP((#1472, #1530, #1561));
#7687 = IFCFACEOUTERBOUND(#7686, .T.);
#7688 = IFCFACE((#7687));
#7689 = IFCPOLYLOOP((#1604, #1487, #1478));
#7690 = IFCFACEOUTERBOUND(#7689, .T.);
#7691 = IFCFACE((#7690));
#7692 = IFCPOLYLOOP((#1491, #1487, #1604));
#7693 = IFCFACEOUTERBOUND(#7692, .T.);
#7694 = IFCFACE((#7693));
#7695 = IFCPOLYLOOP((#1540, #1535, #1534));
#7696 = IFCFACEOUTERBOUND(#7695, .T.);
#7697 = IFCFACE((#7696));
#7698 = IFCPOLYLOOP((#1549, #1544, #1539));
#7699 = IFCFACEOUTERBOUND(#7698, .T.);
#7700 = IFCFACE((#7699));
#7701 = IFCPOLYLOOP((#1427, #1549, #1548));
#7702 = IFCFACEOUTERBOUND(#7701, .T.);
#7703 = IFCFACE((#7702));
#7704 = IFCPOLYLOOP((#1511, #1464, #1581));
#7705 = IFCFACEOUTERBOUND(#7704, .T.);
#7706 = IFCFACE((#7705));
#7707 = IFCPOLYLOOP((#1641, #1478, #1560));
#7708 = IFCFACEOUTERBOUND(#7707, .T.);
#7709 = IFCFACE((#7708));
#7710 = IFCPOLYLOOP((#1604, #1478, #1641));
#7711 = IFCFACEOUTERBOUND(#7710, .T.);
#7712 = IFCFACE((#7711));
#7713 = IFCPOLYLOOP((#1502, #1496, #1568));
#7714 = IFCFACEOUTERBOUND(#7713, .T.);
#7715 = IFCFACE((#7714));
#7716 = IFCPOLYLOOP((#1506, #1502, #1572));
#7717 = IFCFACEOUTERBOUND(#7716, .T.);
#7718 = IFCFACE((#7717));
#7719 = IFCPOLYLOOP((#1534, #1506, #1576));
#7720 = IFCFACEOUTERBOUND(#7719, .T.);
#7721 = IFCFACE((#7720));
#7722 = IFCPOLYLOOP((#1617, #1539, #1534));
#7723 = IFCFACEOUTERBOUND(#7722, .T.);
#7724 = IFCFACE((#7723));
#7725 = IFCPOLYLOOP((#1548, #1539, #1617));
#7726 = IFCFACEOUTERBOUND(#7725, .T.);
#7727 = IFCFACE((#7726));
#7728 = IFCPOLYLOOP((#1588, #1515, #1580));
#7729 = IFCFACEOUTERBOUND(#7728, .T.);
#7730 = IFCFACE((#7729));
#7731 = IFCPOLYLOOP((#1592, #1520, #1588));
#7732 = IFCFACEOUTERBOUND(#7731, .T.);
#7733 = IFCFACE((#7732));
#7734 = IFCPOLYLOOP((#1599, #1561, #1592));
#7735 = IFCFACEOUTERBOUND(#7734, .T.);
#7736 = IFCFACE((#7735));
#7737 = IFCPOLYLOOP((#1603, #1604, #1641));
#7738 = IFCFACEOUTERBOUND(#7737, .T.);
#7739 = IFCFACE((#7738));
#7740 = IFCPOLYLOOP((#1568, #1491, #1603));
#7741 = IFCFACEOUTERBOUND(#7740, .T.);
#7742 = IFCFACE((#7741));
#7743 = IFCPOLYLOOP((#1534, #1576, #1608));
#7744 = IFCFACEOUTERBOUND(#7743, .T.);
#7745 = IFCFACE((#7744));
#7746 = IFCPOLYLOOP((#1617, #1534, #1612));
#7747 = IFCFACEOUTERBOUND(#7746, .T.);
#7748 = IFCFACE((#7747));
#7749 = IFCPOLYLOOP((#1426, #1427, #1616));
#7750 = IFCFACEOUTERBOUND(#7749, .T.);
#7751 = IFCFACE((#7750));
#7752 = IFCPOLYLOOP((#1580, #1581, #1675));
#7753 = IFCFACEOUTERBOUND(#7752, .T.);
#7754 = IFCFACE((#7753));
#7755 = IFCPOLYLOOP((#1641, #1560, #1599));
#7756 = IFCFACEOUTERBOUND(#7755, .T.);
#7757 = IFCFACE((#7756));
#7758 = IFCPOLYLOOP((#1572, #1568, #1624));
#7759 = IFCFACEOUTERBOUND(#7758, .T.);
#7760 = IFCFACE((#7759));
#7761 = IFCPOLYLOOP((#1616, #1617, #1628));
#7762 = IFCFACEOUTERBOUND(#7761, .T.);
#7763 = IFCFACE((#7762));
#7764 = IFCPOLYLOOP((#1580, #1675, #1680));
#7765 = IFCFACEOUTERBOUND(#7764, .T.);
#7766 = IFCFACE((#7765));
#7767 = IFCPOLYLOOP((#1588, #1580, #1687));
#7768 = IFCFACEOUTERBOUND(#7767, .T.);
#7769 = IFCFACE((#7768));
#7770 = IFCPOLYLOOP((#1636, #1592, #1632));
#7771 = IFCFACEOUTERBOUND(#7770, .T.);
#7772 = IFCFACE((#7771));
#7773 = IFCPOLYLOOP((#1624, #1603, #1640));
#7774 = IFCFACEOUTERBOUND(#7773, .T.);
#7775 = IFCFACE((#7774));
#7776 = IFCPOLYLOOP((#1608, #1572, #1624));
#7777 = IFCFACEOUTERBOUND(#7776, .T.);
#7778 = IFCFACE((#7777));
#7779 = IFCPOLYLOOP((#1612, #1608, #1648));
#7780 = IFCFACEOUTERBOUND(#7779, .T.);
#7781 = IFCFACE((#7780));
#7782 = IFCPOLYLOOP((#1652, #1612, #1648));
#7783 = IFCFACEOUTERBOUND(#7782, .T.);
#7784 = IFCFACE((#7783));
#7785 = IFCPOLYLOOP((#1616, #1628, #1656));
#7786 = IFCFACEOUTERBOUND(#7785, .T.);
#7787 = IFCFACE((#7786));
#7788 = IFCPOLYLOOP((#2553, #1544, #1549));
#7789 = IFCFACEOUTERBOUND(#7788, .T.);
#7790 = IFCFACE((#7789));
#7791 = IFCPOLYLOOP((#1549, #1553, #2553));
#7792 = IFCFACEOUTERBOUND(#7791, .T.);
#7793 = IFCFACE((#7792));
#7794 = IFCPOLYLOOP((#1426, #1656, #1439));
#7795 = IFCFACEOUTERBOUND(#7794, .T.);
#7796 = IFCFACE((#7795));
#7797 = IFCPOLYLOOP((#1716, #1711, #1710));
#7798 = IFCFACEOUTERBOUND(#7797, .T.);
#7799 = IFCFACE((#7798));
#7800 = IFCPOLYLOOP((#1720, #1716, #1715));
#7801 = IFCFACEOUTERBOUND(#7800, .T.);
#7802 = IFCFACE((#7801));
#7803 = IFCPOLYLOOP((#1720, #1715, #1721));
#7804 = IFCFACEOUTERBOUND(#7803, .T.);
#7805 = IFCFACE((#7804));
#7806 = IFCPOLYLOOP((#1726, #1728, #1722));
#7807 = IFCFACEOUTERBOUND(#7806, .T.);
#7808 = IFCFACE((#7807));
#7809 = IFCPOLYLOOP((#1752, #2704, #1746));
#7810 = IFCFACEOUTERBOUND(#7809, .T.);
#7811 = IFCFACE((#7810));
#7812 = IFCPOLYLOOP((#1876, #1750, #1808));
#7813 = IFCFACEOUTERBOUND(#7812, .T.);
#7814 = IFCFACE((#7813));
#7815 = IFCPOLYLOOP((#1761, #1757, #1756));
#7816 = IFCFACEOUTERBOUND(#7815, .T.);
#7817 = IFCFACE((#7816));
#7818 = IFCPOLYLOOP((#1804, #1726, #1840));
#7819 = IFCFACEOUTERBOUND(#7818, .T.);
#7820 = IFCFACE((#7819));
#7821 = IFCPOLYLOOP((#1784, #1785, #1898));
#7822 = IFCFACEOUTERBOUND(#7821, .T.);
#7823 = IFCFACE((#7822));
#7824 = IFCPOLYLOOP((#1871, #1737, #1844));
#7825 = IFCFACEOUTERBOUND(#7824, .T.);
#7826 = IFCFACE((#7825));
#7827 = IFCPOLYLOOP((#2007, #1898, #2654));
#7828 = IFCFACEOUTERBOUND(#7827, .T.);
#7829 = IFCFACE((#7828));
#7830 = IFCPOLYLOOP((#1875, #1848, #1972));
#7831 = IFCFACEOUTERBOUND(#7830, .T.);
#7832 = IFCFACE((#7831));
#7833 = IFCPOLYLOOP((#1816, #1812, #1922));
#7834 = IFCFACEOUTERBOUND(#7833, .T.);
#7835 = IFCFACE((#7834));
#7836 = IFCPOLYLOOP((#1867, #1828, #1943));
#7837 = IFCFACEOUTERBOUND(#7836, .T.);
#7838 = IFCFACE((#7837));
#7839 = IFCPOLYLOOP((#1832, #1867, #1947));
#7840 = IFCFACEOUTERBOUND(#7839, .T.);
#7841 = IFCFACE((#7840));
#7842 = IFCPOLYLOOP((#1971, #1871, #1967));
#7843 = IFCFACEOUTERBOUND(#7842, .T.);
#7844 = IFCFACE((#7843));
#7845 = IFCPOLYLOOP((#1980, #1891, #1976));
#7846 = IFCFACEOUTERBOUND(#7845, .T.);
#7847 = IFCFACE((#7846));
#7848 = IFCPOLYLOOP((#1931, #2007, #2006));
#7849 = IFCFACEOUTERBOUND(#7848, .T.);
#7850 = IFCFACE((#7849));
#7851 = IFCPOLYLOOP((#1951, #1947, #2016));
#7852 = IFCFACEOUTERBOUND(#7851, .T.);
#7853 = IFCFACE((#7852));
#7854 = IFCPOLYLOOP((#1966, #1956, #2024));
#7855 = IFCFACEOUTERBOUND(#7854, .T.);
#7856 = IFCFACE((#7855));
#7857 = IFCPOLYLOOP((#1980, #1976, #2040));
#7858 = IFCFACEOUTERBOUND(#7857, .T.);
#7859 = IFCFACE((#7858));
#7860 = IFCPOLYLOOP((#2012, #1939, #2058));
#7861 = IFCFACEOUTERBOUND(#7860, .T.);
#7862 = IFCFACE((#7861));
#7863 = IFCPOLYLOOP((#2066, #1951, #2062));
#7864 = IFCFACEOUTERBOUND(#7863, .T.);
#7865 = IFCFACE((#7864));
#7866 = IFCPOLYLOOP((#2079, #1966, #2075));
#7867 = IFCFACEOUTERBOUND(#7866, .T.);
#7868 = IFCFACE((#7867));
#7869 = IFCPOLYLOOP((#2083, #1967, #2079));
#7870 = IFCFACEOUTERBOUND(#7869, .T.);
#7871 = IFCFACE((#7870));
#7872 = IFCPOLYLOOP((#2028, #1971, #2083));
#7873 = IFCFACEOUTERBOUND(#7872, .T.);
#7874 = IFCFACE((#7873));
#7875 = IFCPOLYLOOP((#2761, #2002, #2102));
#7876 = IFCFACEOUTERBOUND(#7875, .T.);
#7877 = IFCFACE((#7876));
#7878 = IFCPOLYLOOP((#2051, #2124, #2130));
#7879 = IFCFACEOUTERBOUND(#7878, .T.);
#7880 = IFCFACE((#7879));
#7881 = IFCPOLYLOOP((#2012, #2058, #2237));
#7882 = IFCFACEOUTERBOUND(#7881, .T.);
#7883 = IFCFACE((#7882));
#7884 = IFCPOLYLOOP((#2062, #2016, #2142));
#7885 = IFCFACEOUTERBOUND(#7884, .T.);
#7886 = IFCFACE((#7885));
#7887 = IFCPOLYLOOP((#2106, #2066, #2150));
#7888 = IFCFACEOUTERBOUND(#7887, .T.);
#7889 = IFCFACE((#7888));
#7890 = IFCPOLYLOOP((#2170, #2083, #2163));
#7891 = IFCFACEOUTERBOUND(#7890, .T.);
#7892 = IFCFACE((#7891));
#7893 = IFCPOLYLOOP((#2207, #2170, #2303));
#7894 = IFCFACEOUTERBOUND(#7893, .T.);
#7895 = IFCFACE((#7894));
#7896 = IFCPOLYLOOP((#2179, #2178, #2358));
#7897 = IFCFACEOUTERBOUND(#7896, .T.);
#7898 = IFCFACE((#7897));
#7899 = IFCPOLYLOOP((#2191, #2187, #2266));
#7900 = IFCFACEOUTERBOUND(#7899, .T.);
#7901 = IFCFACE((#7900));
#7902 = IFCPOLYLOOP((#2222, #2218, #2278));
#7903 = IFCFACEOUTERBOUND(#7902, .T.);
#7904 = IFCFACE((#7903));
#7905 = IFCPOLYLOOP((#2319, #2226, #2125));
#7906 = IFCFACEOUTERBOUND(#7905, .T.);
#7907 = IFCFACE((#7906));
#7908 = IFCPOLYLOOP((#2295, #2200, #2291));
#7909 = IFCFACEOUTERBOUND(#7908, .T.);
#7910 = IFCFACE((#7909));
#7911 = IFCPOLYLOOP((#2253, #2249, #2429));
#7912 = IFCFACEOUTERBOUND(#7911, .T.);
#7913 = IFCFACE((#7912));
#7914 = IFCPOLYLOOP((#2342, #2253, #2429));
#7915 = IFCFACEOUTERBOUND(#7914, .T.);
#7916 = IFCFACE((#7915));
#7917 = IFCPOLYLOOP((#2346, #2299, #2477));
#7918 = IFCFACEOUTERBOUND(#7917, .T.);
#7919 = IFCFACE((#7918));
#7920 = IFCPOLYLOOP((#2393, #2363, #2438));
#7921 = IFCFACEOUTERBOUND(#7920, .T.);
#7922 = IFCFACE((#7921));
#7923 = IFCPOLYLOOP((#2367, #2270, #2445));
#7924 = IFCFACEOUTERBOUND(#7923, .T.);
#7925 = IFCFACE((#7924));
#7926 = IFCPOLYLOOP((#2342, #2429, #2451));
#7927 = IFCFACEOUTERBOUND(#7926, .T.);
#7928 = IFCFACE((#7927));
#7929 = IFCPOLYLOOP((#2405, #2406, #2500));
#7930 = IFCFACEOUTERBOUND(#7929, .T.);
#7931 = IFCFACE((#7930));
#7932 = IFCPOLYLOOP((#2464, #2286, #2460));
#7933 = IFCFACEOUTERBOUND(#7932, .T.);
#7934 = IFCFACE((#7933));
#7935 = IFCPOLYLOOP((#2477, #2383, #2472));
#7936 = IFCFACEOUTERBOUND(#7935, .T.);
#7937 = IFCFACE((#7936));
#7938 = IFCPOLYLOOP((#2314, #2394, #2492));
#7939 = IFCFACEOUTERBOUND(#7938, .T.);
#7940 = IFCFACE((#7939));
#7941 = IFCPOLYLOOP((#2455, #2371, #2528));
#7942 = IFCFACEOUTERBOUND(#7941, .T.);
#7943 = IFCFACE((#7942));
#7944 = IFCPOLYLOOP((#2505, #2500, #2561));
#7945 = IFCFACEOUTERBOUND(#7944, .T.);
#7946 = IFCFACE((#7945));
#7947 = IFCPOLYLOOP((#2549, #2437, #2545));
#7948 = IFCFACEOUTERBOUND(#7947, .T.);
#7949 = IFCFACE((#7948));
#7950 = IFCPOLYLOOP((#2446, #2401, #2822));
#7951 = IFCFACEOUTERBOUND(#7950, .T.);
#7952 = IFCFACE((#7951));
#7953 = IFCPOLYLOOP((#2589, #2450, #2585));
#7954 = IFCFACEOUTERBOUND(#7953, .T.);
#7955 = IFCFACE((#7954));
#7956 = IFCPOLYLOOP((#2593, #2528, #2589));
#7957 = IFCFACEOUTERBOUND(#7956, .T.);
#7958 = IFCFACE((#7957));
#7959 = IFCPOLYLOOP((#2620, #2476, #2616));
#7960 = IFCFACEOUTERBOUND(#7959, .T.);
#7961 = IFCFACE((#7960));
#7962 = IFCPOLYLOOP((#2560, #2561, #2686));
#7963 = IFCFACEOUTERBOUND(#7962, .T.);
#7964 = IFCFACE((#7963));
#7965 = IFCPOLYLOOP((#2624, #2484, #1540));
#7966 = IFCFACEOUTERBOUND(#7965, .T.);
#7967 = IFCFACE((#7966));
#7968 = IFCPOLYLOOP((#2761, #1236, #1235));
#7969 = IFCFACEOUTERBOUND(#7968, .T.);
#7970 = IFCFACE((#7969));
#7971 = IFCPOLYLOOP((#2278, #2367, #2771));
#7972 = IFCFACEOUTERBOUND(#7971, .T.);
#7973 = IFCFACE((#7972));
#7974 = IFCPOLYLOOP((#2536, #2771, #2367));
#7975 = IFCFACEOUTERBOUND(#7974, .T.);
#7976 = IFCFACE((#7975));
#7977 = IFCPOLYLOOP((#1352, #1398, #1296));
#7978 = IFCFACEOUTERBOUND(#7977, .T.);
#7979 = IFCFACE((#7978));
#7980 = IFCPOLYLOOP((#1473, #2593, #2585));
#7981 = IFCFACEOUTERBOUND(#7980, .T.);
#7982 = IFCFACE((#7981));
#7983 = IFCPOLYLOOP((#2594, #1483, #2604));
#7984 = IFCFACEOUTERBOUND(#7983, .T.);
#7985 = IFCFACE((#7984));
#7986 = IFCPOLYLOOP((#2838, #2840, #3105));
#7987 = IFCFACEOUTERBOUND(#7986, .T.);
#7988 = IFCFACE((#7987));
#7989 = IFCPOLYLOOP((#2851, #2839, #2838));
#7990 = IFCFACEOUTERBOUND(#7989, .T.);
#7991 = IFCFACE((#7990));
#7992 = IFCPOLYLOOP((#3091, #2839, #2851));
#7993 = IFCFACEOUTERBOUND(#7992, .T.);
#7994 = IFCFACE((#7993));
#7995 = IFCPOLYLOOP((#2846, #3091, #2851));
#7996 = IFCFACEOUTERBOUND(#7995, .T.);
#7997 = IFCFACE((#7996));
#7998 = IFCPOLYLOOP((#3087, #3091, #2846));
#7999 = IFCFACEOUTERBOUND(#7998, .T.);
#8000 = IFCFACE((#7999));
#8001 = IFCPOLYLOOP((#2845, #3087, #2846));
#8002 = IFCFACEOUTERBOUND(#8001, .T.);
#8003 = IFCFACE((#8002));
#8004 = IFCPOLYLOOP((#2838, #3105, #2860));
#8005 = IFCFACEOUTERBOUND(#8004, .T.);
#8006 = IFCFACE((#8005));
#8007 = IFCPOLYLOOP((#2851, #2838, #2860));
#8008 = IFCFACEOUTERBOUND(#8007, .T.);
#8009 = IFCFACE((#8008));
#8010 = IFCPOLYLOOP((#2844, #2846, #2855));
#8011 = IFCFACEOUTERBOUND(#8010, .T.);
#8012 = IFCFACE((#8011));
#8013 = IFCPOLYLOOP((#2859, #2860, #2869));
#8014 = IFCFACEOUTERBOUND(#8013, .T.);
#8015 = IFCFACE((#8014));
#8016 = IFCPOLYLOOP((#2850, #2851, #2859));
#8017 = IFCFACEOUTERBOUND(#8016, .T.);
#8018 = IFCFACE((#8017));
#8019 = IFCPOLYLOOP((#2873, #2859, #2868));
#8020 = IFCFACEOUTERBOUND(#8019, .T.);
#8021 = IFCFACE((#8020));
#8022 = IFCPOLYLOOP((#2887, #3067, #2882));
#8023 = IFCFACEOUTERBOUND(#8022, .T.);
#8024 = IFCFACE((#8023));
#8025 = IFCPOLYLOOP((#2904, #2898, #2897));
#8026 = IFCFACEOUTERBOUND(#8025, .T.);
#8027 = IFCFACE((#8026));
#8028 = IFCPOLYLOOP((#2910, #2903, #2902));
#8029 = IFCFACEOUTERBOUND(#8028, .T.);
#8030 = IFCFACE((#8029));
#8031 = IFCPOLYLOOP((#2888, #2882, #2927));
#8032 = IFCFACEOUTERBOUND(#8031, .T.);
#8033 = IFCFACE((#8032));
#8034 = IFCPOLYLOOP((#2892, #2888, #2931));
#8035 = IFCFACEOUTERBOUND(#8034, .T.);
#8036 = IFCFACE((#8035));
#8037 = IFCPOLYLOOP((#2897, #2892, #2935));
#8038 = IFCFACEOUTERBOUND(#8037, .T.);
#8039 = IFCFACE((#8038));
#8040 = IFCPOLYLOOP((#2902, #2904, #2939));
#8041 = IFCFACEOUTERBOUND(#8040, .T.);
#8042 = IFCFACE((#8041));
#8043 = IFCPOLYLOOP((#2910, #2902, #2943));
#8044 = IFCFACEOUTERBOUND(#8043, .T.);
#8045 = IFCFACE((#8044));
#8046 = IFCPOLYLOOP((#2881, #5793, #2955));
#8047 = IFCFACEOUTERBOUND(#8046, .T.);
#8048 = IFCFACE((#8047));
#8049 = IFCPOLYLOOP((#3086, #2947, #2964));
#8050 = IFCFACEOUTERBOUND(#8049, .T.);
#8051 = IFCFACE((#8050));
#8052 = IFCPOLYLOOP((#3116, #2999, #2922));
#8053 = IFCFACEOUTERBOUND(#8052, .T.);
#8054 = IFCFACE((#8053));
#8055 = IFCPOLYLOOP((#2968, #2926, #2998));
#8056 = IFCFACEOUTERBOUND(#8055, .T.);
#8057 = IFCFACE((#8056));
#8058 = IFCPOLYLOOP((#2980, #2968, #3008));
#8059 = IFCFACEOUTERBOUND(#8058, .T.);
#8060 = IFCFACE((#8059));
#8061 = IFCPOLYLOOP((#3024, #2987, #3020));
#8062 = IFCFACEOUTERBOUND(#8061, .T.);
#8063 = IFCFACE((#8062));
#8064 = IFCPOLYLOOP((#2998, #2999, #3029));
#8065 = IFCFACEOUTERBOUND(#8064, .T.);
#8066 = IFCFACE((#8065));
#8067 = IFCPOLYLOOP((#3025, #3020, #3054));
#8068 = IFCFACEOUTERBOUND(#8067, .T.);
#8069 = IFCFACE((#8068));
#8070 = IFCPOLYLOOP((#3142, #3147, #3152));
#8071 = IFCFACEOUTERBOUND(#8070, .T.);
#8072 = IFCFACE((#8071));
#8073 = IFCPOLYLOOP((#3137, #3120, #2646));
#8074 = IFCFACEOUTERBOUND(#8073, .T.);
#8075 = IFCFACE((#8074));
#8076 = IFCPOLYLOOP((#3138, #3133, #3217));
#8077 = IFCFACEOUTERBOUND(#8076, .T.);
#8078 = IFCFACE((#8077));
#8079 = IFCPOLYLOOP((#3120, #3137, #3192));
#8080 = IFCFACEOUTERBOUND(#8079, .T.);
#8081 = IFCFACE((#8080));
#8082 = IFCPOLYLOOP((#3170, #3165, #3211));
#8083 = IFCFACEOUTERBOUND(#8082, .T.);
#8084 = IFCFACE((#8083));
#8085 = IFCPOLYLOOP((#3199, #3192, #3227));
#8086 = IFCFACEOUTERBOUND(#8085, .T.);
#8087 = IFCFACE((#8086));
#8088 = IFCPOLYLOOP((#3231, #3227, #3275));
#8089 = IFCFACEOUTERBOUND(#8088, .T.);
#8090 = IFCFACE((#8089));
#8091 = IFCPOLYLOOP((#3284, #3231, #3280));
#8092 = IFCFACEOUTERBOUND(#8091, .T.);
#8093 = IFCFACE((#8092));
#8094 = IFCPOLYLOOP((#3274, #3257, #3349));
#8095 = IFCFACEOUTERBOUND(#8094, .T.);
#8096 = IFCFACE((#8095));
#8097 = IFCPOLYLOOP((#3327, #3274, #3404));
#8098 = IFCFACEOUTERBOUND(#8097, .T.);
#8099 = IFCFACE((#8098));
#8100 = IFCPOLYLOOP((#3303, #3279, #3354));
#8101 = IFCFACEOUTERBOUND(#8100, .T.);
#8102 = IFCFACE((#8101));
#8103 = IFCPOLYLOOP((#3349, #3345, #3416));
#8104 = IFCFACEOUTERBOUND(#8103, .T.);
#8105 = IFCFACE((#8104));
#8106 = IFCPOLYLOOP((#3369, #3365, #3409));
#8107 = IFCFACEOUTERBOUND(#8106, .T.);
#8108 = IFCFACE((#8107));
#8109 = IFCPOLYLOOP((#3399, #3378, #3397));
#8110 = IFCFACEOUTERBOUND(#8109, .T.);
#8111 = IFCFACE((#8110));
#8112 = IFCPOLYLOOP((#3350, #3349, #3416));
#8113 = IFCFACEOUTERBOUND(#8112, .T.);
#8114 = IFCFACE((#8113));
#8115 = IFCPOLYLOOP((#3393, #3373, #3408));
#8116 = IFCFACEOUTERBOUND(#8115, .T.);
#8117 = IFCFACE((#8116));
#8118 = IFCPOLYLOOP((#3441, #3403, #3437));
#8119 = IFCFACEOUTERBOUND(#8118, .T.);
#8120 = IFCFACE((#8119));
#8121 = IFCPOLYLOOP((#3448, #3408, #3470));
#8122 = IFCFACEOUTERBOUND(#8121, .T.);
#8123 = IFCFACE((#8122));
#8124 = IFCPOLYLOOP((#3470, #3433, #3456));
#8125 = IFCFACEOUTERBOUND(#8124, .T.);
#8126 = IFCFACE((#8125));
#8127 = IFCPOLYLOOP((#3456, #3429, #3465));
#8128 = IFCFACEOUTERBOUND(#8127, .T.);
#8129 = IFCFACE((#8128));
#8130 = IFCPOLYLOOP((#4119, #3452, #8131));
#8131 = IFCCARTESIANPOINT((1.41478317260742E-1, -5.98454711914063E-1, 3.45997253417969E-1));
#8132 = IFCFACEOUTERBOUND(#8130, .T.);
#8133 = IFCFACE((#8132));
#8134 = IFCPOLYLOOP((#3484, #3417, #5544));
#8135 = IFCFACEOUTERBOUND(#8134, .T.);
#8136 = IFCFACE((#8135));
#8137 = IFCPOLYLOOP((#3496, #3437, #3492));
#8138 = IFCFACEOUTERBOUND(#8137, .T.);
#8139 = IFCFACE((#8138));
#8140 = IFCPOLYLOOP((#4119, #8131, #3509));
#8141 = IFCFACEOUTERBOUND(#8140, .T.);
#8142 = IFCFACE((#8141));
#8143 = IFCPOLYLOOP((#3484, #5544, #3549));
#8144 = IFCFACEOUTERBOUND(#8143, .T.);
#8145 = IFCFACE((#8144));
#8146 = IFCPOLYLOOP((#3537, #3500, #3533));
#8147 = IFCFACEOUTERBOUND(#8146, .T.);
#8148 = IFCFACE((#8147));
#8149 = IFCPOLYLOOP((#3569, #3501, #3537));
#8150 = IFCFACEOUTERBOUND(#8149, .T.);
#8151 = IFCFACE((#8150));
#8152 = IFCPOLYLOOP((#3513, #3484, #3548));
#8153 = IFCFACEOUTERBOUND(#8152, .T.);
#8154 = IFCFACE((#8153));
#8155 = IFCPOLYLOOP((#3557, #3525, #3553));
#8156 = IFCFACEOUTERBOUND(#8155, .T.);
#8157 = IFCFACE((#8156));
#8158 = IFCPOLYLOOP((#3561, #3529, #3557));
#8159 = IFCFACEOUTERBOUND(#8158, .T.);
#8160 = IFCFACE((#8159));
#8161 = IFCPOLYLOOP((#3573, #3569, #3568));
#8162 = IFCFACEOUTERBOUND(#8161, .T.);
#8163 = IFCFACE((#8162));
#8164 = IFCPOLYLOOP((#3594, #3561, #3590));
#8165 = IFCFACEOUTERBOUND(#8164, .T.);
#8166 = IFCFACE((#8165));
#8167 = IFCPOLYLOOP((#3573, #3568, #3594));
#8168 = IFCFACEOUTERBOUND(#8167, .T.);
#8169 = IFCFACE((#8168));
#8170 = IFCPOLYLOOP((#3633, #3598, #3658));
#8171 = IFCFACEOUTERBOUND(#8170, .T.);
#8172 = IFCFACE((#8171));
#8173 = IFCPOLYLOOP((#3641, #3611, #3670));
#8174 = IFCFACEOUTERBOUND(#8173, .T.);
#8175 = IFCFACE((#8174));
#8176 = IFCPOLYLOOP((#3645, #3589, #3641));
#8177 = IFCFACEOUTERBOUND(#8176, .T.);
#8178 = IFCFACE((#8177));
#8179 = IFCPOLYLOOP((#3659, #3626, #3654));
#8180 = IFCFACEOUTERBOUND(#8179, .T.);
#8181 = IFCFACE((#8180));
#8182 = IFCPOLYLOOP((#3663, #3658, #3659));
#8183 = IFCFACEOUTERBOUND(#8182, .T.);
#8184 = IFCFACE((#8183));
#8185 = IFCPOLYLOOP((#3663, #3659, #3678));
#8186 = IFCFACEOUTERBOUND(#8185, .T.);
#8187 = IFCFACE((#8186));
#8188 = IFCPOLYLOOP((#3710, #3674, #3706));
#8189 = IFCFACEOUTERBOUND(#8188, .T.);
#8190 = IFCFACE((#8189));
#8191 = IFCPOLYLOOP((#3714, #3678, #3710));
#8192 = IFCFACEOUTERBOUND(#8191, .T.);
#8193 = IFCFACE((#8192));
#8194 = IFCPOLYLOOP((#3752, #3698, #3723));
#8195 = IFCFACEOUTERBOUND(#8194, .T.);
#8196 = IFCFACE((#8195));
#8197 = IFCPOLYLOOP((#3702, #3682, #3752));
#8198 = IFCFACEOUTERBOUND(#8197, .T.);
#8199 = IFCFACE((#8198));
#8200 = IFCPOLYLOOP((#3734, #3706, #3730));
#8201 = IFCFACEOUTERBOUND(#8200, .T.);
#8202 = IFCFACE((#8201));
#8203 = IFCPOLYLOOP((#4220, #3715, #3743));
#8204 = IFCFACEOUTERBOUND(#8203, .T.);
#8205 = IFCFACE((#8204));
#8206 = IFCPOLYLOOP((#3747, #3693, #3778));
#8207 = IFCFACEOUTERBOUND(#8206, .T.);
#8208 = IFCFACE((#8207));
#8209 = IFCPOLYLOOP((#3756, #3752, #3751));
#8210 = IFCFACEOUTERBOUND(#8209, .T.);
#8211 = IFCFACE((#8210));
#8212 = IFCPOLYLOOP((#3738, #3734, #3764));
#8213 = IFCFACEOUTERBOUND(#8212, .T.);
#8214 = IFCFACE((#8213));
#8215 = IFCPOLYLOOP((#3739, #3738, #3769));
#8216 = IFCFACEOUTERBOUND(#8215, .T.);
#8217 = IFCFACE((#8216));
#8218 = IFCPOLYLOOP((#3743, #3714, #3739));
#8219 = IFCFACEOUTERBOUND(#8218, .T.);
#8220 = IFCFACE((#8219));
#8221 = IFCPOLYLOOP((#3828, #3787, #3823));
#8222 = IFCFACEOUTERBOUND(#8221, .T.);
#8223 = IFCFACE((#8222));
#8224 = IFCPOLYLOOP((#4235, #3774, #3843));
#8225 = IFCFACEOUTERBOUND(#8224, .T.);
#8226 = IFCFACE((#8225));
#8227 = IFCPOLYLOOP((#3835, #3801, #3874));
#8228 = IFCFACEOUTERBOUND(#8227, .T.);
#8229 = IFCFACE((#8228));
#8230 = IFCPOLYLOOP((#3882, #3842, #3878));
#8231 = IFCFACEOUTERBOUND(#8230, .T.);
#8232 = IFCFACE((#8231));
#8233 = IFCPOLYLOOP((#3886, #3843, #3882));
#8234 = IFCFACEOUTERBOUND(#8233, .T.);
#8235 = IFCFACE((#8234));
#8236 = IFCPOLYLOOP((#3863, #3856, #3899));
#8237 = IFCFACEOUTERBOUND(#8236, .T.);
#8238 = IFCFACE((#8237));
#8239 = IFCPOLYLOOP((#3878, #3835, #3914));
#8240 = IFCFACEOUTERBOUND(#8239, .T.);
#8241 = IFCFACE((#8240));
#8242 = IFCPOLYLOOP((#3882, #3878, #3918));
#8243 = IFCFACEOUTERBOUND(#8242, .T.);
#8244 = IFCFACE((#8243));
#8245 = IFCPOLYLOOP((#3899, #3852, #3895));
#8246 = IFCFACEOUTERBOUND(#8245, .T.);
#8247 = IFCFACE((#8246));
#8248 = IFCPOLYLOOP((#3914, #8249, #3927));
#8249 = IFCCARTESIANPOINT((1.71223709106445E-1, -3.98990783691406E-1, 2.87696472167969E-1));
#8250 = IFCFACEOUTERBOUND(#8248, .T.);
#8251 = IFCFACE((#8250));
#8252 = IFCPOLYLOOP((#3918, #3914, #3931));
#8253 = IFCFACEOUTERBOUND(#8252, .T.);
#8254 = IFCFACE((#8253));
#8255 = IFCPOLYLOOP((#3939, #3922, #3975));
#8256 = IFCFACEOUTERBOUND(#8255, .T.);
#8257 = IFCFACE((#8256));
#8258 = IFCPOLYLOOP((#3960, #3944, #3987));
#8259 = IFCFACEOUTERBOUND(#8258, .T.);
#8260 = IFCFACE((#8259));
#8261 = IFCPOLYLOOP((#3994, #3964, #4200));
#8262 = IFCFACEOUTERBOUND(#8261, .T.);
#8263 = IFCFACE((#8262));
#8264 = IFCPOLYLOOP((#3935, #3931, #4009));
#8265 = IFCFACEOUTERBOUND(#8264, .T.);
#8266 = IFCFACE((#8265));
#8267 = IFCPOLYLOOP((#4002, #3998, #3058));
#8268 = IFCFACEOUTERBOUND(#8267, .T.);
#8269 = IFCFACE((#8268));
#8270 = IFCPOLYLOOP((#4104, #3398, #4111));
#8271 = IFCFACEOUTERBOUND(#8270, .T.);
#8272 = IFCFACE((#8271));
#8273 = IFCPOLYLOOP((#3521, #4132, #4119));
#8274 = IFCFACEOUTERBOUND(#8273, .T.);
#8275 = IFCFACE((#8274));
#8276 = IFCPOLYLOOP((#3979, #4187, #3066));
#8277 = IFCFACEOUTERBOUND(#8276, .T.);
#8278 = IFCFACE((#8277));
#8279 = IFCPOLYLOOP((#4002, #3062, #4009));
#8280 = IFCFACEOUTERBOUND(#8279, .T.);
#8281 = IFCFACE((#8280));
#8282 = IFCPOLYLOOP((#4200, #2886, #2893));
#8283 = IFCFACEOUTERBOUND(#8282, .T.);
#8284 = IFCFACE((#8283));
#8285 = IFCPOLYLOOP((#3062, #4013, #4009));
#8286 = IFCFACEOUTERBOUND(#8285, .T.);
#8287 = IFCFACE((#8286));
#8288 = IFCPOLYLOOP((#3075, #3082, #2914));
#8289 = IFCFACEOUTERBOUND(#8288, .T.);
#8290 = IFCFACE((#8289));
#8291 = IFCPOLYLOOP((#4259, #4221, #4252));
#8292 = IFCFACEOUTERBOUND(#8291, .T.);
#8293 = IFCFACE((#8292));
#8294 = IFCPOLYLOOP((#4132, #4124, #4271));
#8295 = IFCFACEOUTERBOUND(#8294, .T.);
#8296 = IFCFACE((#8295));
#8297 = IFCPOLYLOOP((#4279, #4115, #4270));
#8298 = IFCFACEOUTERBOUND(#8297, .T.);
#8299 = IFCFACE((#8298));
#8300 = IFCPOLYLOOP((#4111, #4115, #4279));
#8301 = IFCFACEOUTERBOUND(#8300, .T.);
#8302 = IFCFACE((#8301));
#8303 = IFCPOLYLOOP((#4104, #4111, #4278));
#8304 = IFCFACEOUTERBOUND(#8303, .T.);
#8305 = IFCFACE((#8304));
#8306 = IFCPOLYLOOP((#4097, #4104, #4278));
#8307 = IFCFACEOUTERBOUND(#8306, .T.);
#8308 = IFCFACE((#8307));
#8309 = IFCPOLYLOOP((#4089, #4097, #4283));
#8310 = IFCFACEOUTERBOUND(#8309, .T.);
#8311 = IFCFACE((#8310));
#8312 = IFCPOLYLOOP((#4070, #4082, #4290));
#8313 = IFCFACEOUTERBOUND(#8312, .T.);
#8314 = IFCFACE((#8313));
#8315 = IFCPOLYLOOP((#4071, #4070, #4290));
#8316 = IFCFACEOUTERBOUND(#8315, .T.);
#8317 = IFCFACE((#8316));
#8318 = IFCPOLYLOOP((#4239, #2845, #2844));
#8319 = IFCFACEOUTERBOUND(#8318, .T.);
#8320 = IFCFACE((#8319));
#8321 = IFCPOLYLOOP((#4302, #4239, #4297));
#8322 = IFCFACEOUTERBOUND(#8321, .T.);
#8323 = IFCFACE((#8322));
#8324 = IFCPOLYLOOP((#4252, #3887, #4301));
#8325 = IFCFACEOUTERBOUND(#8324, .T.);
#8326 = IFCFACE((#8325));
#8327 = IFCPOLYLOOP((#4263, #4128, #4306));
#8328 = IFCFACEOUTERBOUND(#8327, .T.);
#8329 = IFCFACE((#8328));
#8330 = IFCPOLYLOOP((#4283, #4278, #4313));
#8331 = IFCFACEOUTERBOUND(#8330, .T.);
#8332 = IFCFACE((#8331));
#8333 = IFCPOLYLOOP((#4081, #4093, #4317));
#8334 = IFCFACEOUTERBOUND(#8333, .T.);
#8335 = IFCFACE((#8334));
#8336 = IFCPOLYLOOP((#4290, #4081, #4321));
#8337 = IFCFACEOUTERBOUND(#8336, .T.);
#8338 = IFCFACE((#8337));
#8339 = IFCPOLYLOOP((#4329, #4290, #4325));
#8340 = IFCFACEOUTERBOUND(#8339, .T.);
#8341 = IFCFACE((#8340));
#8342 = IFCPOLYLOOP((#1663, #4071, #4329));
#8343 = IFCFACEOUTERBOUND(#8342, .T.);
#8344 = IFCFACE((#8343));
#8345 = IFCPOLYLOOP((#4302, #4297, #4367));
#8346 = IFCFACEOUTERBOUND(#8345, .T.);
#8347 = IFCFACE((#8346));
#8348 = IFCPOLYLOOP((#4333, #4302, #4367));
#8349 = IFCFACEOUTERBOUND(#8348, .T.);
#8350 = IFCFACE((#8349));
#8351 = IFCPOLYLOOP((#4337, #4301, #4333));
#8352 = IFCFACEOUTERBOUND(#8351, .T.);
#8353 = IFCFACE((#8352));
#8354 = IFCPOLYLOOP((#4341, #4252, #4337));
#8355 = IFCFACEOUTERBOUND(#8354, .T.);
#8356 = IFCFACE((#8355));
#8357 = IFCPOLYLOOP((#4306, #4259, #4341));
#8358 = IFCFACEOUTERBOUND(#8357, .T.);
#8359 = IFCFACE((#8358));
#8360 = IFCPOLYLOOP((#4349, #4263, #4345));
#8361 = IFCFACEOUTERBOUND(#8360, .T.);
#8362 = IFCFACE((#8361));
#8363 = IFCPOLYLOOP((#4270, #4271, #4353));
#8364 = IFCFACEOUTERBOUND(#8363, .T.);
#8365 = IFCFACE((#8364));
#8366 = IFCPOLYLOOP((#4317, #4283, #4360));
#8367 = IFCFACEOUTERBOUND(#8366, .T.);
#8368 = IFCFACE((#8367));
#8369 = IFCPOLYLOOP((#4367, #4297, #2864));
#8370 = IFCFACEOUTERBOUND(#8369, .T.);
#8371 = IFCFACE((#8370));
#8372 = IFCPOLYLOOP((#4378, #4341, #4371));
#8373 = IFCFACEOUTERBOUND(#8372, .T.);
#8374 = IFCFACE((#8373));
#8375 = IFCPOLYLOOP((#4345, #4306, #4378));
#8376 = IFCFACEOUTERBOUND(#8375, .T.);
#8377 = IFCFACE((#8376));
#8378 = IFCPOLYLOOP((#4353, #4349, #4382));
#8379 = IFCFACEOUTERBOUND(#8378, .T.);
#8380 = IFCFACE((#8379));
#8381 = IFCPOLYLOOP((#4279, #4353, #4387));
#8382 = IFCFACEOUTERBOUND(#8381, .T.);
#8383 = IFCFACE((#8382));
#8384 = IFCPOLYLOOP((#4313, #4279, #4387));
#8385 = IFCFACEOUTERBOUND(#8384, .T.);
#8386 = IFCFACE((#8385));
#8387 = IFCPOLYLOOP((#4360, #4313, #4386));
#8388 = IFCFACEOUTERBOUND(#8387, .T.);
#8389 = IFCFACE((#8388));
#8390 = IFCPOLYLOOP((#4321, #4317, #4391));
#8391 = IFCFACEOUTERBOUND(#8390, .T.);
#8392 = IFCFACE((#8391));
#8393 = IFCPOLYLOOP((#4325, #4321, #4395));
#8394 = IFCFACEOUTERBOUND(#8393, .T.);
#8395 = IFCFACE((#8394));
#8396 = IFCPOLYLOOP((#1668, #4329, #4436));
#8397 = IFCFACEOUTERBOUND(#8396, .T.);
#8398 = IFCFACE((#8397));
#8399 = IFCPOLYLOOP((#4371, #4333, #4409));
#8400 = IFCFACEOUTERBOUND(#8399, .T.);
#8401 = IFCFACE((#8400));
#8402 = IFCPOLYLOOP((#4387, #4353, #4416));
#8403 = IFCFACEOUTERBOUND(#8402, .T.);
#8404 = IFCFACE((#8403));
#8405 = IFCPOLYLOOP((#4391, #4360, #4386));
#8406 = IFCFACEOUTERBOUND(#8405, .T.);
#8407 = IFCFACE((#8406));
#8408 = IFCPOLYLOOP((#4409, #2864, #4452));
#8409 = IFCFACEOUTERBOUND(#8408, .T.);
#8410 = IFCFACE((#8409));
#8411 = IFCPOLYLOOP((#4460, #4409, #4452));
#8412 = IFCFACEOUTERBOUND(#8411, .T.);
#8413 = IFCFACE((#8412));
#8414 = IFCPOLYLOOP((#4371, #4409, #4460));
#8415 = IFCFACEOUTERBOUND(#8414, .T.);
#8416 = IFCFACE((#8415));
#8417 = IFCPOLYLOOP((#4456, #4371, #4460));
#8418 = IFCFACEOUTERBOUND(#8417, .T.);
#8419 = IFCFACE((#8418));
#8420 = IFCPOLYLOOP((#4378, #4371, #4456));
#8421 = IFCFACEOUTERBOUND(#8420, .T.);
#8422 = IFCFACE((#8421));
#8423 = IFCPOLYLOOP((#4416, #4382, #4420));
#8424 = IFCFACEOUTERBOUND(#8423, .T.);
#8425 = IFCFACE((#8424));
#8426 = IFCPOLYLOOP((#4386, #4387, #4424));
#8427 = IFCFACEOUTERBOUND(#8426, .T.);
#8428 = IFCFACE((#8427));
#8429 = IFCPOLYLOOP((#4391, #4386, #4428));
#8430 = IFCFACEOUTERBOUND(#8429, .T.);
#8431 = IFCFACE((#8430));
#8432 = IFCPOLYLOOP((#4399, #4395, #4432));
#8433 = IFCFACEOUTERBOUND(#8432, .T.);
#8434 = IFCFACE((#8433));
#8435 = IFCPOLYLOOP((#4235, #3887, #4252));
#8436 = IFCFACEOUTERBOUND(#8435, .T.);
#8437 = IFCFACE((#8436));
#8438 = IFCPOLYLOOP((#4622, #4475, #4474));
#8439 = IFCFACEOUTERBOUND(#8438, .T.);
#8440 = IFCFACE((#8439));
#8441 = IFCPOLYLOOP((#4701, #4697, #4696));
#8442 = IFCFACEOUTERBOUND(#8441, .T.);
#8443 = IFCFACE((#8442));
#8444 = IFCPOLYLOOP((#4690, #4692, #4701));
#8445 = IFCFACEOUTERBOUND(#8444, .T.);
#8446 = IFCFACE((#8445));
#8447 = IFCPOLYLOOP((#4709, #4696, #1458));
#8448 = IFCFACEOUTERBOUND(#8447, .T.);
#8449 = IFCFACE((#8448));
#8450 = IFCPOLYLOOP((#4713, #4701, #4709));
#8451 = IFCFACEOUTERBOUND(#8450, .T.);
#8452 = IFCFACE((#8451));
#8453 = IFCPOLYLOOP((#4623, #4713, #4709));
#8454 = IFCFACEOUTERBOUND(#8453, .T.);
#8455 = IFCFACE((#8454));
#8456 = IFCPOLYLOOP((#1451, #4588, #1458));
#8457 = IFCFACEOUTERBOUND(#8456, .T.);
#8458 = IFCFACE((#8457));
#8459 = IFCPOLYLOOP((#4739, #4786, #4733));
#8460 = IFCFACEOUTERBOUND(#8459, .T.);
#8461 = IFCFACE((#8460));
#8462 = IFCPOLYLOOP((#4747, #4738, #4737));
#8463 = IFCFACEOUTERBOUND(#8462, .T.);
#8464 = IFCFACE((#8463));
#8465 = IFCPOLYLOOP((#4746, #4737, #4759));
#8466 = IFCFACEOUTERBOUND(#8465, .T.);
#8467 = IFCFACE((#8466));
#8468 = IFCPOLYLOOP((#4768, #4751, #4763));
#8469 = IFCFACEOUTERBOUND(#8468, .T.);
#8470 = IFCFACE((#8469));
#8471 = IFCPOLYLOOP((#4758, #4759, #4768));
#8472 = IFCFACEOUTERBOUND(#8471, .T.);
#8473 = IFCFACE((#8472));
#8474 = IFCPOLYLOOP((#4772, #4763, #4691));
#8475 = IFCFACEOUTERBOUND(#8474, .T.);
#8476 = IFCFACE((#8475));
#8477 = IFCPOLYLOOP((#4747, #4808, #1231));
#8478 = IFCFACEOUTERBOUND(#8477, .T.);
#8479 = IFCFACE((#8478));
#8480 = IFCPOLYLOOP((#4776, #4839, #4828));
#8481 = IFCFACEOUTERBOUND(#8480, .T.);
#8482 = IFCFACE((#8481));
#8483 = IFCPOLYLOOP((#1180, #1187, #4850));
#8484 = IFCFACEOUTERBOUND(#8483, .T.);
#8485 = IFCFACE((#8484));
#8486 = IFCPOLYLOOP((#1181, #1180, #4850));
#8487 = IFCFACEOUTERBOUND(#8486, .T.);
#8488 = IFCFACE((#8487));
#8489 = IFCPOLYLOOP((#1336, #1181, #4854));
#8490 = IFCFACEOUTERBOUND(#8489, .T.);
#8491 = IFCFACE((#8490));
#8492 = IFCPOLYLOOP((#1210, #1231, #4808));
#8493 = IFCFACEOUTERBOUND(#8492, .T.);
#8494 = IFCFACE((#8493));
#8495 = IFCPOLYLOOP((#4859, #1210, #4860));
#8496 = IFCFACEOUTERBOUND(#8495, .T.);
#8497 = IFCFACE((#8496));
#8498 = IFCPOLYLOOP((#1205, #4859, #4858));
#8499 = IFCFACEOUTERBOUND(#8498, .T.);
#8500 = IFCFACE((#8499));
#8501 = IFCPOLYLOOP((#1356, #1205, #4864));
#8502 = IFCFACEOUTERBOUND(#8501, .T.);
#8503 = IFCFACE((#8502));
#8504 = IFCPOLYLOOP((#4860, #4808, #4874));
#8505 = IFCFACEOUTERBOUND(#8504, .T.);
#8506 = IFCFACE((#8505));
#8507 = IFCPOLYLOOP((#4858, #4860, #4878));
#8508 = IFCFACEOUTERBOUND(#8507, .T.);
#8509 = IFCFACE((#8508));
#8510 = IFCPOLYLOOP((#4846, #4864, #4886));
#8511 = IFCFACEOUTERBOUND(#8510, .T.);
#8512 = IFCFACE((#8511));
#8513 = IFCPOLYLOOP((#4854, #4850, #4893));
#8514 = IFCFACEOUTERBOUND(#8513, .T.);
#8515 = IFCFACE((#8514));
#8516 = IFCPOLYLOOP((#4874, #4758, #4828));
#8517 = IFCFACEOUTERBOUND(#8516, .T.);
#8518 = IFCFACE((#8517));
#8519 = IFCPOLYLOOP((#4878, #4874, #4898));
#8520 = IFCFACEOUTERBOUND(#8519, .T.);
#8521 = IFCFACE((#8520));
#8522 = IFCPOLYLOOP((#4886, #4878, #4910));
#8523 = IFCFACEOUTERBOUND(#8522, .T.);
#8524 = IFCFACE((#8523));
#8525 = IFCPOLYLOOP((#4885, #4886, #4909));
#8526 = IFCFACEOUTERBOUND(#8525, .T.);
#8527 = IFCFACE((#8526));
#8528 = IFCPOLYLOOP((#4894, #4885, #4918));
#8529 = IFCFACEOUTERBOUND(#8528, .T.);
#8530 = IFCFACE((#8529));
#8531 = IFCPOLYLOOP((#4920, #4894, #4918));
#8532 = IFCFACEOUTERBOUND(#8531, .T.);
#8533 = IFCFACE((#8532));
#8534 = IFCPOLYLOOP((#4898, #4828, #4839));
#8535 = IFCFACEOUTERBOUND(#8534, .T.);
#8536 = IFCFACE((#8535));
#8537 = IFCPOLYLOOP((#4909, #4910, #4914));
#8538 = IFCFACEOUTERBOUND(#8537, .T.);
#8539 = IFCFACE((#8538));
#8540 = IFCPOLYLOOP((#4944, #1336, #4854));
#8541 = IFCFACEOUTERBOUND(#8540, .T.);
#8542 = IFCFACE((#8541));
#8543 = IFCPOLYLOOP((#8544, #1336, #4944));
#8544 = IFCCARTESIANPOINT((-1.26291435241699E-1, -3.22253112792969E-1, 1.76427169799805E-1));
#8545 = IFCFACEOUTERBOUND(#8543, .T.);
#8546 = IFCFACE((#8545));
#8547 = IFCPOLYLOOP((#2738, #8544, #4944));
#8548 = IFCFACEOUTERBOUND(#8547, .T.);
#8549 = IFCFACE((#8548));
#8550 = IFCPOLYLOOP((#2718, #2738, #4943));
#8551 = IFCFACEOUTERBOUND(#8550, .T.);
#8552 = IFCFACE((#8551));
#8553 = IFCPOLYLOOP((#4993, #4988, #4987));
#8554 = IFCFACEOUTERBOUND(#8553, .T.);
#8555 = IFCFACE((#8554));
#8556 = IFCPOLYLOOP((#4998, #4993, #4992));
#8557 = IFCFACEOUTERBOUND(#8556, .T.);
#8558 = IFCFACE((#8557));
#8559 = IFCPOLYLOOP((#5003, #4998, #4997));
#8560 = IFCFACEOUTERBOUND(#8559, .T.);
#8561 = IFCFACE((#8560));
#8562 = IFCPOLYLOOP((#5044, #5003, #5002));
#8563 = IFCFACEOUTERBOUND(#8562, .T.);
#8564 = IFCFACE((#8563));
#8565 = IFCPOLYLOOP((#4952, #4948, #5018));
#8566 = IFCFACEOUTERBOUND(#8565, .T.);
#8567 = IFCFACE((#8566));
#8568 = IFCPOLYLOOP((#4992, #4987, #5054));
#8569 = IFCFACEOUTERBOUND(#8568, .T.);
#8570 = IFCFACE((#8569));
#8571 = IFCPOLYLOOP((#4997, #4992, #5058));
#8572 = IFCFACEOUTERBOUND(#8571, .T.);
#8573 = IFCFACE((#8572));
#8574 = IFCPOLYLOOP((#5011, #5007, #4894));
#8575 = IFCFACEOUTERBOUND(#8574, .T.);
#8576 = IFCFACE((#8575));
#8577 = IFCPOLYLOOP((#5018, #5011, #5069));
#8578 = IFCFACEOUTERBOUND(#8577, .T.);
#8579 = IFCFACE((#8578));
#8580 = IFCPOLYLOOP((#5073, #5018, #5069));
#8581 = IFCFACEOUTERBOUND(#8580, .T.);
#8582 = IFCFACE((#8581));
#8583 = IFCPOLYLOOP((#5077, #4952, #5073));
#8584 = IFCFACEOUTERBOUND(#8583, .T.);
#8585 = IFCFACE((#8584));
#8586 = IFCPOLYLOOP((#5028, #4957, #5077));
#8587 = IFCFACEOUTERBOUND(#8586, .T.);
#8588 = IFCFACE((#8587));
#8589 = IFCPOLYLOOP((#5069, #4894, #4920));
#8590 = IFCFACEOUTERBOUND(#8589, .T.);
#8591 = IFCFACE((#8590));
#8592 = IFCPOLYLOOP((#5108, #5050, #5178));
#8593 = IFCFACEOUTERBOUND(#8592, .T.);
#8594 = IFCFACE((#8593));
#8595 = IFCPOLYLOOP((#5112, #4973, #5108));
#8596 = IFCFACEOUTERBOUND(#8595, .T.);
#8597 = IFCFACE((#8596));
#8598 = IFCPOLYLOOP((#5069, #4920, #5128));
#8599 = IFCFACEOUTERBOUND(#8598, .T.);
#8600 = IFCFACE((#8599));
#8601 = IFCPOLYLOOP((#5073, #5069, #5162));
#8602 = IFCFACEOUTERBOUND(#8601, .T.);
#8603 = IFCFACE((#8602));
#8604 = IFCPOLYLOOP((#5123, #5088, #5150));
#8605 = IFCFACEOUTERBOUND(#8604, .T.);
#8606 = IFCFACE((#8605));
#8607 = IFCPOLYLOOP((#5139, #5108, #5183));
#8608 = IFCFACEOUTERBOUND(#8607, .T.);
#8609 = IFCFACE((#8608));
#8610 = IFCPOLYLOOP((#5169, #5096, #5324));
#8611 = IFCFACEOUTERBOUND(#8610, .T.);
#8612 = IFCFACE((#8611));
#8613 = IFCPOLYLOOP((#5191, #5192, #5233));
#8614 = IFCFACEOUTERBOUND(#8613, .T.);
#8615 = IFCFACE((#8614));
#8616 = IFCPOLYLOOP((#5127, #5128, #5132));
#8617 = IFCFACEOUTERBOUND(#8616, .T.);
#8618 = IFCFACE((#8617));
#8619 = IFCPOLYLOOP((#5224, #5183, #5220));
#8620 = IFCFACEOUTERBOUND(#8619, .T.);
#8621 = IFCFACE((#8620));
#8622 = IFCPOLYLOOP((#5238, #5191, #5232));
#8623 = IFCFACEOUTERBOUND(#8622, .T.);
#8624 = IFCFACE((#8623));
#8625 = IFCPOLYLOOP((#5199, #5238, #5237));
#8626 = IFCFACEOUTERBOUND(#8625, .T.);
#8627 = IFCFACE((#8626));
#8628 = IFCPOLYLOOP((#5259, #5187, #5228));
#8629 = IFCFACEOUTERBOUND(#8628, .T.);
#8630 = IFCFACE((#8629));
#8631 = IFCPOLYLOOP((#5338, #5232, #5264));
#8632 = IFCFACEOUTERBOUND(#8631, .T.);
#8633 = IFCFACE((#8632));
#8634 = IFCPOLYLOOP((#5237, #5232, #5338));
#8635 = IFCFACEOUTERBOUND(#8634, .T.);
#8636 = IFCFACE((#8635));
#8637 = IFCPOLYLOOP((#5162, #5132, #6772));
#8638 = IFCFACEOUTERBOUND(#8637, .T.);
#8639 = IFCFACE((#8638));
#8640 = IFCPOLYLOOP((#5161, #5162, #6772));
#8641 = IFCFACEOUTERBOUND(#8640, .T.);
#8642 = IFCFACE((#8641));
#8643 = IFCPOLYLOOP((#5268, #5237, #5338));
#8644 = IFCFACEOUTERBOUND(#8643, .T.);
#8645 = IFCFACE((#8644));
#8646 = IFCPOLYLOOP((#5272, #5242, #5268));
#8647 = IFCFACEOUTERBOUND(#8646, .T.);
#8648 = IFCFACE((#8647));
#8649 = IFCPOLYLOOP((#1742, #2703, #4969));
#8650 = IFCFACEOUTERBOUND(#8649, .T.);
#8651 = IFCFACE((#8650));
#8652 = IFCPOLYLOOP((#5268, #6805, #5272));
#8653 = IFCFACEOUTERBOUND(#8652, .T.);
#8654 = IFCFACE((#8653));
#8655 = IFCPOLYLOOP((#5268, #5342, #6805));
#8656 = IFCFACEOUTERBOUND(#8655, .T.);
#8657 = IFCFACE((#8656));
#8658 = IFCPOLYLOOP((#5338, #6801, #5357));
#8659 = IFCFACEOUTERBOUND(#8658, .T.);
#8660 = IFCFACE((#8659));
#8661 = IFCPOLYLOOP((#4035, #5307, #5046));
#8662 = IFCFACEOUTERBOUND(#8661, .T.);
#8663 = IFCFACE((#8662));
#8664 = IFCPOLYLOOP((#5204, #5654, #5203));
#8665 = IFCFACEOUTERBOUND(#8664, .T.);
#8666 = IFCFACE((#8665));
#8667 = IFCPOLYLOOP((#5204, #5273, #5654));
#8668 = IFCFACEOUTERBOUND(#8667, .T.);
#8669 = IFCFACE((#8668));
#8670 = IFCPOLYLOOP((#5363, #3071, #4148));
#8671 = IFCFACEOUTERBOUND(#8670, .T.);
#8672 = IFCFACE((#8671));
#8673 = IFCPOLYLOOP((#5373, #4148, #4147));
#8674 = IFCFACEOUTERBOUND(#8673, .T.);
#8675 = IFCFACE((#8674));
#8676 = IFCPOLYLOOP((#5369, #5388, #5387));
#8677 = IFCFACEOUTERBOUND(#8676, .T.);
#8678 = IFCFACE((#8677));
#8679 = IFCPOLYLOOP((#5380, #4147, #4143));
#8680 = IFCFACEOUTERBOUND(#8679, .T.);
#8681 = IFCFACE((#8680));
#8682 = IFCPOLYLOOP((#5387, #5361, #5396));
#8683 = IFCFACEOUTERBOUND(#8682, .T.);
#8684 = IFCFACE((#8683));
#8685 = IFCPOLYLOOP((#5681, #5367, #5400));
#8686 = IFCFACEOUTERBOUND(#8685, .T.);
#8687 = IFCFACE((#8686));
#8688 = IFCPOLYLOOP((#5404, #5380, #5419));
#8689 = IFCFACEOUTERBOUND(#8688, .T.);
#8690 = IFCFACE((#8689));
#8691 = IFCPOLYLOOP((#5431, #5408, #5427));
#8692 = IFCFACEOUTERBOUND(#8691, .T.);
#8693 = IFCFACE((#8692));
#8694 = IFCPOLYLOOP((#5439, #4174, #4164));
#8695 = IFCFACEOUTERBOUND(#8694, .T.);
#8696 = IFCFACE((#8695));
#8697 = IFCPOLYLOOP((#5458, #5443, #5454));
#8698 = IFCFACEOUTERBOUND(#8697, .T.);
#8699 = IFCFACE((#8698));
#8700 = IFCPOLYLOOP((#5467, #5450, #5458));
#8701 = IFCFACEOUTERBOUND(#8700, .T.);
#8702 = IFCFACE((#8701));
#8703 = IFCPOLYLOOP((#5454, #5439, #5462));
#8704 = IFCFACEOUTERBOUND(#8703, .T.);
#8705 = IFCFACE((#8704));
#8706 = IFCPOLYLOOP((#5471, #4160, #4155));
#8707 = IFCFACEOUTERBOUND(#8706, .T.);
#8708 = IFCFACE((#8707));
#8709 = IFCPOLYLOOP((#5471, #4155, #4156));
#8710 = IFCFACEOUTERBOUND(#8709, .T.);
#8711 = IFCFACE((#8710));
#8712 = IFCPOLYLOOP((#5492, #5480, #5488));
#8713 = IFCFACEOUTERBOUND(#8712, .T.);
#8714 = IFCFACE((#8713));
#8715 = IFCPOLYLOOP((#5497, #4156, #5525));
#8716 = IFCFACEOUTERBOUND(#8715, .T.);
#8717 = IFCFACE((#8716));
#8718 = IFCPOLYLOOP((#5536, #5513, #5529));
#8719 = IFCFACEOUTERBOUND(#8718, .T.);
#8720 = IFCFACE((#8719));
#8721 = IFCPOLYLOOP((#6116, #5521, #5537));
#8722 = IFCFACEOUTERBOUND(#8721, .T.);
#8723 = IFCFACE((#8722));
#8724 = IFCPOLYLOOP((#5529, #5508, #5545));
#8725 = IFCFACEOUTERBOUND(#8724, .T.);
#8726 = IFCFACE((#8725));
#8727 = IFCPOLYLOOP((#5610, #5602, #5615));
#8728 = IFCFACEOUTERBOUND(#8727, .T.);
#8729 = IFCFACE((#8728));
#8730 = IFCPOLYLOOP((#5642, #5671, #5654));
#8731 = IFCFACEOUTERBOUND(#8730, .T.);
#8732 = IFCFACE((#8731));
#8733 = IFCPOLYLOOP((#5346, #5653, #5273));
#8734 = IFCFACEOUTERBOUND(#8733, .T.);
#8735 = IFCFACE((#8734));
#8736 = IFCPOLYLOOP((#5803, #5388, #5369));
#8737 = IFCFACEOUTERBOUND(#8736, .T.);
#8738 = IFCFACE((#8737));
#8739 = IFCPOLYLOOP((#5525, #4156, #3607));
#8740 = IFCFACEOUTERBOUND(#8739, .T.);
#8741 = IFCFACE((#8740));
#8742 = IFCPOLYLOOP((#5597, #5631, #5718));
#8743 = IFCFACEOUTERBOUND(#8742, .T.);
#8744 = IFCFACE((#8743));
#8745 = IFCPOLYLOOP((#5663, #4035, #5046));
#8746 = IFCFACEOUTERBOUND(#8745, .T.);
#8747 = IFCFACE((#8746));
#8748 = IFCPOLYLOOP((#5659, #5726, #5631));
#8749 = IFCFACEOUTERBOUND(#8748, .T.);
#8750 = IFCFACE((#8749));
#8751 = IFCPOLYLOOP((#5814, #3038, #3030));
#8752 = IFCFACEOUTERBOUND(#8751, .T.);
#8753 = IFCFACE((#8752));
#8754 = IFCPOLYLOOP((#5731, #5814, #5732));
#8755 = IFCFACEOUTERBOUND(#8754, .T.);
#8756 = IFCFACE((#8755));
#8757 = IFCPOLYLOOP((#5742, #5737, #5736));
#8758 = IFCFACEOUTERBOUND(#8757, .T.);
#8759 = IFCFACE((#8758));
#8760 = IFCPOLYLOOP((#5814, #3030, #5732));
#8761 = IFCFACEOUTERBOUND(#8760, .T.);
#8762 = IFCFACE((#8761));
#8763 = IFCPOLYLOOP((#5732, #3030, #3029));
#8764 = IFCFACEOUTERBOUND(#8763, .T.);
#8765 = IFCFACE((#8764));
#8766 = IFCPOLYLOOP((#5736, #5731, #5730));
#8767 = IFCFACEOUTERBOUND(#8766, .T.);
#8768 = IFCFACE((#8767));
#8769 = IFCPOLYLOOP((#5730, #5732, #5746));
#8770 = IFCFACEOUTERBOUND(#8769, .T.);
#8771 = IFCFACE((#8770));
#8772 = IFCPOLYLOOP((#5746, #3029, #2999));
#8773 = IFCFACEOUTERBOUND(#8772, .T.);
#8774 = IFCFACE((#8773));
#8775 = IFCPOLYLOOP((#5730, #5746, #5750));
#8776 = IFCFACEOUTERBOUND(#8775, .T.);
#8777 = IFCFACE((#8776));
#8778 = IFCPOLYLOOP((#5736, #5730, #5754));
#8779 = IFCFACEOUTERBOUND(#8778, .T.);
#8780 = IFCFACE((#8779));
#8781 = IFCPOLYLOOP((#5758, #5754, #5770));
#8782 = IFCFACEOUTERBOUND(#8781, .T.);
#8783 = IFCFACE((#8782));
#8784 = IFCPOLYLOOP((#5741, #5758, #5769));
#8785 = IFCFACEOUTERBOUND(#8784, .T.);
#8786 = IFCFACE((#8785));
#8787 = IFCPOLYLOOP((#5770, #5765, #5778));
#8788 = IFCFACEOUTERBOUND(#8787, .T.);
#8789 = IFCFACE((#8788));
#8790 = IFCPOLYLOOP((#5778, #2955, #5793));
#8791 = IFCFACEOUTERBOUND(#8790, .T.);
#8792 = IFCFACE((#8791));
#8793 = IFCPOLYLOOP((#5774, #5769, #5804));
#8794 = IFCFACEOUTERBOUND(#8793, .T.);
#8795 = IFCFACE((#8794));
#8796 = IFCPOLYLOOP((#5785, #5786, #5362));
#8797 = IFCFACEOUTERBOUND(#8796, .T.);
#8798 = IFCFACE((#8797));
#8799 = IFCPOLYLOOP((#5804, #5785, #5388));
#8800 = IFCFACEOUTERBOUND(#8799, .T.);
#8801 = IFCFACE((#8800));
#8802 = IFCPOLYLOOP((#5786, #2918, #3071));
#8803 = IFCFACEOUTERBOUND(#8802, .T.);
#8804 = IFCFACE((#8803));
#8805 = IFCPOLYLOOP((#5362, #5786, #5363));
#8806 = IFCFACEOUTERBOUND(#8805, .T.);
#8807 = IFCFACE((#8806));
#8808 = IFCPOLYLOOP((#5852, #5892, #5846));
#8809 = IFCFACEOUTERBOUND(#8808, .T.);
#8810 = IFCFACE((#8809));
#8811 = IFCPOLYLOOP((#5856, #5851, #5850));
#8812 = IFCFACEOUTERBOUND(#8811, .T.);
#8813 = IFCFACE((#8812));
#8814 = IFCPOLYLOOP((#5850, #5852, #5861));
#8815 = IFCFACEOUTERBOUND(#8814, .T.);
#8816 = IFCFACE((#8815));
#8817 = IFCPOLYLOOP((#5846, #3053, #5871));
#8818 = IFCFACEOUTERBOUND(#8817, .T.);
#8819 = IFCFACE((#8818));
#8820 = IFCPOLYLOOP((#5861, #5846, #5870));
#8821 = IFCFACEOUTERBOUND(#8820, .T.);
#8822 = IFCFACE((#8821));
#8823 = IFCPOLYLOOP((#5822, #5861, #5884));
#8824 = IFCFACEOUTERBOUND(#8823, .T.);
#8825 = IFCFACE((#8824));
#8826 = IFCPOLYLOOP((#5870, #5871, #5888));
#8827 = IFCFACEOUTERBOUND(#8826, .T.);
#8828 = IFCFACE((#8827));
#8829 = IFCPOLYLOOP((#5884, #5870, #5815));
#8830 = IFCFACEOUTERBOUND(#8829, .T.);
#8831 = IFCFACE((#8830));
#8832 = IFCPOLYLOOP((#5884, #5731, #5822));
#8833 = IFCFACEOUTERBOUND(#8832, .T.);
#8834 = IFCFACE((#8833));
#8835 = IFCPOLYLOOP((#5865, #5737, #5742));
#8836 = IFCFACEOUTERBOUND(#8835, .T.);
#8837 = IFCFACE((#8836));
#8838 = IFCPOLYLOOP((#5851, #5857, #5935));
#8839 = IFCFACEOUTERBOUND(#8838, .T.);
#8840 = IFCFACE((#8839));
#8841 = IFCPOLYLOOP((#5902, #5851, #5934));
#8842 = IFCFACEOUTERBOUND(#8841, .T.);
#8843 = IFCFACE((#8842));
#8844 = IFCPOLYLOOP((#5912, #5902, #5934));
#8845 = IFCFACEOUTERBOUND(#8844, .T.);
#8846 = IFCFACE((#8845));
#8847 = IFCPOLYLOOP((#5912, #5934, #5944));
#8848 = IFCFACEOUTERBOUND(#8847, .T.);
#8849 = IFCFACE((#8848));
#8850 = IFCPOLYLOOP((#3109, #5912, #5943));
#8851 = IFCFACEOUTERBOUND(#8850, .T.);
#8852 = IFCFACE((#8851));
#8853 = IFCPOLYLOOP((#5934, #5939, #5949));
#8854 = IFCFACEOUTERBOUND(#8853, .T.);
#8855 = IFCFACE((#8854));
#8856 = IFCPOLYLOOP((#5944, #5934, #5949));
#8857 = IFCFACEOUTERBOUND(#8856, .T.);
#8858 = IFCFACE((#8857));
#8859 = IFCPOLYLOOP((#5948, #5949, #5998));
#8860 = IFCFACEOUTERBOUND(#8859, .T.);
#8861 = IFCFACE((#8860));
#8862 = IFCPOLYLOOP((#5948, #5998, #4473));
#8863 = IFCFACEOUTERBOUND(#8862, .T.);
#8864 = IFCFACE((#8863));
#8865 = IFCPOLYLOOP((#5965, #5948, #4479));
#8866 = IFCFACEOUTERBOUND(#8865, .T.);
#8867 = IFCFACE((#8866));
#8868 = IFCPOLYLOOP((#5935, #5979, #5978));
#8869 = IFCFACEOUTERBOUND(#8868, .T.);
#8870 = IFCFACE((#8869));
#8871 = IFCPOLYLOOP((#5939, #5978, #5990));
#8872 = IFCFACEOUTERBOUND(#8871, .T.);
#8873 = IFCFACE((#8872));
#8874 = IFCPOLYLOOP((#5998, #5949, #5994));
#8875 = IFCFACEOUTERBOUND(#8874, .T.);
#8876 = IFCFACE((#8875));
#8877 = IFCPOLYLOOP((#4473, #5994, #4474));
#8878 = IFCFACEOUTERBOUND(#8877, .T.);
#8879 = IFCFACE((#8878));
#8880 = IFCPOLYLOOP((#6027, #6031, #6039));
#8881 = IFCFACEOUTERBOUND(#8880, .T.);
#8882 = IFCFACE((#8881));
#8883 = IFCPOLYLOOP((#6035, #6039, #6298));
#8884 = IFCFACEOUTERBOUND(#8883, .T.);
#8885 = IFCFACE((#8884));
#8886 = IFCPOLYLOOP((#6057, #6312, #6063));
#8887 = IFCFACEOUTERBOUND(#8886, .T.);
#8888 = IFCFACE((#8887));
#8889 = IFCPOLYLOOP((#6067, #6068, #6076));
#8890 = IFCFACEOUTERBOUND(#8889, .T.);
#8891 = IFCFACE((#8890));
#8892 = IFCPOLYLOOP((#6094, #6095, #6087));
#8893 = IFCFACEOUTERBOUND(#8892, .T.);
#8894 = IFCFACE((#8893));
#8895 = IFCPOLYLOOP((#6083, #5686, #6095));
#8896 = IFCFACEOUTERBOUND(#8895, .T.);
#8897 = IFCFACE((#8896));
#8898 = IFCPOLYLOOP((#6103, #6087, #6099));
#8899 = IFCFACEOUTERBOUND(#8898, .T.);
#8900 = IFCFACE((#8899));
#8901 = IFCPOLYLOOP((#6107, #6308, #6112));
#8902 = IFCFACEOUTERBOUND(#8901, .T.);
#8903 = IFCFACE((#8902));
#8904 = IFCPOLYLOOP((#6111, #6112, #6121));
#8905 = IFCFACEOUTERBOUND(#8904, .T.);
#8906 = IFCFACE((#8905));
#8907 = IFCPOLYLOOP((#6121, #6116, #5550));
#8908 = IFCFACEOUTERBOUND(#8907, .T.);
#8909 = IFCFACE((#8908));
#8910 = IFCPOLYLOOP((#6132, #5570, #8911));
#8911 = IFCCARTESIANPOINT((6.50078201293945E-2, -5.18115905761719E-1, 1.19975204467773E-1));
#8912 = IFCFACEOUTERBOUND(#8910, .T.);
#8913 = IFCFACE((#8912));
#8914 = IFCPOLYLOOP((#6132, #8911, #5597));
#8915 = IFCFACEOUTERBOUND(#8914, .T.);
#8916 = IFCFACE((#8915));
#8917 = IFCPOLYLOOP((#6140, #5597, #5718));
#8918 = IFCFACEOUTERBOUND(#8917, .T.);
#8919 = IFCFACE((#8918));
#8920 = IFCPOLYLOOP((#6148, #5719, #5726));
#8921 = IFCFACEOUTERBOUND(#8920, .T.);
#8922 = IFCFACE((#8921));
#8923 = IFCPOLYLOOP((#6156, #5659, #5658));
#8924 = IFCFACEOUTERBOUND(#8923, .T.);
#8925 = IFCFACE((#8924));
#8926 = IFCPOLYLOOP((#6053, #6048, #6044));
#8927 = IFCFACEOUTERBOUND(#8926, .T.);
#8928 = IFCFACE((#8927));
#8929 = IFCPOLYLOOP((#6062, #6336, #6057));
#8930 = IFCFACEOUTERBOUND(#8929, .T.);
#8931 = IFCFACE((#8930));
#8932 = IFCPOLYLOOP((#6075, #6332, #6067));
#8933 = IFCFACEOUTERBOUND(#8932, .T.);
#8934 = IFCFACE((#8933));
#8935 = IFCPOLYLOOP((#6048, #6293, #6025));
#8936 = IFCFACEOUTERBOUND(#8935, .T.);
#8937 = IFCFACE((#8936));
#8938 = IFCPOLYLOOP((#6103, #6354, #6094));
#8939 = IFCFACEOUTERBOUND(#8938, .T.);
#8940 = IFCFACE((#8939));
#8941 = IFCPOLYLOOP((#6121, #6366, #6111));
#8942 = IFCFACEOUTERBOUND(#8941, .T.);
#8943 = IFCFACE((#8942));
#8944 = IFCPOLYLOOP((#6125, #6365, #6120));
#8945 = IFCFACEOUTERBOUND(#8944, .T.);
#8946 = IFCFACE((#8945));
#8947 = IFCPOLYLOOP((#6120, #6366, #6121));
#8948 = IFCFACEOUTERBOUND(#8947, .T.);
#8949 = IFCFACE((#8948));
#8950 = IFCPOLYLOOP((#6365, #6125, #7072));
#8951 = IFCFACEOUTERBOUND(#8950, .T.);
#8952 = IFCFACE((#8951));
#8953 = IFCPOLYLOOP((#5978, #6397, #4622));
#8954 = IFCFACEOUTERBOUND(#8953, .T.);
#8955 = IFCFACE((#8954));
#8956 = IFCPOLYLOOP((#6660, #4691, #4690));
#8957 = IFCFACEOUTERBOUND(#8956, .T.);
#8958 = IFCFACE((#8957));
#8959 = IFCPOLYLOOP((#5169, #5324, #5325));
#8960 = IFCFACEOUTERBOUND(#8959, .T.);
#8961 = IFCFACE((#8960));
#8962 = IFCPOLYLOOP((#5224, #5220, #6735));
#8963 = IFCFACEOUTERBOUND(#8962, .T.);
#8964 = IFCFACE((#8963));
#8965 = IFCPOLYLOOP((#5259, #5228, #6743));
#8966 = IFCFACEOUTERBOUND(#8965, .T.);
#8967 = IFCFACE((#8966));
#8968 = IFCPOLYLOOP((#5228, #5224, #6739));
#8969 = IFCFACEOUTERBOUND(#8968, .T.);
#8970 = IFCFACE((#8969));
#8971 = IFCPOLYLOOP((#5333, #5263, #6748));
#8972 = IFCFACEOUTERBOUND(#8971, .T.);
#8973 = IFCFACE((#8972));
#8974 = IFCPOLYLOOP((#6801, #5334, #6755));
#8975 = IFCFACEOUTERBOUND(#8974, .T.);
#8976 = IFCFACE((#8975));
#8977 = IFCPOLYLOOP((#6945, #6708, #6943));
#8978 = IFCFACEOUTERBOUND(#8977, .T.);
#8979 = IFCFACE((#8978));
#8980 = IFCPOLYLOOP((#6949, #6712, #6945));
#8981 = IFCFACEOUTERBOUND(#8980, .T.);
#8982 = IFCFACE((#8981));
#8983 = IFCPOLYLOOP((#6772, #6933, #6767));
#8984 = IFCFACEOUTERBOUND(#8983, .T.);
#8985 = IFCFACE((#8984));
#8986 = IFCPOLYLOOP((#5259, #6743, #6792));
#8987 = IFCFACEOUTERBOUND(#8986, .T.);
#8988 = IFCFACE((#8987));
#8989 = IFCPOLYLOOP((#6822, #5259, #6792));
#8990 = IFCFACEOUTERBOUND(#8989, .T.);
#8991 = IFCFACE((#8990));
#8992 = IFCPOLYLOOP((#5357, #6801, #6797));
#8993 = IFCFACEOUTERBOUND(#8992, .T.);
#8994 = IFCFACE((#8993));
#8995 = IFCPOLYLOOP((#6781, #6776, #6962));
#8996 = IFCFACEOUTERBOUND(#8995, .T.);
#8997 = IFCFACE((#8996));
#8998 = IFCPOLYLOOP((#5329, #6724, #6814));
#8999 = IFCFACEOUTERBOUND(#8998, .T.);
#9000 = IFCFACE((#8999));
#9001 = IFCPOLYLOOP((#6747, #6748, #6821));
#9002 = IFCFACEOUTERBOUND(#9001, .T.);
#9003 = IFCFACE((#9002));
#9004 = IFCPOLYLOOP((#6949, #6950, #6957));
#9005 = IFCFACEOUTERBOUND(#9004, .T.);
#9006 = IFCFACE((#9005));
#9007 = IFCPOLYLOOP((#6765, #6957, #6766));
#9008 = IFCFACEOUTERBOUND(#9007, .T.);
#9009 = IFCFACE((#9008));
#9010 = IFCPOLYLOOP((#6979, #6780, #6962));
#9011 = IFCFACEOUTERBOUND(#9010, .T.);
#9012 = IFCFACE((#9011));
#9013 = IFCPOLYLOOP((#5350, #6814, #6998));
#9014 = IFCFACEOUTERBOUND(#9013, .T.);
#9015 = IFCFACE((#9014));
#9016 = IFCPOLYLOOP((#6739, #6983, #6990));
#9017 = IFCFACEOUTERBOUND(#9016, .T.);
#9018 = IFCFACE((#9017));
#9019 = IFCPOLYLOOP((#6792, #6990, #6994));
#9020 = IFCFACEOUTERBOUND(#9019, .T.);
#9021 = IFCFACE((#9020));
#9022 = IFCPOLYLOOP((#6731, #6998, #6983));
#9023 = IFCFACEOUTERBOUND(#9022, .T.);
#9024 = IFCFACE((#9023));
#9025 = IFCPOLYLOOP((#6957, #6983, #6979));
#9026 = IFCFACEOUTERBOUND(#9025, .T.);
#9027 = IFCFACE((#9026));
#9028 = IFCPOLYLOOP((#6152, #6810, #6957));
#9029 = IFCFACEOUTERBOUND(#9028, .T.);
#9030 = IFCFACE((#9029));
#9031 = IFCPOLYLOOP((#6026, #6294, #6944));
#9032 = IFCFACEOUTERBOUND(#9031, .T.);
#9033 = IFCFACE((#9032));
#9034 = IFCPOLYLOOP((#169, #145, #170));
#9035 = IFCFACEOUTERBOUND(#9034, .T.);
#9036 = IFCFACE((#9035));
#9037 = IFCPOLYLOOP((#198, #269, #276));
#9038 = IFCFACEOUTERBOUND(#9037, .T.);
#9039 = IFCFACE((#9038));
#9040 = IFCPOLYLOOP((#206, #276, #280));
#9041 = IFCFACEOUTERBOUND(#9040, .T.);
#9042 = IFCFACE((#9041));
#9043 = IFCPOLYLOOP((#202, #280, #538));
#9044 = IFCFACEOUTERBOUND(#9043, .T.);
#9045 = IFCFACE((#9044));
#9046 = IFCPOLYLOOP((#215, #292, #284));
#9047 = IFCFACEOUTERBOUND(#9046, .T.);
#9048 = IFCFACE((#9047));
#9049 = IFCPOLYLOOP((#288, #293, #234));
#9050 = IFCFACEOUTERBOUND(#9049, .T.);
#9051 = IFCFACE((#9050));
#9052 = IFCPOLYLOOP((#215, #234, #293));
#9053 = IFCFACEOUTERBOUND(#9052, .T.);
#9054 = IFCFACE((#9053));
#9055 = IFCPOLYLOOP((#284, #300, #220));
#9056 = IFCFACEOUTERBOUND(#9055, .T.);
#9057 = IFCFACE((#9056));
#9058 = IFCPOLYLOOP((#300, #226, #220));
#9059 = IFCFACEOUTERBOUND(#9058, .T.);
#9060 = IFCFACE((#9059));
#9061 = IFCPOLYLOOP((#225, #301, #308));
#9062 = IFCFACEOUTERBOUND(#9061, .T.);
#9063 = IFCFACE((#9062));
#9064 = IFCPOLYLOOP((#256, #308, #425));
#9065 = IFCFACEOUTERBOUND(#9064, .T.);
#9066 = IFCFACE((#9065));
#9067 = IFCPOLYLOOP((#216, #312, #484));
#9068 = IFCFACEOUTERBOUND(#9067, .T.);
#9069 = IFCFACE((#9068));
#9070 = IFCPOLYLOOP((#238, #316, #333));
#9071 = IFCFACEOUTERBOUND(#9070, .T.);
#9072 = IFCFACE((#9071));
#9073 = IFCPOLYLOOP((#197, #320, #324));
#9074 = IFCFACEOUTERBOUND(#9073, .T.);
#9075 = IFCFACE((#9074));
#9076 = IFCPOLYLOOP((#324, #328, #246));
#9077 = IFCFACEOUTERBOUND(#9076, .T.);
#9078 = IFCFACE((#9077));
#9079 = IFCPOLYLOOP((#328, #168, #246));
#9080 = IFCFACEOUTERBOUND(#9079, .T.);
#9081 = IFCFACE((#9080));
#9082 = IFCPOLYLOOP((#333, #211, #238));
#9083 = IFCFACEOUTERBOUND(#9082, .T.);
#9084 = IFCFACE((#9083));
#9085 = IFCPOLYLOOP((#337, #139, #342));
#9086 = IFCFACEOUTERBOUND(#9085, .T.);
#9087 = IFCFACE((#9086));
#9088 = IFCPOLYLOOP((#342, #139, #152));
#9089 = IFCFACEOUTERBOUND(#9088, .T.);
#9090 = IFCFACE((#9089));
#9091 = IFCPOLYLOOP((#140, #346, #145));
#9092 = IFCFACEOUTERBOUND(#9091, .T.);
#9093 = IFCFACE((#9092));
#9094 = IFCPOLYLOOP((#135, #351, #129));
#9095 = IFCFACEOUTERBOUND(#9094, .T.);
#9096 = IFCFACE((#9095));
#9097 = IFCPOLYLOOP((#341, #151, #361));
#9098 = IFCFACEOUTERBOUND(#9097, .T.);
#9099 = IFCFACE((#9098));
#9100 = IFCPOLYLOOP((#160, #365, #361));
#9101 = IFCFACEOUTERBOUND(#9100, .T.);
#9102 = IFCFACE((#9101));
#9103 = IFCPOLYLOOP((#365, #129, #351));
#9104 = IFCFACEOUTERBOUND(#9103, .T.);
#9105 = IFCFACE((#9104));
#9106 = IFCPOLYLOOP((#131, #350, #135));
#9107 = IFCFACEOUTERBOUND(#9106, .T.);
#9108 = IFCFACE((#9107));
#9109 = IFCPOLYLOOP((#130, #376, #369));
#9110 = IFCFACEOUTERBOUND(#9109, .T.);
#9111 = IFCFACE((#9110));
#9112 = IFCPOLYLOOP((#376, #174, #647));
#9113 = IFCFACEOUTERBOUND(#9112, .T.);
#9114 = IFCFACE((#9113));
#9115 = IFCPOLYLOOP((#159, #381, #164));
#9116 = IFCFACEOUTERBOUND(#9115, .T.);
#9117 = IFCFACE((#9116));
#9118 = IFCPOLYLOOP((#159, #181, #385));
#9119 = IFCFACEOUTERBOUND(#9118, .T.);
#9120 = IFCFACE((#9119));
#9121 = IFCPOLYLOOP((#169, #389, #146));
#9122 = IFCFACEOUTERBOUND(#9121, .T.);
#9123 = IFCFACE((#9122));
#9124 = IFCPOLYLOOP((#150, #394, #181));
#9125 = IFCFACEOUTERBOUND(#9124, .T.);
#9126 = IFCFACE((#9125));
#9127 = IFCPOLYLOOP((#393, #141, #404));
#9128 = IFCFACEOUTERBOUND(#9127, .T.);
#9129 = IFCFACE((#9128));
#9130 = IFCPOLYLOOP((#404, #141, #146));
#9131 = IFCFACEOUTERBOUND(#9130, .T.);
#9132 = IFCFACE((#9131));
#9133 = IFCPOLYLOOP((#456, #316, #421));
#9134 = IFCFACEOUTERBOUND(#9133, .T.);
#9135 = IFCFACE((#9134));
#9136 = IFCPOLYLOOP((#324, #456, #473));
#9137 = IFCFACEOUTERBOUND(#9136, .T.);
#9138 = IFCFACE((#9137));
#9139 = IFCPOLYLOOP((#284, #512, #429));
#9140 = IFCFACEOUTERBOUND(#9139, .T.);
#9141 = IFCFACE((#9140));
#9142 = IFCPOLYLOOP((#293, #520, #524));
#9143 = IFCFACEOUTERBOUND(#9142, .T.);
#9144 = IFCFACE((#9143));
#9145 = IFCPOLYLOOP((#292, #293, #524));
#9146 = IFCFACEOUTERBOUND(#9145, .T.);
#9147 = IFCFACE((#9146));
#9148 = IFCPOLYLOOP((#534, #288, #538));
#9149 = IFCFACEOUTERBOUND(#9148, .T.);
#9150 = IFCFACE((#9149));
#9151 = IFCPOLYLOOP((#394, #593, #617));
#9152 = IFCFACEOUTERBOUND(#9151, .T.);
#9153 = IFCFACE((#9152));
#9154 = IFCPOLYLOOP((#385, #613, #380));
#9155 = IFCFACEOUTERBOUND(#9154, .T.);
#9156 = IFCFACE((#9155));
#9157 = IFCPOLYLOOP((#617, #385, #394));
#9158 = IFCFACEOUTERBOUND(#9157, .T.);
#9159 = IFCFACE((#9158));
#9160 = IFCPOLYLOOP((#670, #565, #337));
#9161 = IFCFACEOUTERBOUND(#9160, .T.);
#9162 = IFCFACE((#9161));
#9163 = IFCPOLYLOOP((#678, #361, #365));
#9164 = IFCFACEOUTERBOUND(#9163, .T.);
#9165 = IFCFACE((#9164));
#9166 = IFCPOLYLOOP((#682, #670, #341));
#9167 = IFCFACEOUTERBOUND(#9166, .T.);
#9168 = IFCFACE((#9167));
#9169 = IFCPOLYLOOP((#711, #677, #351));
#9170 = IFCFACEOUTERBOUND(#9169, .T.);
#9171 = IFCFACE((#9170));
#9172 = IFCPOLYLOOP((#734, #777, #858));
#9173 = IFCFACEOUTERBOUND(#9172, .T.);
#9174 = IFCFACE((#9173));
#9175 = IFCPOLYLOOP((#863, #926, #954));
#9176 = IFCFACEOUTERBOUND(#9175, .T.);
#9177 = IFCFACE((#9176));
#9178 = IFCPOLYLOOP((#859, #930, #926));
#9179 = IFCFACEOUTERBOUND(#9178, .T.);
#9180 = IFCFACE((#9179));
#9181 = IFCPOLYLOOP((#880, #934, #938));
#9182 = IFCFACEOUTERBOUND(#9181, .T.);
#9183 = IFCFACE((#9182));
#9184 = IFCPOLYLOOP((#858, #938, #930));
#9185 = IFCFACEOUTERBOUND(#9184, .T.);
#9186 = IFCFACE((#9185));
#9187 = IFCPOLYLOOP((#872, #942, #950));
#9188 = IFCFACEOUTERBOUND(#9187, .T.);
#9189 = IFCFACE((#9188));
#9190 = IFCPOLYLOOP((#876, #946, #942));
#9191 = IFCFACEOUTERBOUND(#9190, .T.);
#9192 = IFCFACE((#9191));
#9193 = IFCPOLYLOOP((#871, #950, #934));
#9194 = IFCFACEOUTERBOUND(#9193, .T.);
#9195 = IFCFACE((#9194));
#9196 = IFCPOLYLOOP((#919, #959, #963));
#9197 = IFCFACEOUTERBOUND(#9196, .T.);
#9198 = IFCFACE((#9197));
#9199 = IFCPOLYLOOP((#915, #963, #946));
#9200 = IFCFACEOUTERBOUND(#9199, .T.);
#9201 = IFCFACE((#9200));
#9202 = IFCPOLYLOOP((#904, #983, #979));
#9203 = IFCFACEOUTERBOUND(#9202, .T.);
#9204 = IFCFACE((#9203));
#9205 = IFCPOLYLOOP((#900, #987, #983));
#9206 = IFCFACEOUTERBOUND(#9205, .T.);
#9207 = IFCFACE((#9206));
#9208 = IFCPOLYLOOP((#892, #991, #987));
#9209 = IFCFACEOUTERBOUND(#9208, .T.);
#9210 = IFCFACE((#9209));
#9211 = IFCPOLYLOOP((#893, #995, #991));
#9212 = IFCFACEOUTERBOUND(#9211, .T.);
#9213 = IFCFACE((#9212));
#9214 = IFCPOLYLOOP((#884, #999, #1011));
#9215 = IFCFACEOUTERBOUND(#9214, .T.);
#9216 = IFCFACE((#9215));
#9217 = IFCPOLYLOOP((#850, #1003, #999));
#9218 = IFCFACEOUTERBOUND(#9217, .T.);
#9219 = IFCFACE((#9218));
#9220 = IFCPOLYLOOP((#849, #1007, #1003));
#9221 = IFCFACEOUTERBOUND(#9220, .T.);
#9222 = IFCFACE((#9221));
#9223 = IFCPOLYLOOP((#888, #1011, #995));
#9224 = IFCFACEOUTERBOUND(#9223, .T.);
#9225 = IFCFACE((#9224));
#9226 = IFCPOLYLOOP((#1060, #781, #1056));
#9227 = IFCFACEOUTERBOUND(#9226, .T.);
#9228 = IFCFACE((#9227));
#9229 = IFCPOLYLOOP((#1064, #799, #1060));
#9230 = IFCFACEOUTERBOUND(#9229, .T.);
#9231 = IFCFACE((#9230));
#9232 = IFCPOLYLOOP((#1068, #800, #1064));
#9233 = IFCFACEOUTERBOUND(#9232, .T.);
#9234 = IFCFACE((#9233));
#9235 = IFCPOLYLOOP((#1072, #794, #1068));
#9236 = IFCFACEOUTERBOUND(#9235, .T.);
#9237 = IFCFACE((#9236));
#9238 = IFCPOLYLOOP((#1076, #795, #1072));
#9239 = IFCFACEOUTERBOUND(#9238, .T.);
#9240 = IFCFACE((#9239));
#9241 = IFCPOLYLOOP((#1080, #824, #1076));
#9242 = IFCFACEOUTERBOUND(#9241, .T.);
#9243 = IFCFACE((#9242));
#9244 = IFCPOLYLOOP((#1084, #786, #1080));
#9245 = IFCFACEOUTERBOUND(#9244, .T.);
#9246 = IFCFACE((#9245));
#9247 = IFCPOLYLOOP((#1128, #772, #1124));
#9248 = IFCFACEOUTERBOUND(#9247, .T.);
#9249 = IFCFACE((#9248));
#9250 = IFCPOLYLOOP((#1132, #768, #1128));
#9251 = IFCFACEOUTERBOUND(#9250, .T.);
#9252 = IFCFACE((#9251));
#9253 = IFCPOLYLOOP((#1136, #745, #1132));
#9254 = IFCFACEOUTERBOUND(#9253, .T.);
#9255 = IFCFACE((#9254));
#9256 = IFCPOLYLOOP((#1140, #761, #1136));
#9257 = IFCFACEOUTERBOUND(#9256, .T.);
#9258 = IFCFACE((#9257));
#9259 = IFCPOLYLOOP((#1144, #757, #1140));
#9260 = IFCFACEOUTERBOUND(#9259, .T.);
#9261 = IFCFACE((#9260));
#9262 = IFCPOLYLOOP((#1148, #740, #1144));
#9263 = IFCFACEOUTERBOUND(#9262, .T.);
#9264 = IFCFACE((#9263));
#9265 = IFCPOLYLOOP((#1152, #741, #1148));
#9266 = IFCFACEOUTERBOUND(#9265, .T.);
#9267 = IFCFACE((#9266));
#9268 = IFCPOLYLOOP((#1156, #750, #1160));
#9269 = IFCFACEOUTERBOUND(#9268, .T.);
#9270 = IFCFACE((#9269));
#9271 = IFCPOLYLOOP((#1160, #749, #1152));
#9272 = IFCFACEOUTERBOUND(#9271, .T.);
#9273 = IFCFACE((#9272));
#9274 = IFCPOLYLOOP((#1180, #1182, #1188));
#9275 = IFCFACEOUTERBOUND(#9274, .T.);
#9276 = IFCFACE((#9275));
#9277 = IFCPOLYLOOP((#1192, #1182, #1341));
#9278 = IFCFACEOUTERBOUND(#9277, .T.);
#9279 = IFCFACE((#9278));
#9280 = IFCPOLYLOOP((#1199, #1186, #1192));
#9281 = IFCFACEOUTERBOUND(#9280, .T.);
#9282 = IFCFACE((#9281));
#9283 = IFCPOLYLOOP((#1210, #4859, #1204));
#9284 = IFCFACEOUTERBOUND(#9283, .T.);
#9285 = IFCFACE((#9284));
#9286 = IFCPOLYLOOP((#1214, #1235, #1215));
#9287 = IFCFACEOUTERBOUND(#9286, .T.);
#9288 = IFCFACE((#9287));
#9289 = IFCPOLYLOOP((#1199, #1226, #1219));
#9290 = IFCFACEOUTERBOUND(#9289, .T.);
#9291 = IFCFACE((#9290));
#9292 = IFCPOLYLOOP((#1231, #1210, #1209));
#9293 = IFCFACEOUTERBOUND(#9292, .T.);
#9294 = IFCFACE((#9293));
#9295 = IFCPOLYLOOP((#1235, #1237, #1215));
#9296 = IFCFACEOUTERBOUND(#9295, .T.);
#9297 = IFCFACE((#9296));
#9298 = IFCPOLYLOOP((#1241, #1209, #1219));
#9299 = IFCFACEOUTERBOUND(#9298, .T.);
#9300 = IFCFACE((#9299));
#9301 = IFCPOLYLOOP((#1219, #1245, #1261));
#9302 = IFCFACEOUTERBOUND(#9301, .T.);
#9303 = IFCFACE((#9302));
#9304 = IFCPOLYLOOP((#1236, #1253, #1237));
#9305 = IFCFACEOUTERBOUND(#9304, .T.);
#9306 = IFCFACE((#9305));
#9307 = IFCPOLYLOOP((#1253, #1272, #1257));
#9308 = IFCFACEOUTERBOUND(#9307, .T.);
#9309 = IFCFACE((#9308));
#9310 = IFCPOLYLOOP((#1261, #1257, #1267));
#9311 = IFCFACEOUTERBOUND(#9310, .T.);
#9312 = IFCFACE((#9311));
#9313 = IFCPOLYLOOP((#1266, #1241, #1267));
#9314 = IFCFACEOUTERBOUND(#9313, .T.);
#9315 = IFCFACE((#9314));
#9316 = IFCPOLYLOOP((#1278, #1257, #1271));
#9317 = IFCFACEOUTERBOUND(#9316, .T.);
#9318 = IFCFACE((#9317));
#9319 = IFCPOLYLOOP((#1265, #1282, #1291));
#9320 = IFCFACEOUTERBOUND(#9319, .T.);
#9321 = IFCFACE((#9320));
#9322 = IFCPOLYLOOP((#1290, #1266, #1291));
#9323 = IFCFACEOUTERBOUND(#9322, .T.);
#9324 = IFCFACE((#9323));
#9325 = IFCPOLYLOOP((#1295, #1297, #1348));
#9326 = IFCFACEOUTERBOUND(#9325, .T.);
#9327 = IFCFACE((#9326));
#9328 = IFCPOLYLOOP((#1277, #1297, #1301));
#9329 = IFCFACEOUTERBOUND(#9328, .T.);
#9330 = IFCFACE((#9329));
#9331 = IFCPOLYLOOP((#1278, #1301, #1305));
#9332 = IFCFACEOUTERBOUND(#9331, .T.);
#9333 = IFCFACE((#9332));
#9334 = IFCPOLYLOOP((#1291, #1282, #1305));
#9335 = IFCFACEOUTERBOUND(#9334, .T.);
#9336 = IFCFACE((#9335));
#9337 = IFCPOLYLOOP((#1297, #1321, #1325));
#9338 = IFCFACEOUTERBOUND(#9337, .T.);
#9339 = IFCFACE((#9338));
#9340 = IFCPOLYLOOP((#1305, #1325, #1369));
#9341 = IFCFACEOUTERBOUND(#9340, .T.);
#9342 = IFCFACE((#9341));
#9343 = IFCPOLYLOOP((#1332, #1313, #1309));
#9344 = IFCFACEOUTERBOUND(#9343, .T.);
#9345 = IFCFACE((#9344));
#9346 = IFCPOLYLOOP((#1336, #1182, #1181));
#9347 = IFCFACEOUTERBOUND(#9346, .T.);
#9348 = IFCFACE((#9347));
#9349 = IFCPOLYLOOP((#1252, #2222, #1273));
#9350 = IFCFACEOUTERBOUND(#9349, .T.);
#9351 = IFCFACE((#9350));
#9352 = IFCPOLYLOOP((#1273, #2771, #1295));
#9353 = IFCFACEOUTERBOUND(#9352, .T.);
#9354 = IFCFACE((#9353));
#9355 = IFCPOLYLOOP((#1363, #1325, #1321));
#9356 = IFCFACEOUTERBOUND(#9355, .T.);
#9357 = IFCFACE((#9356));
#9358 = IFCPOLYLOOP((#1332, #1309, #1369));
#9359 = IFCFACEOUTERBOUND(#9358, .T.);
#9360 = IFCFACE((#9359));
#9361 = IFCPOLYLOOP((#1386, #1391, #1317));
#9362 = IFCFACEOUTERBOUND(#9361, .T.);
#9363 = IFCFACE((#9362));
#9364 = IFCPOLYLOOP((#1501, #1496, #1502));
#9365 = IFCFACEOUTERBOUND(#9364, .T.);
#9366 = IFCFACE((#9365));
#9367 = IFCPOLYLOOP((#1701, #1824, #1702));
#9368 = IFCFACEOUTERBOUND(#9367, .T.);
#9369 = IFCFACE((#9368));
#9370 = IFCPOLYLOOP((#1700, #1706, #1711));
#9371 = IFCFACEOUTERBOUND(#9370, .T.);
#9372 = IFCFACE((#9371));
#9373 = IFCPOLYLOOP((#1720, #1722, #1728));
#9374 = IFCFACEOUTERBOUND(#9373, .T.);
#9375 = IFCFACE((#9374));
#9376 = IFCPOLYLOOP((#1727, #1733, #1728));
#9377 = IFCFACEOUTERBOUND(#9376, .T.);
#9378 = IFCFACE((#9377));
#9379 = IFCPOLYLOOP((#1737, #1742, #1732));
#9380 = IFCFACEOUTERBOUND(#9379, .T.);
#9381 = IFCFACE((#9380));
#9382 = IFCPOLYLOOP((#1746, #2704, #1742));
#9383 = IFCFACEOUTERBOUND(#9382, .T.);
#9384 = IFCFACE((#9383));
#9385 = IFCPOLYLOOP((#1750, #1757, #1751));
#9386 = IFCFACEOUTERBOUND(#9385, .T.);
#9387 = IFCFACE((#9386));
#9388 = IFCPOLYLOOP((#1778, #1780, #2742));
#9389 = IFCFACEOUTERBOUND(#9388, .T.);
#9390 = IFCFACE((#9389));
#9391 = IFCPOLYLOOP((#1706, #1784, #1792));
#9392 = IFCFACEOUTERBOUND(#9391, .T.);
#9393 = IFCFACE((#9392));
#9394 = IFCPOLYLOOP((#1792, #1710, #1706));
#9395 = IFCFACEOUTERBOUND(#9394, .T.);
#9396 = IFCFACE((#9395));
#9397 = IFCPOLYLOOP((#1800, #1715, #1793));
#9398 = IFCFACEOUTERBOUND(#9397, .T.);
#9399 = IFCFACE((#9398));
#9400 = IFCPOLYLOOP((#1737, #1727, #1726));
#9401 = IFCFACEOUTERBOUND(#9400, .T.);
#9402 = IFCFACE((#9401));
#9403 = IFCPOLYLOOP((#1812, #1816, #1774));
#9404 = IFCFACEOUTERBOUND(#9403, .T.);
#9405 = IFCFACE((#9404));
#9406 = IFCPOLYLOOP((#1778, #1816, #1779));
#9407 = IFCFACEOUTERBOUND(#9406, .T.);
#9408 = IFCFACE((#9407));
#9409 = IFCPOLYLOOP((#1820, #1337, #1780));
#9410 = IFCFACEOUTERBOUND(#9409, .T.);
#9411 = IFCFACE((#9410));
#9412 = IFCPOLYLOOP((#1828, #1792, #1860));
#9413 = IFCFACEOUTERBOUND(#9412, .T.);
#9414 = IFCFACE((#9413));
#9415 = IFCPOLYLOOP((#1833, #1721, #1800));
#9416 = IFCFACEOUTERBOUND(#9415, .T.);
#9417 = IFCFACE((#9416));
#9418 = IFCPOLYLOOP((#1722, #1840, #1726));
#9419 = IFCFACEOUTERBOUND(#9418, .T.);
#9420 = IFCFACE((#9419));
#9421 = IFCPOLYLOOP((#1808, #1746, #1741));
#9422 = IFCFACEOUTERBOUND(#9421, .T.);
#9423 = IFCFACE((#9422));
#9424 = IFCPOLYLOOP((#1779, #1820, #1780));
#9425 = IFCFACEOUTERBOUND(#9424, .T.);
#9426 = IFCFACE((#9425));
#9427 = IFCPOLYLOOP((#1784, #1860, #1792));
#9428 = IFCFACEOUTERBOUND(#9427, .T.);
#9429 = IFCFACE((#9428));
#9430 = IFCPOLYLOOP((#1800, #1828, #1867));
#9431 = IFCFACEOUTERBOUND(#9430, .T.);
#9432 = IFCFACE((#9431));
#9433 = IFCPOLYLOOP((#1871, #1741, #1737));
#9434 = IFCFACEOUTERBOUND(#9433, .T.);
#9435 = IFCFACE((#9434));
#9436 = IFCPOLYLOOP((#1875, #1808, #1848));
#9437 = IFCFACEOUTERBOUND(#9436, .T.);
#9438 = IFCFACE((#9437));
#9439 = IFCPOLYLOOP((#1756, #1891, #1761));
#9440 = IFCFACEOUTERBOUND(#9439, .T.);
#9441 = IFCFACE((#9440));
#9442 = IFCPOLYLOOP((#1903, #1833, #1832));
#9443 = IFCFACEOUTERBOUND(#9442, .T.);
#9444 = IFCFACE((#9443));
#9445 = IFCPOLYLOOP((#1910, #1876, #1875));
#9446 = IFCFACEOUTERBOUND(#9445, .T.);
#9447 = IFCFACE((#9446));
#9448 = IFCPOLYLOOP((#1891, #1812, #1761));
#9449 = IFCFACEOUTERBOUND(#9448, .T.);
#9450 = IFCFACE((#9449));
#9451 = IFCPOLYLOOP((#1918, #1922, #1812));
#9452 = IFCFACEOUTERBOUND(#9451, .T.);
#9453 = IFCFACE((#9452));
#9454 = IFCPOLYLOOP((#1923, #1855, #1816));
#9455 = IFCFACEOUTERBOUND(#9454, .T.);
#9456 = IFCFACE((#9455));
#9457 = IFCPOLYLOOP((#1931, #1898, #2007));
#9458 = IFCFACEOUTERBOUND(#9457, .T.);
#9459 = IFCFACE((#9458));
#9460 = IFCPOLYLOOP((#1859, #1935, #1939));
#9461 = IFCFACEOUTERBOUND(#9460, .T.);
#9462 = IFCFACE((#9461));
#9463 = IFCPOLYLOOP((#1860, #1939, #1943));
#9464 = IFCFACEOUTERBOUND(#9463, .T.);
#9465 = IFCFACE((#9464));
#9466 = IFCPOLYLOOP((#1902, #1832, #1947));
#9467 = IFCFACEOUTERBOUND(#9466, .T.);
#9468 = IFCFACE((#9467));
#9469 = IFCPOLYLOOP((#1956, #1840, #1903));
#9470 = IFCFACEOUTERBOUND(#9469, .T.);
#9471 = IFCFACE((#9470));
#9472 = IFCPOLYLOOP((#1956, #1966, #1844));
#9473 = IFCFACEOUTERBOUND(#9472, .T.);
#9474 = IFCFACE((#9473));
#9475 = IFCPOLYLOOP((#1844, #1967, #1871));
#9476 = IFCFACEOUTERBOUND(#9475, .T.);
#9477 = IFCFACE((#9476));
#9478 = IFCPOLYLOOP((#1972, #1848, #1871));
#9479 = IFCFACEOUTERBOUND(#9478, .T.);
#9480 = IFCFACE((#9479));
#9481 = IFCPOLYLOOP((#1884, #1910, #1991));
#9482 = IFCFACEOUTERBOUND(#9481, .T.);
#9483 = IFCFACE((#9482));
#9484 = IFCPOLYLOOP((#1998, #1923, #1922));
#9485 = IFCFACEOUTERBOUND(#9484, .T.);
#9486 = IFCFACE((#9485));
#9487 = IFCPOLYLOOP((#2016, #1943, #2012));
#9488 = IFCFACEOUTERBOUND(#9487, .T.);
#9489 = IFCFACE((#9488));
#9490 = IFCPOLYLOOP((#1955, #1903, #1902));
#9491 = IFCFACEOUTERBOUND(#9490, .T.);
#9492 = IFCFACE((#9491));
#9493 = IFCPOLYLOOP((#1984, #1972, #1971));
#9494 = IFCFACEOUTERBOUND(#9493, .T.);
#9495 = IFCFACE((#9494));
#9496 = IFCPOLYLOOP((#1910, #1984, #2035));
#9497 = IFCFACEOUTERBOUND(#9496, .T.);
#9498 = IFCFACE((#9497));
#9499 = IFCPOLYLOOP((#2035, #2039, #1991));
#9500 = IFCFACEOUTERBOUND(#9499, .T.);
#9501 = IFCFACE((#9500));
#9502 = IFCPOLYLOOP((#1991, #2040, #1976));
#9503 = IFCFACEOUTERBOUND(#9502, .T.);
#9504 = IFCFACE((#9503));
#9505 = IFCPOLYLOOP((#1927, #2002, #2761));
#9506 = IFCFACEOUTERBOUND(#9505, .T.);
#9507 = IFCFACE((#9506));
#9508 = IFCPOLYLOOP((#2006, #2047, #2124));
#9509 = IFCFACEOUTERBOUND(#9508, .T.);
#9510 = IFCFACE((#9509));
#9511 = IFCPOLYLOOP((#2006, #2124, #2051));
#9512 = IFCFACEOUTERBOUND(#9511, .T.);
#9513 = IFCFACE((#9512));
#9514 = IFCPOLYLOOP((#1935, #2051, #2134));
#9515 = IFCFACEOUTERBOUND(#9514, .T.);
#9516 = IFCFACE((#9515));
#9517 = IFCPOLYLOOP((#1935, #2134, #2058));
#9518 = IFCFACEOUTERBOUND(#9517, .T.);
#9519 = IFCFACE((#9518));
#9520 = IFCPOLYLOOP((#2020, #1902, #1951));
#9521 = IFCFACEOUTERBOUND(#9520, .T.);
#9522 = IFCFACE((#9521));
#9523 = IFCPOLYLOOP((#2024, #1955, #2020));
#9524 = IFCFACEOUTERBOUND(#9523, .T.);
#9525 = IFCFACE((#9524));
#9526 = IFCPOLYLOOP((#2075, #1966, #2024));
#9527 = IFCFACEOUTERBOUND(#9526, .T.);
#9528 = IFCFACE((#9527));
#9529 = IFCPOLYLOOP((#2087, #1918, #1980));
#9530 = IFCFACEOUTERBOUND(#9529, .T.);
#9531 = IFCFACE((#9530));
#9532 = IFCPOLYLOOP((#2094, #2098, #1923));
#9533 = IFCFACEOUTERBOUND(#9532, .T.);
#9534 = IFCFACE((#9533));
#9535 = IFCPOLYLOOP((#2106, #2020, #2066));
#9536 = IFCFACEOUTERBOUND(#9535, .T.);
#9537 = IFCFACE((#9536));
#9538 = IFCPOLYLOOP((#2110, #2174, #2035));
#9539 = IFCFACEOUTERBOUND(#9538, .T.);
#9540 = IFCFACE((#9539));
#9541 = IFCPOLYLOOP((#2124, #2125, #2130));
#9542 = IFCFACEOUTERBOUND(#9541, .T.);
#9543 = IFCFACE((#9542));
#9544 = IFCPOLYLOOP((#2134, #2129, #2138));
#9545 = IFCFACEOUTERBOUND(#9544, .T.);
#9546 = IFCFACE((#9545));
#9547 = IFCPOLYLOOP((#2058, #2138, #2237));
#9548 = IFCFACEOUTERBOUND(#9547, .T.);
#9549 = IFCFACE((#9548));
#9550 = IFCPOLYLOOP((#2012, #2237, #2142));
#9551 = IFCFACEOUTERBOUND(#9550, .T.);
#9552 = IFCFACE((#9551));
#9553 = IFCPOLYLOOP((#2062, #2150, #2066));
#9554 = IFCFACEOUTERBOUND(#9553, .T.);
#9555 = IFCFACE((#9554));
#9556 = IFCPOLYLOOP((#2155, #2070, #2106));
#9557 = IFCFACEOUTERBOUND(#9556, .T.);
#9558 = IFCFACE((#9557));
#9559 = IFCPOLYLOOP((#2074, #2024, #2070));
#9560 = IFCFACEOUTERBOUND(#9559, .T.);
#9561 = IFCFACE((#9560));
#9562 = IFCPOLYLOOP((#2162, #2079, #2075));
#9563 = IFCFACEOUTERBOUND(#9562, .T.);
#9564 = IFCFACE((#9563));
#9565 = IFCPOLYLOOP((#2170, #2028, #2083));
#9566 = IFCFACEOUTERBOUND(#9565, .T.);
#9567 = IFCFACE((#9566));
#9568 = IFCPOLYLOOP((#2039, #2174, #2178));
#9569 = IFCFACEOUTERBOUND(#9568, .T.);
#9570 = IFCFACE((#9569));
#9571 = IFCPOLYLOOP((#2178, #2117, #2039));
#9572 = IFCFACEOUTERBOUND(#9571, .T.);
#9573 = IFCFACE((#9572));
#9574 = IFCPOLYLOOP((#2183, #2264, #2087));
#9575 = IFCFACEOUTERBOUND(#9574, .T.);
#9576 = IFCFACE((#9575));
#9577 = IFCPOLYLOOP((#2087, #2264, #2187));
#9578 = IFCFACEOUTERBOUND(#9577, .T.);
#9579 = IFCFACE((#9578));
#9580 = IFCPOLYLOOP((#2191, #2094, #1998));
#9581 = IFCFACEOUTERBOUND(#9580, .T.);
#9582 = IFCFACE((#9581));
#9583 = IFCPOLYLOOP((#2154, #2106, #2150));
#9584 = IFCFACEOUTERBOUND(#9583, .T.);
#9585 = IFCFACE((#9584));
#9586 = IFCPOLYLOOP((#2200, #2074, #2155));
#9587 = IFCFACEOUTERBOUND(#9586, .T.);
#9588 = IFCFACE((#9587));
#9589 = IFCPOLYLOOP((#2162, #2075, #2074));
#9590 = IFCFACEOUTERBOUND(#9589, .T.);
#9591 = IFCFACE((#9590));
#9592 = IFCPOLYLOOP((#2110, #2211, #2174));
#9593 = IFCFACEOUTERBOUND(#9592, .T.);
#9594 = IFCFACE((#9593));
#9595 = IFCPOLYLOOP((#2098, #2094, #2218));
#9596 = IFCFACEOUTERBOUND(#9595, .T.);
#9597 = IFCFACE((#9596));
#9598 = IFCPOLYLOOP((#2130, #2226, #2230));
#9599 = IFCFACEOUTERBOUND(#9598, .T.);
#9600 = IFCFACE((#9599));
#9601 = IFCPOLYLOOP((#2138, #2230, #2326));
#9602 = IFCFACEOUTERBOUND(#9601, .T.);
#9603 = IFCFACE((#9602));
#9604 = IFCPOLYLOOP((#2138, #2326, #2238));
#9605 = IFCFACEOUTERBOUND(#9604, .T.);
#9606 = IFCFACE((#9605));
#9607 = IFCPOLYLOOP((#2142, #2242, #2249));
#9608 = IFCFACEOUTERBOUND(#9607, .T.);
#9609 = IFCFACE((#9608));
#9610 = IFCPOLYLOOP((#2146, #2249, #2253));
#9611 = IFCFACEOUTERBOUND(#9610, .T.);
#9612 = IFCFACE((#9611));
#9613 = IFCPOLYLOOP((#2146, #2195, #2150));
#9614 = IFCFACEOUTERBOUND(#9613, .T.);
#9615 = IFCFACE((#9614));
#9616 = IFCPOLYLOOP((#2199, #2155, #2154));
#9617 = IFCFACEOUTERBOUND(#9616, .T.);
#9618 = IFCFACE((#9617));
#9619 = IFCPOLYLOOP((#2178, #2211, #2358));
#9620 = IFCFACEOUTERBOUND(#9619, .T.);
#9621 = IFCFACE((#9620));
#9622 = IFCPOLYLOOP((#2264, #2266, #2187));
#9623 = IFCFACEOUTERBOUND(#9622, .T.);
#9624 = IFCFACE((#9623));
#9625 = IFCPOLYLOOP((#2191, #2271, #2094));
#9626 = IFCFACEOUTERBOUND(#9625, .T.);
#9627 = IFCFACE((#9626));
#9628 = IFCPOLYLOOP((#2257, #2154, #2195));
#9629 = IFCFACEOUTERBOUND(#9628, .T.);
#9630 = IFCFACE((#9629));
#9631 = IFCPOLYLOOP((#2287, #2199, #2257));
#9632 = IFCFACEOUTERBOUND(#9631, .T.);
#9633 = IFCFACE((#9632));
#9634 = IFCPOLYLOOP((#2291, #2200, #2199));
#9635 = IFCFACEOUTERBOUND(#9634, .T.);
#9636 = IFCFACE((#9635));
#9637 = IFCPOLYLOOP((#2162, #2299, #2163));
#9638 = IFCFACEOUTERBOUND(#9637, .T.);
#9639 = IFCFACE((#9638));
#9640 = IFCPOLYLOOP((#2303, #2170, #2163));
#9641 = IFCFACEOUTERBOUND(#9640, .T.);
#9642 = IFCFACE((#9641));
#9643 = IFCPOLYLOOP((#2183, #2265, #2264));
#9644 = IFCFACEOUTERBOUND(#9643, .T.);
#9645 = IFCFACE((#9644));
#9646 = IFCPOLYLOOP((#2266, #2270, #2191));
#9647 = IFCFACEOUTERBOUND(#9646, .T.);
#9648 = IFCFACE((#9647));
#9649 = IFCPOLYLOOP((#2230, #2318, #2413));
#9650 = IFCFACEOUTERBOUND(#9649, .T.);
#9651 = IFCFACE((#9650));
#9652 = IFCPOLYLOOP((#2230, #2413, #2327));
#9653 = IFCFACEOUTERBOUND(#9652, .T.);
#9654 = IFCFACE((#9653));
#9655 = IFCPOLYLOOP((#2238, #2327, #2334));
#9656 = IFCFACEOUTERBOUND(#9655, .T.);
#9657 = IFCFACE((#9656));
#9658 = IFCPOLYLOOP((#2242, #2334, #2338));
#9659 = IFCFACEOUTERBOUND(#9658, .T.);
#9660 = IFCFACE((#9659));
#9661 = IFCPOLYLOOP((#2249, #2338, #2429));
#9662 = IFCFACEOUTERBOUND(#9661, .T.);
#9663 = IFCFACE((#9662));
#9664 = IFCPOLYLOOP((#2282, #2195, #2253));
#9665 = IFCFACEOUTERBOUND(#9664, .T.);
#9666 = IFCFACE((#9665));
#9667 = IFCPOLYLOOP((#2346, #2303, #2299));
#9668 = IFCFACEOUTERBOUND(#9667, .T.);
#9669 = IFCFACE((#9668));
#9670 = IFCPOLYLOOP((#2347, #2357, #2211));
#9671 = IFCFACEOUTERBOUND(#9670, .T.);
#9672 = IFCFACE((#9671));
#9673 = IFCPOLYLOOP((#2357, #2362, #2358));
#9674 = IFCFACEOUTERBOUND(#9673, .T.);
#9675 = IFCFACE((#9674));
#9676 = IFCPOLYLOOP((#2358, #2363, #2179));
#9677 = IFCFACEOUTERBOUND(#9676, .T.);
#9678 = IFCFACE((#9677));
#9679 = IFCPOLYLOOP((#2271, #2270, #2367));
#9680 = IFCFACEOUTERBOUND(#9679, .T.);
#9681 = IFCFACE((#9680));
#9682 = IFCPOLYLOOP((#2372, #2282, #2342));
#9683 = IFCFACEOUTERBOUND(#9682, .T.);
#9684 = IFCFACE((#9683));
#9685 = IFCPOLYLOOP((#2286, #2257, #2282));
#9686 = IFCFACEOUTERBOUND(#9685, .T.);
#9687 = IFCFACE((#9686));
#9688 = IFCPOLYLOOP((#2291, #2383, #2295));
#9689 = IFCFACEOUTERBOUND(#9688, .T.);
#9690 = IFCFACE((#9689));
#9691 = IFCPOLYLOOP((#2383, #2477, #2299));
#9692 = IFCFACEOUTERBOUND(#9691, .T.);
#9693 = IFCFACE((#9692));
#9694 = IFCPOLYLOOP((#2307, #2363, #2393));
#9695 = IFCFACEOUTERBOUND(#9694, .T.);
#9696 = IFCFACE((#9695));
#9697 = IFCPOLYLOOP((#2307, #2394, #2265));
#9698 = IFCFACEOUTERBOUND(#9697, .T.);
#9699 = IFCFACE((#9698));
#9700 = IFCPOLYLOOP((#2266, #2394, #2314));
#9701 = IFCFACEOUTERBOUND(#9700, .T.);
#9702 = IFCFACE((#9701));
#9703 = IFCPOLYLOOP((#2401, #2445, #2270));
#9704 = IFCFACEOUTERBOUND(#9703, .T.);
#9705 = IFCFACE((#9704));
#9706 = IFCPOLYLOOP((#2318, #2405, #2414));
#9707 = IFCFACEOUTERBOUND(#9706, .T.);
#9708 = IFCFACE((#9707));
#9709 = IFCPOLYLOOP((#2413, #2414, #2504));
#9710 = IFCFACEOUTERBOUND(#9709, .T.);
#9711 = IFCFACE((#9710));
#9712 = IFCPOLYLOOP((#2413, #2504, #2418));
#9713 = IFCFACEOUTERBOUND(#9712, .T.);
#9714 = IFCFACE((#9713));
#9715 = IFCPOLYLOOP((#2334, #2418, #2513));
#9716 = IFCFACEOUTERBOUND(#9715, .T.);
#9717 = IFCFACE((#9716));
#9718 = IFCPOLYLOOP((#2334, #2513, #2425));
#9719 = IFCFACEOUTERBOUND(#9718, .T.);
#9720 = IFCFACE((#9719));
#9721 = IFCPOLYLOOP((#2429, #2425, #2451));
#9722 = IFCFACEOUTERBOUND(#9721, .T.);
#9723 = IFCFACE((#9722));
#9724 = IFCPOLYLOOP((#2437, #2362, #2357));
#9725 = IFCFACEOUTERBOUND(#9724, .T.);
#9726 = IFCFACE((#9725));
#9727 = IFCPOLYLOOP((#2446, #2536, #2367));
#9728 = IFCFACEOUTERBOUND(#9727, .T.);
#9729 = IFCFACE((#9728));
#9730 = IFCPOLYLOOP((#2371, #2342, #2451));
#9731 = IFCFACEOUTERBOUND(#9730, .T.);
#9732 = IFCFACE((#9731));
#9733 = IFCPOLYLOOP((#2456, #2372, #2371));
#9734 = IFCFACEOUTERBOUND(#9733, .T.);
#9735 = IFCFACE((#9734));
#9736 = IFCPOLYLOOP((#2456, #2286, #2372));
#9737 = IFCFACEOUTERBOUND(#9736, .T.);
#9738 = IFCFACE((#9737));
#9739 = IFCPOLYLOOP((#2464, #2471, #2379));
#9740 = IFCFACEOUTERBOUND(#9739, .T.);
#9741 = IFCFACE((#9740));
#9742 = IFCPOLYLOOP((#2379, #2472, #2383));
#9743 = IFCFACEOUTERBOUND(#9742, .T.);
#9744 = IFCFACE((#9743));
#9745 = IFCPOLYLOOP((#2433, #2346, #2477));
#9746 = IFCFACEOUTERBOUND(#9745, .T.);
#9747 = IFCFACE((#9746));
#9748 = IFCPOLYLOOP((#2347, #2433, #2437));
#9749 = IFCFACEOUTERBOUND(#9748, .T.);
#9750 = IFCFACE((#9749));
#9751 = IFCPOLYLOOP((#2438, #2485, #2393));
#9752 = IFCFACEOUTERBOUND(#9751, .T.);
#9753 = IFCFACE((#9752));
#9754 = IFCPOLYLOOP((#2485, #2492, #2394));
#9755 = IFCFACEOUTERBOUND(#9754, .T.);
#9756 = IFCFACE((#9755));
#9757 = IFCPOLYLOOP((#2493, #2401, #2314));
#9758 = IFCFACEOUTERBOUND(#9757, .T.);
#9759 = IFCFACE((#9758));
#9760 = IFCPOLYLOOP((#2414, #2500, #2505));
#9761 = IFCFACEOUTERBOUND(#9760, .T.);
#9762 = IFCFACE((#9761));
#9763 = IFCPOLYLOOP((#2504, #2505, #2565));
#9764 = IFCFACEOUTERBOUND(#9763, .T.);
#9765 = IFCFACE((#9764));
#9766 = IFCPOLYLOOP((#2504, #2565, #2509));
#9767 = IFCFACEOUTERBOUND(#9766, .T.);
#9768 = IFCFACE((#9767));
#9769 = IFCPOLYLOOP((#2513, #2509, #2573));
#9770 = IFCFACEOUTERBOUND(#9769, .T.);
#9771 = IFCFACE((#9770));
#9772 = IFCPOLYLOOP((#2513, #2573, #2517));
#9773 = IFCFACEOUTERBOUND(#9772, .T.);
#9774 = IFCFACE((#9773));
#9775 = IFCPOLYLOOP((#2425, #2517, #2521));
#9776 = IFCFACEOUTERBOUND(#9775, .T.);
#9777 = IFCFACE((#9776));
#9778 = IFCPOLYLOOP((#2476, #2477, #2472));
#9779 = IFCFACEOUTERBOUND(#9778, .T.);
#9780 = IFCFACE((#9779));
#9781 = IFCPOLYLOOP((#2500, #2541, #2561));
#9782 = IFCFACEOUTERBOUND(#9781, .T.);
#9783 = IFCFACE((#9782));
#9784 = IFCPOLYLOOP((#2484, #2438, #2437));
#9785 = IFCFACEOUTERBOUND(#9784, .T.);
#9786 = IFCFACE((#9785));
#9787 = IFCPOLYLOOP((#2553, #2822, #2401));
#9788 = IFCFACEOUTERBOUND(#9787, .T.);
#9789 = IFCFACE((#9788));
#9790 = IFCPOLYLOOP((#2446, #2822, #1398));
#9791 = IFCFACEOUTERBOUND(#9790, .T.);
#9792 = IFCFACE((#9791));
#9793 = IFCPOLYLOOP((#2565, #2560, #2569));
#9794 = IFCFACEOUTERBOUND(#9793, .T.);
#9795 = IFCFACE((#9794));
#9796 = IFCPOLYLOOP((#2509, #2569, #2574));
#9797 = IFCFACEOUTERBOUND(#9796, .T.);
#9798 = IFCFACE((#9797));
#9799 = IFCPOLYLOOP((#2573, #2574, #2803));
#9800 = IFCFACEOUTERBOUND(#9799, .T.);
#9801 = IFCFACE((#9800));
#9802 = IFCPOLYLOOP((#2573, #2803, #2578));
#9803 = IFCFACEOUTERBOUND(#9802, .T.);
#9804 = IFCFACE((#9803));
#9805 = IFCPOLYLOOP((#2521, #2578, #2775));
#9806 = IFCFACEOUTERBOUND(#9805, .T.);
#9807 = IFCFACE((#9806));
#9808 = IFCPOLYLOOP((#2521, #2775, #2585));
#9809 = IFCFACEOUTERBOUND(#9808, .T.);
#9810 = IFCFACE((#9809));
#9811 = IFCPOLYLOOP((#2593, #2455, #2528));
#9812 = IFCFACEOUTERBOUND(#9811, .T.);
#9813 = IFCFACE((#9812));
#9814 = IFCPOLYLOOP((#2594, #2604, #2460));
#9815 = IFCFACEOUTERBOUND(#9814, .T.);
#9816 = IFCFACE((#9815));
#9817 = IFCPOLYLOOP((#2460, #2605, #2464));
#9818 = IFCFACEOUTERBOUND(#9817, .T.);
#9819 = IFCFACE((#9818));
#9820 = IFCPOLYLOOP((#2464, #2609, #2471));
#9821 = IFCFACEOUTERBOUND(#9820, .T.);
#9822 = IFCFACE((#9821));
#9823 = IFCPOLYLOOP((#2532, #2472, #2471));
#9824 = IFCFACEOUTERBOUND(#9823, .T.);
#9825 = IFCFACE((#9824));
#9826 = IFCPOLYLOOP((#2545, #2433, #2476));
#9827 = IFCFACEOUTERBOUND(#9826, .T.);
#9828 = IFCFACE((#9827));
#9829 = IFCPOLYLOOP((#2624, #2493, #2492));
#9830 = IFCFACEOUTERBOUND(#9829, .T.);
#9831 = IFCFACE((#9830));
#9832 = IFCPOLYLOOP((#2561, #2631, #2686));
#9833 = IFCFACEOUTERBOUND(#9832, .T.);
#9834 = IFCFACE((#9833));
#9835 = IFCPOLYLOOP((#2007, #2654, #2650));
#9836 = IFCFACEOUTERBOUND(#9835, .T.);
#9837 = IFCFACE((#9836));
#9838 = IFCPOLYLOOP((#2654, #1824, #2646));
#9839 = IFCFACEOUTERBOUND(#9838, .T.);
#9840 = IFCFACE((#9839));
#9841 = IFCPOLYLOOP((#2658, #2125, #2047));
#9842 = IFCFACEOUTERBOUND(#9841, .T.);
#9843 = IFCFACE((#9842));
#9844 = IFCPOLYLOOP((#2631, #2682, #2686));
#9845 = IFCFACEOUTERBOUND(#9844, .T.);
#9846 = IFCFACE((#9845));
#9847 = IFCPOLYLOOP((#1463, #2560, #2686));
#9848 = IFCFACEOUTERBOUND(#9847, .T.);
#9849 = IFCFACE((#9848));
#9850 = IFCPOLYLOOP((#1463, #2569, #2560));
#9851 = IFCFACEOUTERBOUND(#9850, .T.);
#9852 = IFCFACE((#9851));
#9853 = IFCPOLYLOOP((#1468, #2574, #2569));
#9854 = IFCFACEOUTERBOUND(#9853, .T.);
#9855 = IFCFACE((#9854));
#9856 = IFCPOLYLOOP((#2574, #1521, #2803));
#9857 = IFCFACEOUTERBOUND(#9856, .T.);
#9858 = IFCFACE((#9857));
#9859 = IFCPOLYLOOP((#1525, #2578, #2803));
#9860 = IFCFACEOUTERBOUND(#9859, .T.);
#9861 = IFCFACE((#9860));
#9862 = IFCPOLYLOOP((#1751, #2713, #2708));
#9863 = IFCFACEOUTERBOUND(#9862, .T.);
#9864 = IFCFACE((#9863));
#9865 = IFCPOLYLOOP((#1774, #1778, #2738));
#9866 = IFCFACEOUTERBOUND(#9865, .T.);
#9867 = IFCFACE((#9866));
#9868 = IFCPOLYLOOP((#2738, #2742, #8544));
#9869 = IFCFACEOUTERBOUND(#9868, .T.);
#9870 = IFCFACE((#9869));
#9871 = IFCPOLYLOOP((#1336, #8544, #2742));
#9872 = IFCFACEOUTERBOUND(#9871, .T.);
#9873 = IFCFACE((#9872));
#9874 = IFCPOLYLOOP((#1214, #1820, #1927));
#9875 = IFCFACEOUTERBOUND(#9874, .T.);
#9876 = IFCFACE((#9875));
#9877 = IFCPOLYLOOP((#1235, #1927, #2761));
#9878 = IFCFACEOUTERBOUND(#9877, .T.);
#9879 = IFCFACE((#9878));
#9880 = IFCPOLYLOOP((#1236, #2102, #2222));
#9881 = IFCFACEOUTERBOUND(#9880, .T.);
#9882 = IFCFACE((#9881));
#9883 = IFCPOLYLOOP((#2536, #1295, #2771));
#9884 = IFCFACEOUTERBOUND(#9883, .T.);
#9885 = IFCFACE((#9884));
#9886 = IFCPOLYLOOP((#2771, #1273, #2222));
#9887 = IFCFACEOUTERBOUND(#9886, .T.);
#9888 = IFCFACE((#9887));
#9889 = IFCPOLYLOOP((#2699, #1530, #2775));
#9890 = IFCFACEOUTERBOUND(#9889, .T.);
#9891 = IFCFACE((#9890));
#9892 = IFCPOLYLOOP((#1474, #2775, #1530));
#9893 = IFCFACEOUTERBOUND(#9892, .T.);
#9894 = IFCFACE((#9893));
#9895 = IFCPOLYLOOP((#2594, #1479, #1483));
#9896 = IFCFACEOUTERBOUND(#9895, .T.);
#9897 = IFCFACE((#9896));
#9898 = IFCPOLYLOOP((#1487, #2605, #2604));
#9899 = IFCFACEOUTERBOUND(#9898, .T.);
#9900 = IFCFACE((#9899));
#9901 = IFCPOLYLOOP((#1492, #2609, #2605));
#9902 = IFCFACEOUTERBOUND(#9901, .T.);
#9903 = IFCFACE((#9902));
#9904 = IFCPOLYLOOP((#2609, #1501, #1500));
#9905 = IFCFACEOUTERBOUND(#9904, .T.);
#9906 = IFCFACE((#9905));
#9907 = IFCPOLYLOOP((#1507, #2620, #2616));
#9908 = IFCFACEOUTERBOUND(#9907, .T.);
#9909 = IFCFACE((#9908));
#9910 = IFCPOLYLOOP((#2549, #1535, #1540));
#9911 = IFCFACEOUTERBOUND(#9910, .T.);
#9912 = IFCFACE((#9911));
#9913 = IFCPOLYLOOP((#2880, #2882, #3067));
#9914 = IFCFACEOUTERBOUND(#9913, .T.);
#9915 = IFCFACE((#9914));
#9916 = IFCPOLYLOOP((#2887, #2882, #2888));
#9917 = IFCFACEOUTERBOUND(#9916, .T.);
#9918 = IFCFACE((#9917));
#9919 = IFCPOLYLOOP((#2892, #2886, #2888));
#9920 = IFCFACEOUTERBOUND(#9919, .T.);
#9921 = IFCFACE((#9920));
#9922 = IFCPOLYLOOP((#2897, #2893, #2892));
#9923 = IFCFACEOUTERBOUND(#9922, .T.);
#9924 = IFCFACE((#9923));
#9925 = IFCPOLYLOOP((#2914, #2908, #2951));
#9926 = IFCFACEOUTERBOUND(#9925, .T.);
#9927 = IFCFACE((#9926));
#9928 = IFCPOLYLOOP((#2918, #5793, #2881));
#9929 = IFCFACEOUTERBOUND(#9928, .T.);
#9930 = IFCFACE((#9929));
#9931 = IFCPOLYLOOP((#2922, #2927, #2882));
#9932 = IFCFACEOUTERBOUND(#9931, .T.);
#9933 = IFCFACE((#9932));
#9934 = IFCPOLYLOOP((#2897, #2935, #2939));
#9935 = IFCFACEOUTERBOUND(#9934, .T.);
#9936 = IFCFACE((#9935));
#9937 = IFCPOLYLOOP((#2910, #2943, #2947));
#9938 = IFCFACEOUTERBOUND(#9937, .T.);
#9939 = IFCFACE((#9938));
#9940 = IFCPOLYLOOP((#2951, #2947, #3086));
#9941 = IFCFACEOUTERBOUND(#9940, .T.);
#9942 = IFCFACE((#9941));
#9943 = IFCPOLYLOOP((#2939, #2960, #2943));
#9944 = IFCFACEOUTERBOUND(#9943, .T.);
#9945 = IFCFACE((#9944));
#9946 = IFCPOLYLOOP((#2943, #2960, #2964));
#9947 = IFCFACEOUTERBOUND(#9946, .T.);
#9948 = IFCFACE((#9947));
#9949 = IFCPOLYLOOP((#2927, #2926, #2968));
#9950 = IFCFACEOUTERBOUND(#9949, .T.);
#9951 = IFCFACE((#9950));
#9952 = IFCPOLYLOOP((#2964, #2973, #3086));
#9953 = IFCFACEOUTERBOUND(#9952, .T.);
#9954 = IFCFACE((#9953));
#9955 = IFCPOLYLOOP((#2935, #2968, #2980));
#9956 = IFCFACEOUTERBOUND(#9955, .T.);
#9957 = IFCFACE((#9956));
#9958 = IFCPOLYLOOP((#2939, #2980, #2959));
#9959 = IFCFACEOUTERBOUND(#9958, .T.);
#9960 = IFCFACE((#9959));
#9961 = IFCPOLYLOOP((#2972, #2987, #3024));
#9962 = IFCFACEOUTERBOUND(#9961, .T.);
#9963 = IFCFACE((#9962));
#9964 = IFCPOLYLOOP((#2972, #3024, #2994));
#9965 = IFCFACEOUTERBOUND(#9964, .T.);
#9966 = IFCFACE((#9965));
#9967 = IFCPOLYLOOP((#3003, #3008, #2968));
#9968 = IFCFACEOUTERBOUND(#9967, .T.);
#9969 = IFCFACE((#9968));
#9970 = IFCPOLYLOOP((#2980, #3008, #3012));
#9971 = IFCFACEOUTERBOUND(#9970, .T.);
#9972 = IFCFACE((#9971));
#9973 = IFCPOLYLOOP((#2959, #3012, #3016));
#9974 = IFCFACEOUTERBOUND(#9973, .T.);
#9975 = IFCFACE((#9974));
#9976 = IFCPOLYLOOP((#3024, #3020, #3025));
#9977 = IFCFACEOUTERBOUND(#9976, .T.);
#9978 = IFCFACE((#9977));
#9979 = IFCPOLYLOOP((#3030, #3003, #2998));
#9980 = IFCFACEOUTERBOUND(#9979, .T.);
#9981 = IFCFACE((#9980));
#9982 = IFCPOLYLOOP((#3038, #3007, #3003));
#9983 = IFCFACEOUTERBOUND(#9982, .T.);
#9984 = IFCFACE((#9983));
#9985 = IFCPOLYLOOP((#3008, #3007, #3042));
#9986 = IFCFACEOUTERBOUND(#9985, .T.);
#9987 = IFCFACE((#9986));
#9988 = IFCPOLYLOOP((#3016, #3034, #3049));
#9989 = IFCFACEOUTERBOUND(#9988, .T.);
#9990 = IFCFACE((#9989));
#9991 = IFCPOLYLOOP((#3049, #3054, #3020));
#9992 = IFCFACEOUTERBOUND(#9991, .T.);
#9993 = IFCFACE((#9992));
#9994 = IFCPOLYLOOP((#2898, #2904, #2903));
#9995 = IFCFACEOUTERBOUND(#9994, .T.);
#9996 = IFCFACE((#9995));
#9997 = IFCPOLYLOOP((#2903, #2910, #2909));
#9998 = IFCFACEOUTERBOUND(#9997, .T.);
#9999 = IFCFACE((#9998));
#10000 = IFCPOLYLOOP((#3066, #2918, #2880));
#10001 = IFCFACEOUTERBOUND(#10000, .T.);
#10002 = IFCFACE((#10001));
#10003 = IFCPOLYLOOP((#3091, #3086, #2973));
#10004 = IFCFACEOUTERBOUND(#10003, .T.);
#10005 = IFCFACE((#10004));
#10006 = IFCPOLYLOOP((#2839, #2973, #2994));
#10007 = IFCFACEOUTERBOUND(#10006, .T.);
#10008 = IFCFACE((#10007));
#10009 = IFCPOLYLOOP((#3025, #2839, #2994));
#10010 = IFCFACEOUTERBOUND(#10009, .T.);
#10011 = IFCFACE((#10010));
#10012 = IFCPOLYLOOP((#3054, #3105, #3025));
#10013 = IFCFACEOUTERBOUND(#10012, .T.);
#10014 = IFCFACE((#10013));
#10015 = IFCPOLYLOOP((#3120, #3125, #2650));
#10016 = IFCFACEOUTERBOUND(#10015, .T.);
#10017 = IFCFACE((#10016));
#10018 = IFCPOLYLOOP((#2658, #3125, #3142));
#10019 = IFCFACEOUTERBOUND(#10018, .T.);
#10020 = IFCFACE((#10019));
#10021 = IFCPOLYLOOP((#3132, #3133, #3138));
#10022 = IFCFACEOUTERBOUND(#10021, .T.);
#10023 = IFCFACE((#10022));
#10024 = IFCPOLYLOOP((#3125, #3124, #3143));
#10025 = IFCFACEOUTERBOUND(#10024, .T.);
#10026 = IFCFACE((#10025));
#10027 = IFCPOLYLOOP((#3156, #3151, #3161));
#10028 = IFCFACEOUTERBOUND(#10027, .T.);
#10029 = IFCFACE((#10028));
#10030 = IFCPOLYLOOP((#3160, #3161, #3166));
#10031 = IFCFACEOUTERBOUND(#10030, .T.);
#10032 = IFCFACE((#10031));
#10033 = IFCPOLYLOOP((#3170, #3172, #3165));
#10034 = IFCFACEOUTERBOUND(#10033, .T.);
#10035 = IFCFACE((#10034));
#10036 = IFCPOLYLOOP((#3151, #3177, #3161));
#10037 = IFCFACEOUTERBOUND(#10036, .T.);
#10038 = IFCFACE((#10037));
#10039 = IFCPOLYLOOP((#3166, #3177, #3184));
#10040 = IFCFACEOUTERBOUND(#10039, .T.);
#10041 = IFCFACE((#10040));
#10042 = IFCPOLYLOOP((#3165, #3184, #3211));
#10043 = IFCFACEOUTERBOUND(#10042, .T.);
#10044 = IFCFACE((#10043));
#10045 = IFCPOLYLOOP((#3124, #3192, #3199));
#10046 = IFCFACEOUTERBOUND(#10045, .T.);
#10047 = IFCFACE((#10046));
#10048 = IFCPOLYLOOP((#3143, #3199, #3203));
#10049 = IFCFACEOUTERBOUND(#10048, .T.);
#10050 = IFCFACE((#10049));
#10051 = IFCPOLYLOOP((#3147, #3203, #3207));
#10052 = IFCFACEOUTERBOUND(#10051, .T.);
#10053 = IFCFACE((#10052));
#10054 = IFCPOLYLOOP((#3151, #3207, #3176));
#10055 = IFCFACEOUTERBOUND(#10054, .T.);
#10056 = IFCFACE((#10055));
#10057 = IFCPOLYLOOP((#3211, #3213, #3170));
#10058 = IFCFACEOUTERBOUND(#10057, .T.);
#10059 = IFCFACE((#10058));
#10060 = IFCPOLYLOOP((#3219, #3138, #3217));
#10061 = IFCFACEOUTERBOUND(#10060, .T.);
#10062 = IFCFACE((#10061));
#10063 = IFCPOLYLOOP((#3226, #3192, #3188));
#10064 = IFCFACEOUTERBOUND(#10063, .T.);
#10065 = IFCFACE((#10064));
#10066 = IFCPOLYLOOP((#3203, #3231, #3284));
#10067 = IFCFACEOUTERBOUND(#10066, .T.);
#10068 = IFCFACE((#10067));
#10069 = IFCPOLYLOOP((#3203, #3284, #3238));
#10070 = IFCFACEOUTERBOUND(#10069, .T.);
#10071 = IFCFACE((#10070));
#10072 = IFCPOLYLOOP((#3207, #3238, #3242));
#10073 = IFCFACEOUTERBOUND(#10072, .T.);
#10074 = IFCFACE((#10073));
#10075 = IFCPOLYLOOP((#3176, #3242, #3246));
#10076 = IFCFACEOUTERBOUND(#10075, .T.);
#10077 = IFCFACE((#10076));
#10078 = IFCPOLYLOOP((#3177, #3246, #3250));
#10079 = IFCFACEOUTERBOUND(#10078, .T.);
#10080 = IFCFACE((#10079));
#10081 = IFCPOLYLOOP((#3184, #3250, #3212));
#10082 = IFCFACEOUTERBOUND(#10081, .T.);
#10083 = IFCFACE((#10082));
#10084 = IFCPOLYLOOP((#3219, #3226, #3188));
#10085 = IFCFACEOUTERBOUND(#10084, .T.);
#10086 = IFCFACE((#10085));
#10087 = IFCPOLYLOOP((#3250, #3262, #3212));
#10088 = IFCFACEOUTERBOUND(#10087, .T.);
#10089 = IFCFACE((#10088));
#10090 = IFCPOLYLOOP((#3212, #3262, #3266));
#10091 = IFCFACEOUTERBOUND(#10090, .T.);
#10092 = IFCFACE((#10091));
#10093 = IFCPOLYLOOP((#3219, #3270, #3257));
#10094 = IFCFACEOUTERBOUND(#10093, .T.);
#10095 = IFCFACE((#10094));
#10096 = IFCPOLYLOOP((#3226, #3275, #3227));
#10097 = IFCFACEOUTERBOUND(#10096, .T.);
#10098 = IFCFACE((#10097));
#10099 = IFCPOLYLOOP((#3275, #3280, #3231));
#10100 = IFCFACEOUTERBOUND(#10099, .T.);
#10101 = IFCFACE((#10100));
#10102 = IFCPOLYLOOP((#3284, #3280, #3285));
#10103 = IFCFACEOUTERBOUND(#10102, .T.);
#10104 = IFCFACE((#10103));
#10105 = IFCPOLYLOOP((#3242, #3285, #3292));
#10106 = IFCFACEOUTERBOUND(#10105, .T.);
#10107 = IFCFACE((#10106));
#10108 = IFCPOLYLOOP((#3246, #3292, #3296));
#10109 = IFCFACEOUTERBOUND(#10108, .T.);
#10110 = IFCFACE((#10109));
#10111 = IFCPOLYLOOP((#3250, #3296, #3261));
#10112 = IFCFACEOUTERBOUND(#10111, .T.);
#10113 = IFCFACE((#10112));
#10114 = IFCPOLYLOOP((#3280, #3304, #3285));
#10115 = IFCFACEOUTERBOUND(#10114, .T.);
#10116 = IFCFACE((#10115));
#10117 = IFCPOLYLOOP((#3285, #3304, #3308));
#10118 = IFCFACEOUTERBOUND(#10117, .T.);
#10119 = IFCFACE((#10118));
#10120 = IFCPOLYLOOP((#3292, #3308, #3312));
#10121 = IFCFACEOUTERBOUND(#10120, .T.);
#10122 = IFCFACE((#10121));
#10123 = IFCPOLYLOOP((#3296, #3312, #3316));
#10124 = IFCFACEOUTERBOUND(#10123, .T.);
#10125 = IFCFACE((#10124));
#10126 = IFCPOLYLOOP((#3261, #3316, #3320));
#10127 = IFCFACEOUTERBOUND(#10126, .T.);
#10128 = IFCFACE((#10127));
#10129 = IFCPOLYLOOP((#3266, #3320, #3341));
#10130 = IFCFACEOUTERBOUND(#10129, .T.);
#10131 = IFCFACE((#10130));
#10132 = IFCPOLYLOOP((#3341, #3337, #3377));
#10133 = IFCFACEOUTERBOUND(#10132, .T.);
#10134 = IFCFACE((#10133));
#10135 = IFCPOLYLOOP((#3257, #3345, #3349));
#10136 = IFCFACEOUTERBOUND(#10135, .T.);
#10137 = IFCFACE((#10136));
#10138 = IFCPOLYLOOP((#3350, #3404, #3274));
#10139 = IFCFACEOUTERBOUND(#10138, .T.);
#10140 = IFCFACE((#10139));
#10141 = IFCPOLYLOOP((#3327, #3404, #3354));
#10142 = IFCFACEOUTERBOUND(#10141, .T.);
#10143 = IFCFACE((#10142));
#10144 = IFCPOLYLOOP((#3308, #3358, #3365));
#10145 = IFCFACEOUTERBOUND(#10144, .T.);
#10146 = IFCFACE((#10145));
#10147 = IFCPOLYLOOP((#3312, #3365, #3369));
#10148 = IFCFACEOUTERBOUND(#10147, .T.);
#10149 = IFCFACE((#10148));
#10150 = IFCPOLYLOOP((#3316, #3369, #3373));
#10151 = IFCFACEOUTERBOUND(#10150, .T.);
#10152 = IFCFACE((#10151));
#10153 = IFCPOLYLOOP((#3337, #3373, #3378));
#10154 = IFCFACEOUTERBOUND(#10153, .T.);
#10155 = IFCFACE((#10154));
#10156 = IFCPOLYLOOP((#3377, #3378, #3399));
#10157 = IFCFACEOUTERBOUND(#10156, .T.);
#10158 = IFCFACE((#10157));
#10159 = IFCPOLYLOOP((#3358, #3382, #3389));
#10160 = IFCFACEOUTERBOUND(#10159, .T.);
#10161 = IFCFACE((#10160));
#10162 = IFCPOLYLOOP((#3365, #3389, #3409));
#10163 = IFCFACEOUTERBOUND(#10162, .T.);
#10164 = IFCFACE((#10163));
#10165 = IFCPOLYLOOP((#3393, #3397, #3378));
#10166 = IFCFACEOUTERBOUND(#10165, .T.);
#10167 = IFCFACE((#10166));
#10168 = IFCPOLYLOOP((#3398, #4104, #3399));
#10169 = IFCFACEOUTERBOUND(#10168, .T.);
#10170 = IFCFACE((#10169));
#10171 = IFCPOLYLOOP((#3350, #3417, #3461));
#10172 = IFCFACEOUTERBOUND(#10171, .T.);
#10173 = IFCFACE((#10172));
#10174 = IFCPOLYLOOP((#3350, #3461, #3421));
#10175 = IFCFACEOUTERBOUND(#10174, .T.);
#10176 = IFCFACE((#10175));
#10177 = IFCPOLYLOOP((#3354, #3403, #3425));
#10178 = IFCFACEOUTERBOUND(#10177, .T.);
#10179 = IFCFACE((#10178));
#10180 = IFCPOLYLOOP((#3382, #3429, #3389));
#10181 = IFCFACEOUTERBOUND(#10180, .T.);
#10182 = IFCFACE((#10181));
#10183 = IFCPOLYLOOP((#3389, #3433, #3409));
#10184 = IFCFACEOUTERBOUND(#10183, .T.);
#10185 = IFCFACE((#10184));
#10186 = IFCPOLYLOOP((#3404, #3421, #3437));
#10187 = IFCFACEOUTERBOUND(#10186, .T.);
#10188 = IFCFACE((#10187));
#10189 = IFCPOLYLOOP((#3408, #3433, #3470));
#10190 = IFCFACEOUTERBOUND(#10189, .T.);
#10191 = IFCFACE((#10190));
#10192 = IFCPOLYLOOP((#3397, #3393, #3452));
#10193 = IFCFACEOUTERBOUND(#10192, .T.);
#10194 = IFCFACE((#10193));
#10195 = IFCPOLYLOOP((#3425, #3441, #3465));
#10196 = IFCFACEOUTERBOUND(#10195, .T.);
#10197 = IFCFACE((#10196));
#10198 = IFCPOLYLOOP((#3469, #8131, #3448));
#10199 = IFCFACEOUTERBOUND(#10198, .T.);
#10200 = IFCFACE((#10199));
#10201 = IFCPOLYLOOP((#3452, #3448, #8131));
#10202 = IFCFACEOUTERBOUND(#10201, .T.);
#10203 = IFCFACE((#10202));
#10204 = IFCPOLYLOOP((#3480, #3452, #4119));
#10205 = IFCFACEOUTERBOUND(#10204, .T.);
#10206 = IFCFACE((#10205));
#10207 = IFCPOLYLOOP((#3461, #3484, #3460));
#10208 = IFCFACEOUTERBOUND(#10207, .T.);
#10209 = IFCFACE((#10208));
#10210 = IFCPOLYLOOP((#3421, #3460, #3492));
#10211 = IFCFACEOUTERBOUND(#10210, .T.);
#10212 = IFCFACE((#10211));
#10213 = IFCPOLYLOOP((#3496, #3500, #3441));
#10214 = IFCFACEOUTERBOUND(#10213, .T.);
#10215 = IFCFACE((#10214));
#10216 = IFCPOLYLOOP((#3441, #3501, #3465));
#10217 = IFCFACEOUTERBOUND(#10216, .T.);
#10218 = IFCFACE((#10217));
#10219 = IFCPOLYLOOP((#3469, #3488, #3508));
#10220 = IFCFACEOUTERBOUND(#10219, .T.);
#10221 = IFCFACE((#10220));
#10222 = IFCPOLYLOOP((#3469, #3509, #8131));
#10223 = IFCFACEOUTERBOUND(#10222, .T.);
#10224 = IFCFACE((#10223));
#10225 = IFCPOLYLOOP((#3488, #3501, #3569));
#10226 = IFCFACEOUTERBOUND(#10225, .T.);
#10227 = IFCFACE((#10226));
#10228 = IFCPOLYLOOP((#3509, #3521, #4119));
#10229 = IFCFACEOUTERBOUND(#10228, .T.);
#10230 = IFCFACE((#10229));
#10231 = IFCPOLYLOOP((#3460, #3513, #3525));
#10232 = IFCFACEOUTERBOUND(#10231, .T.);
#10233 = IFCFACE((#10232));
#10234 = IFCPOLYLOOP((#3488, #3569, #3541));
#10235 = IFCFACEOUTERBOUND(#10234, .T.);
#10236 = IFCFACE((#10235));
#10237 = IFCPOLYLOOP((#3553, #3525, #3513));
#10238 = IFCFACEOUTERBOUND(#10237, .T.);
#10239 = IFCFACE((#10238));
#10240 = IFCPOLYLOOP((#3492, #3525, #3557));
#10241 = IFCFACEOUTERBOUND(#10240, .T.);
#10242 = IFCFACE((#10241));
#10243 = IFCPOLYLOOP((#3496, #3529, #3561));
#10244 = IFCFACEOUTERBOUND(#10243, .T.);
#10245 = IFCFACE((#10244));
#10246 = IFCPOLYLOOP((#3561, #3568, #3537));
#10247 = IFCFACEOUTERBOUND(#10246, .T.);
#10248 = IFCFACE((#10247));
#10249 = IFCPOLYLOOP((#3508, #3541, #3577));
#10250 = IFCFACEOUTERBOUND(#10249, .T.);
#10251 = IFCFACE((#10250));
#10252 = IFCPOLYLOOP((#3581, #3602, #3521));
#10253 = IFCFACEOUTERBOUND(#10252, .T.);
#10254 = IFCFACE((#10253));
#10255 = IFCPOLYLOOP((#3520, #3577, #3585));
#10256 = IFCFACEOUTERBOUND(#10255, .T.);
#10257 = IFCFACE((#10256));
#10258 = IFCPOLYLOOP((#3557, #3590, #3561));
#10259 = IFCFACEOUTERBOUND(#10258, .T.);
#10260 = IFCFACE((#10259));
#10261 = IFCPOLYLOOP((#3541, #3573, #3598));
#10262 = IFCFACEOUTERBOUND(#10261, .T.);
#10263 = IFCFACE((#10262));
#10264 = IFCPOLYLOOP((#3581, #3585, #3603));
#10265 = IFCFACEOUTERBOUND(#10264, .T.);
#10266 = IFCFACE((#10265));
#10267 = IFCPOLYLOOP((#3549, #5525, #3607));
#10268 = IFCFACEOUTERBOUND(#10267, .T.);
#10269 = IFCFACE((#10268));
#10270 = IFCPOLYLOOP((#3611, #3553, #3548));
#10271 = IFCFACEOUTERBOUND(#10270, .T.);
#10272 = IFCFACE((#10271));
#10273 = IFCPOLYLOOP((#3618, #3625, #3594));
#10274 = IFCFACEOUTERBOUND(#10273, .T.);
#10275 = IFCFACE((#10274));
#10276 = IFCPOLYLOOP((#3625, #3573, #3594));
#10277 = IFCFACEOUTERBOUND(#10276, .T.);
#10278 = IFCFACE((#10277));
#10279 = IFCPOLYLOOP((#3577, #3598, #3633));
#10280 = IFCFACEOUTERBOUND(#10279, .T.);
#10281 = IFCFACE((#10280));
#10282 = IFCPOLYLOOP((#3585, #3633, #3637));
#10283 = IFCFACEOUTERBOUND(#10282, .T.);
#10284 = IFCFACE((#10283));
#10285 = IFCPOLYLOOP((#3553, #3611, #3641));
#10286 = IFCFACEOUTERBOUND(#10285, .T.);
#10287 = IFCFACE((#10286));
#10288 = IFCPOLYLOOP((#3645, #3649, #3618));
#10289 = IFCFACEOUTERBOUND(#10288, .T.);
#10290 = IFCFACE((#10289));
#10291 = IFCPOLYLOOP((#3618, #3650, #3625));
#10292 = IFCFACEOUTERBOUND(#10291, .T.);
#10293 = IFCFACE((#10292));
#10294 = IFCPOLYLOOP((#3598, #3626, #3659));
#10295 = IFCFACEOUTERBOUND(#10294, .T.);
#10296 = IFCFACE((#10295));
#10297 = IFCPOLYLOOP((#3607, #3694, #3670));
#10298 = IFCFACEOUTERBOUND(#10297, .T.);
#10299 = IFCFACE((#10298));
#10300 = IFCPOLYLOOP((#3625, #3650, #3674));
#10301 = IFCFACEOUTERBOUND(#10300, .T.);
#10302 = IFCFACE((#10301));
#10303 = IFCPOLYLOOP((#3649, #3682, #3702));
#10304 = IFCFACEOUTERBOUND(#10303, .T.);
#10305 = IFCFACE((#10304));
#10306 = IFCPOLYLOOP((#3650, #3689, #3706));
#10307 = IFCFACEOUTERBOUND(#10306, .T.);
#10308 = IFCFACE((#10307));
#10309 = IFCPOLYLOOP((#3654, #3674, #3710));
#10310 = IFCFACEOUTERBOUND(#10309, .T.);
#10311 = IFCFACE((#10310));
#10312 = IFCPOLYLOOP((#3714, #3663, #3678));
#10313 = IFCFACEOUTERBOUND(#10312, .T.);
#10314 = IFCFACE((#10313));
#10315 = IFCPOLYLOOP((#3719, #3663, #3715));
#10316 = IFCFACEOUTERBOUND(#10315, .T.);
#10317 = IFCFACE((#10316));
#10318 = IFCPOLYLOOP((#3670, #3693, #3723));
#10319 = IFCFACEOUTERBOUND(#10318, .T.);
#10320 = IFCFACE((#10319));
#10321 = IFCPOLYLOOP((#3682, #3698, #3752));
#10322 = IFCFACEOUTERBOUND(#10321, .T.);
#10323 = IFCFACE((#10322));
#10324 = IFCPOLYLOOP((#3689, #3702, #3730));
#10325 = IFCFACEOUTERBOUND(#10324, .T.);
#10326 = IFCFACE((#10325));
#10327 = IFCPOLYLOOP((#3734, #3738, #3710));
#10328 = IFCFACEOUTERBOUND(#10327, .T.);
#10329 = IFCFACE((#10328));
#10330 = IFCPOLYLOOP((#3738, #3714, #3710));
#10331 = IFCFACEOUTERBOUND(#10330, .T.);
#10332 = IFCFACE((#10331));
#10333 = IFCPOLYLOOP((#3756, #3763, #3730));
#10334 = IFCFACEOUTERBOUND(#10333, .T.);
#10335 = IFCFACE((#10334));
#10336 = IFCPOLYLOOP((#3730, #3764, #3734));
#10337 = IFCFACEOUTERBOUND(#10336, .T.);
#10338 = IFCFACE((#10337));
#10339 = IFCPOLYLOOP((#3769, #3738, #3764));
#10340 = IFCFACEOUTERBOUND(#10339, .T.);
#10341 = IFCFACE((#10340));
#10342 = IFCPOLYLOOP((#3743, #3774, #4220));
#10343 = IFCFACEOUTERBOUND(#10342, .T.);
#10344 = IFCFACE((#10343));
#10345 = IFCPOLYLOOP((#3751, #3747, #3783));
#10346 = IFCFACEOUTERBOUND(#10345, .T.);
#10347 = IFCFACE((#10346));
#10348 = IFCPOLYLOOP((#3756, #3787, #3828));
#10349 = IFCFACEOUTERBOUND(#10348, .T.);
#10350 = IFCFACE((#10349));
#10351 = IFCPOLYLOOP((#3797, #3756, #3828));
#10352 = IFCFACEOUTERBOUND(#10351, .T.);
#10353 = IFCFACE((#10352));
#10354 = IFCPOLYLOOP((#3801, #3764, #3763));
#10355 = IFCFACEOUTERBOUND(#10354, .T.);
#10356 = IFCFACE((#10355));
#10357 = IFCPOLYLOOP((#3779, #3819, #3783));
#10358 = IFCFACEOUTERBOUND(#10357, .T.);
#10359 = IFCFACE((#10358));
#10360 = IFCPOLYLOOP((#3783, #3823, #3787));
#10361 = IFCFACEOUTERBOUND(#10360, .T.);
#10362 = IFCFACE((#10361));
#10363 = IFCPOLYLOOP((#3808, #3768, #3801));
#10364 = IFCFACEOUTERBOUND(#10363, .T.);
#10365 = IFCFACE((#10364));
#10366 = IFCPOLYLOOP((#3773, #3808, #3842));
#10367 = IFCFACEOUTERBOUND(#10366, .T.);
#10368 = IFCFACE((#10367));
#10369 = IFCPOLYLOOP((#3773, #3843, #3774));
#10370 = IFCFACEOUTERBOUND(#10369, .T.);
#10371 = IFCFACE((#10370));
#10372 = IFCPOLYLOOP((#3818, #3848, #3819));
#10373 = IFCFACEOUTERBOUND(#10372, .T.);
#10374 = IFCFACE((#10373));
#10375 = IFCPOLYLOOP((#3852, #3823, #3819));
#10376 = IFCFACEOUTERBOUND(#10375, .T.);
#10377 = IFCFACE((#10376));
#10378 = IFCPOLYLOOP((#3797, #3874, #3801));
#10379 = IFCFACEOUTERBOUND(#10378, .T.);
#10380 = IFCFACE((#10379));
#10381 = IFCPOLYLOOP((#3878, #3808, #3835));
#10382 = IFCFACEOUTERBOUND(#10381, .T.);
#10383 = IFCFACE((#10382));
#10384 = IFCPOLYLOOP((#3887, #4235, #3843));
#10385 = IFCFACEOUTERBOUND(#10384, .T.);
#10386 = IFCFACE((#10385));
#10387 = IFCPOLYLOOP((#3852, #3848, #3891));
#10388 = IFCFACEOUTERBOUND(#10387, .T.);
#10389 = IFCFACE((#10388));
#10390 = IFCPOLYLOOP((#3903, #3863, #3899));
#10391 = IFCFACEOUTERBOUND(#10390, .T.);
#10392 = IFCFACE((#10391));
#10393 = IFCPOLYLOOP((#3874, #3907, #8249));
#10394 = IFCFACEOUTERBOUND(#10393, .T.);
#10395 = IFCFACE((#10394));
#10396 = IFCPOLYLOOP((#3874, #8249, #3914));
#10397 = IFCFACEOUTERBOUND(#10396, .T.);
#10398 = IFCFACE((#10397));
#10399 = IFCPOLYLOOP((#3922, #3882, #3918));
#10400 = IFCFACEOUTERBOUND(#10399, .T.);
#10401 = IFCFACE((#10400));
#10402 = IFCPOLYLOOP((#3927, #8249, #3907));
#10403 = IFCFACEOUTERBOUND(#10402, .T.);
#10404 = IFCFACE((#10403));
#10405 = IFCPOLYLOOP((#3922, #3918, #3931));
#10406 = IFCFACEOUTERBOUND(#10405, .T.);
#10407 = IFCFACE((#10406));
#10408 = IFCPOLYLOOP((#3940, #3886, #3922));
#10409 = IFCFACEOUTERBOUND(#10408, .T.);
#10410 = IFCFACE((#10409));
#10411 = IFCPOLYLOOP((#3948, #3907, #3903));
#10412 = IFCFACEOUTERBOUND(#10411, .T.);
#10413 = IFCFACE((#10412));
#10414 = IFCPOLYLOOP((#3895, #3952, #3956));
#10415 = IFCFACEOUTERBOUND(#10414, .T.);
#10416 = IFCFACE((#10415));
#10417 = IFCPOLYLOOP((#3903, #3899, #3944));
#10418 = IFCFACEOUTERBOUND(#10417, .T.);
#10419 = IFCFACE((#10418));
#10420 = IFCPOLYLOOP((#3971, #3927, #3926));
#10421 = IFCFACEOUTERBOUND(#10420, .T.);
#10422 = IFCFACE((#10421));
#10423 = IFCPOLYLOOP((#3979, #3952, #4187));
#10424 = IFCFACEOUTERBOUND(#10423, .T.);
#10425 = IFCFACE((#10424));
#10426 = IFCPOLYLOOP((#3983, #3956, #3979));
#10427 = IFCFACEOUTERBOUND(#10426, .T.);
#10428 = IFCFACE((#10427));
#10429 = IFCPOLYLOOP((#3964, #3987, #4200));
#10430 = IFCFACEOUTERBOUND(#10429, .T.);
#10431 = IFCFACE((#10430));
#10432 = IFCPOLYLOOP((#3948, #3994, #3998));
#10433 = IFCFACEOUTERBOUND(#10432, .T.);
#10434 = IFCFACE((#10433));
#10435 = IFCPOLYLOOP((#3971, #4002, #4009));
#10436 = IFCFACEOUTERBOUND(#10435, .T.);
#10437 = IFCFACE((#10436));
#10438 = IFCPOLYLOOP((#3975, #3935, #4009));
#10439 = IFCFACEOUTERBOUND(#10438, .T.);
#10440 = IFCFACE((#10439));
#10441 = IFCPOLYLOOP((#3975, #3082, #3075));
#10442 = IFCFACEOUTERBOUND(#10441, .T.);
#10443 = IFCFACE((#10442));
#10444 = IFCPOLYLOOP((#3066, #3983, #3979));
#10445 = IFCFACEOUTERBOUND(#10444, .T.);
#10446 = IFCFACE((#10445));
#10447 = IFCPOLYLOOP((#3217, #3133, #4035));
#10448 = IFCFACEOUTERBOUND(#10447, .T.);
#10449 = IFCFACE((#10448));
#10450 = IFCPOLYLOOP((#3172, #2631, #2541));
#10451 = IFCFACEOUTERBOUND(#10450, .T.);
#10452 = IFCFACE((#10451));
#10453 = IFCPOLYLOOP((#3170, #4071, #3171));
#10454 = IFCFACEOUTERBOUND(#10453, .T.);
#10455 = IFCFACE((#10454));
#10456 = IFCPOLYLOOP((#3160, #3172, #2540));
#10457 = IFCFACEOUTERBOUND(#10456, .T.);
#10458 = IFCFACE((#10457));
#10459 = IFCPOLYLOOP((#4081, #3213, #3266));
#10460 = IFCFACEOUTERBOUND(#10459, .T.);
#10461 = IFCFACE((#10460));
#10462 = IFCPOLYLOOP((#3213, #4070, #3170));
#10463 = IFCFACEOUTERBOUND(#10462, .T.);
#10464 = IFCFACE((#10463));
#10465 = IFCPOLYLOOP((#4093, #3266, #3341));
#10466 = IFCFACEOUTERBOUND(#10465, .T.);
#10467 = IFCFACE((#10466));
#10468 = IFCPOLYLOOP((#3377, #4097, #4089));
#10469 = IFCFACEOUTERBOUND(#10468, .T.);
#10470 = IFCFACE((#10469));
#10471 = IFCPOLYLOOP((#4115, #4119, #4132));
#10472 = IFCFACEOUTERBOUND(#10471, .T.);
#10473 = IFCFACE((#10472));
#10474 = IFCPOLYLOOP((#3602, #4124, #3521));
#10475 = IFCFACEOUTERBOUND(#10474, .T.);
#10476 = IFCFACE((#10475));
#10477 = IFCPOLYLOOP((#3603, #4123, #3602));
#10478 = IFCFACEOUTERBOUND(#10477, .T.);
#10479 = IFCFACE((#10478));
#10480 = IFCPOLYLOOP((#3778, #4174, #4139));
#10481 = IFCFACEOUTERBOUND(#10480, .T.);
#10482 = IFCFACE((#10481));
#10483 = IFCPOLYLOOP((#4143, #3818, #4139));
#10484 = IFCFACEOUTERBOUND(#10483, .T.);
#10485 = IFCFACE((#10484));
#10486 = IFCPOLYLOOP((#3778, #3693, #4160));
#10487 = IFCFACEOUTERBOUND(#10486, .T.);
#10488 = IFCFACE((#10487));
#10489 = IFCPOLYLOOP((#3983, #2887, #3987));
#10490 = IFCFACEOUTERBOUND(#10489, .T.);
#10491 = IFCFACE((#10490));
#10492 = IFCPOLYLOOP((#3987, #2886, #4200));
#10493 = IFCFACEOUTERBOUND(#10492, .T.);
#10494 = IFCFACE((#10493));
#10495 = IFCPOLYLOOP((#2893, #2898, #3058));
#10496 = IFCFACEOUTERBOUND(#10495, .T.);
#10497 = IFCFACE((#10496));
#10498 = IFCPOLYLOOP((#3062, #4002, #3058));
#10499 = IFCFACEOUTERBOUND(#10498, .T.);
#10500 = IFCFACE((#10499));
#10501 = IFCPOLYLOOP((#2909, #4013, #3062));
#10502 = IFCFACEOUTERBOUND(#10501, .T.);
#10503 = IFCFACE((#10502));
#10504 = IFCPOLYLOOP((#4216, #4128, #3637));
#10505 = IFCFACEOUTERBOUND(#10504, .T.);
#10506 = IFCFACE((#10505));
#10507 = IFCPOLYLOOP((#3715, #4221, #3719));
#10508 = IFCFACEOUTERBOUND(#10507, .T.);
#10509 = IFCFACE((#10508));
#10510 = IFCPOLYLOOP((#4263, #4271, #4124));
#10511 = IFCFACEOUTERBOUND(#10510, .T.);
#10512 = IFCFACE((#10511));
#10513 = IFCPOLYLOOP((#4399, #4436, #4329));
#10514 = IFCFACEOUTERBOUND(#10513, .T.);
#10515 = IFCFACE((#10514));
#10516 = IFCPOLYLOOP((#4479, #4475, #1148));
#10517 = IFCFACEOUTERBOUND(#10516, .T.);
#10518 = IFCFACE((#10517));
#10519 = IFCPOLYLOOP((#4424, #1072, #1068));
#10520 = IFCFACEOUTERBOUND(#10519, .T.);
#10521 = IFCFACE((#10520));
#10522 = IFCPOLYLOOP((#4432, #1060, #1056));
#10523 = IFCFACEOUTERBOUND(#10522, .T.);
#10524 = IFCFACE((#10523));
#10525 = IFCPOLYLOOP((#4588, #1444, #999));
#10526 = IFCFACEOUTERBOUND(#10525, .T.);
#10527 = IFCFACE((#10526));
#10528 = IFCPOLYLOOP((#1687, #954, #926));
#10529 = IFCFACEOUTERBOUND(#10528, .T.);
#10530 = IFCFACE((#10529));
#10531 = IFCPOLYLOOP((#1632, #1687, #938));
#10532 = IFCFACEOUTERBOUND(#10531, .T.);
#10533 = IFCFACE((#10532));
#10534 = IFCPOLYLOOP((#950, #942, #1636));
#10535 = IFCFACEOUTERBOUND(#10534, .T.);
#10536 = IFCFACE((#10535));
#10537 = IFCPOLYLOOP((#1458, #4696, #1418));
#10538 = IFCFACEOUTERBOUND(#10537, .T.);
#10539 = IFCFACE((#10538));
#10540 = IFCPOLYLOOP((#1391, #4733, #4786));
#10541 = IFCFACEOUTERBOUND(#10540, .T.);
#10542 = IFCFACE((#10541));
#10543 = IFCPOLYLOOP((#4732, #4764, #4751));
#10544 = IFCFACEOUTERBOUND(#10543, .T.);
#10545 = IFCFACE((#10544));
#10546 = IFCPOLYLOOP((#4737, #4751, #4759));
#10547 = IFCFACEOUTERBOUND(#10546, .T.);
#10548 = IFCFACE((#10547));
#10549 = IFCPOLYLOOP((#1289, #4739, #1290));
#10550 = IFCFACEOUTERBOUND(#10549, .T.);
#10551 = IFCFACE((#10550));
#10552 = IFCPOLYLOOP((#4864, #4878, #4886));
#10553 = IFCFACEOUTERBOUND(#10552, .T.);
#10554 = IFCFACE((#10553));
#10555 = IFCPOLYLOOP((#4850, #4885, #4893));
#10556 = IFCFACEOUTERBOUND(#10555, .T.);
#10557 = IFCFACE((#10556));
#10558 = IFCPOLYLOOP((#4894, #5007, #4854));
#10559 = IFCFACEOUTERBOUND(#10558, .T.);
#10560 = IFCFACE((#10559));
#10561 = IFCPOLYLOOP((#4905, #4910, #4878));
#10562 = IFCFACEOUTERBOUND(#10561, .T.);
#10563 = IFCFACE((#10562));
#10564 = IFCPOLYLOOP((#4914, #4918, #4885));
#10565 = IFCFACEOUTERBOUND(#10564, .T.);
#10566 = IFCFACE((#10565));
#10567 = IFCPOLYLOOP((#4919, #5128, #4920));
#10568 = IFCFACEOUTERBOUND(#10567, .T.);
#10569 = IFCFACE((#10568));
#10570 = IFCPOLYLOOP((#2718, #4943, #4948));
#10571 = IFCFACEOUTERBOUND(#10570, .T.);
#10572 = IFCFACE((#10571));
#10573 = IFCPOLYLOOP((#4952, #4956, #2717));
#10574 = IFCFACEOUTERBOUND(#10573, .T.);
#10575 = IFCFACE((#10574));
#10576 = IFCPOLYLOOP((#4956, #4957, #2713));
#10577 = IFCFACEOUTERBOUND(#10576, .T.);
#10578 = IFCFACE((#10577));
#10579 = IFCPOLYLOOP((#2703, #4961, #4968));
#10580 = IFCFACEOUTERBOUND(#10579, .T.);
#10581 = IFCFACE((#10580));
#10582 = IFCPOLYLOOP((#4968, #4973, #4969));
#10583 = IFCFACEOUTERBOUND(#10582, .T.);
#10584 = IFCFACE((#10583));
#10585 = IFCPOLYLOOP((#4969, #4974, #4978));
#10586 = IFCFACEOUTERBOUND(#10585, .T.);
#10587 = IFCFACE((#10586));
#10588 = IFCPOLYLOOP((#4979, #4988, #4983));
#10589 = IFCFACEOUTERBOUND(#10588, .T.);
#10590 = IFCFACE((#10589));
#10591 = IFCPOLYLOOP((#2708, #4957, #5028));
#10592 = IFCFACEOUTERBOUND(#10591, .T.);
#10593 = IFCFACE((#10592));
#10594 = IFCPOLYLOOP((#2708, #5029, #2709));
#10595 = IFCFACEOUTERBOUND(#10594, .T.);
#10596 = IFCFACE((#10595));
#10597 = IFCPOLYLOOP((#5029, #5036, #4961));
#10598 = IFCFACEOUTERBOUND(#10597, .T.);
#10599 = IFCFACE((#10598));
#10600 = IFCPOLYLOOP((#4968, #5036, #5050));
#10601 = IFCFACEOUTERBOUND(#10600, .T.);
#10602 = IFCFACE((#10601));
#10603 = IFCPOLYLOOP((#5044, #5046, #5307));
#10604 = IFCFACEOUTERBOUND(#10603, .T.);
#10605 = IFCFACE((#10604));
#10606 = IFCPOLYLOOP((#4979, #5054, #4987));
#10607 = IFCFACEOUTERBOUND(#10606, .T.);
#10608 = IFCFACE((#10607));
#10609 = IFCPOLYLOOP((#4997, #5058, #5062));
#10610 = IFCFACEOUTERBOUND(#10609, .T.);
#10611 = IFCFACE((#10610));
#10612 = IFCPOLYLOOP((#5044, #5062, #5045));
#10613 = IFCFACEOUTERBOUND(#10612, .T.);
#10614 = IFCFACE((#10613));
#10615 = IFCPOLYLOOP((#5058, #5081, #5088));
#10616 = IFCFACEOUTERBOUND(#10615, .T.);
#10617 = IFCFACE((#10616));
#10618 = IFCPOLYLOOP((#5062, #5088, #5123));
#10619 = IFCFACEOUTERBOUND(#10618, .T.);
#10620 = IFCFACE((#10619));
#10621 = IFCPOLYLOOP((#5028, #5097, #5029));
#10622 = IFCFACEOUTERBOUND(#10621, .T.);
#10623 = IFCFACE((#10622));
#10624 = IFCPOLYLOOP((#5029, #5101, #5036));
#10625 = IFCFACEOUTERBOUND(#10624, .T.);
#10626 = IFCFACE((#10625));
#10627 = IFCPOLYLOOP((#5050, #5101, #5178));
#10628 = IFCFACEOUTERBOUND(#10627, .T.);
#10629 = IFCFACE((#10628));
#10630 = IFCPOLYLOOP((#5045, #5123, #5154));
#10631 = IFCFACEOUTERBOUND(#10630, .T.);
#10632 = IFCFACE((#10631));
#10633 = IFCPOLYLOOP((#5132, #5162, #5069));
#10634 = IFCFACEOUTERBOUND(#10633, .T.);
#10635 = IFCFACE((#10634));
#10636 = IFCPOLYLOOP((#5081, #5119, #5192));
#10637 = IFCFACEOUTERBOUND(#10636, .T.);
#10638 = IFCFACE((#10637));
#10639 = IFCPOLYLOOP((#5081, #5192, #5146));
#10640 = IFCFACEOUTERBOUND(#10639, .T.);
#10641 = IFCFACE((#10640));
#10642 = IFCPOLYLOOP((#5092, #5154, #5203));
#10643 = IFCFACEOUTERBOUND(#10642, .T.);
#10644 = IFCFACE((#10643));
#10645 = IFCPOLYLOOP((#5161, #5208, #5077));
#10646 = IFCFACEOUTERBOUND(#10645, .T.);
#10647 = IFCFACE((#10646));
#10648 = IFCPOLYLOOP((#5096, #5170, #5097));
#10649 = IFCFACEOUTERBOUND(#10648, .T.);
#10650 = IFCFACE((#10649));
#10651 = IFCPOLYLOOP((#5097, #5174, #5101));
#10652 = IFCFACEOUTERBOUND(#10651, .T.);
#10653 = IFCFACE((#10652));
#10654 = IFCPOLYLOOP((#5101, #5174, #5179));
#10655 = IFCFACEOUTERBOUND(#10654, .T.);
#10656 = IFCFACE((#10655));
#10657 = IFCPOLYLOOP((#5178, #5183, #5108));
#10658 = IFCFACEOUTERBOUND(#10657, .T.);
#10659 = IFCFACE((#10658));
#10660 = IFCPOLYLOOP((#5139, #5119, #5112));
#10661 = IFCFACEOUTERBOUND(#10660, .T.);
#10662 = IFCFACE((#10661));
#10663 = IFCPOLYLOOP((#5150, #5191, #5238));
#10664 = IFCFACEOUTERBOUND(#10663, .T.);
#10665 = IFCFACE((#10664));
#10666 = IFCPOLYLOOP((#5150, #5238, #5199));
#10667 = IFCFACEOUTERBOUND(#10666, .T.);
#10668 = IFCFACE((#10667));
#10669 = IFCPOLYLOOP((#5154, #5199, #5204));
#10670 = IFCFACEOUTERBOUND(#10669, .T.);
#10671 = IFCFACE((#10670));
#10672 = IFCPOLYLOOP((#5096, #5208, #5324));
#10673 = IFCFACEOUTERBOUND(#10672, .T.);
#10674 = IFCFACE((#10673));
#10675 = IFCPOLYLOOP((#5187, #5233, #5192));
#10676 = IFCFACEOUTERBOUND(#10675, .T.);
#10677 = IFCFACE((#10676));
#10678 = IFCPOLYLOOP((#5174, #5216, #5179));
#10679 = IFCFACEOUTERBOUND(#10678, .T.);
#10680 = IFCFACE((#10679));
#10681 = IFCPOLYLOOP((#5179, #5220, #5183));
#10682 = IFCFACEOUTERBOUND(#10681, .T.);
#10683 = IFCFACE((#10682));
#10684 = IFCPOLYLOOP((#5224, #5187, #5139));
#10685 = IFCFACEOUTERBOUND(#10684, .T.);
#10686 = IFCFACE((#10685));
#10687 = IFCPOLYLOOP((#5242, #5273, #5204));
#10688 = IFCFACEOUTERBOUND(#10687, .T.);
#10689 = IFCFACE((#10688));
#10690 = IFCPOLYLOOP((#5170, #5215, #5174));
#10691 = IFCFACEOUTERBOUND(#10690, .T.);
#10692 = IFCFACE((#10691));
#10693 = IFCPOLYLOOP((#5259, #5263, #5233));
#10694 = IFCFACEOUTERBOUND(#10693, .T.);
#10695 = IFCFACE((#10694));
#10696 = IFCPOLYLOOP((#5233, #5264, #5232));
#10697 = IFCFACEOUTERBOUND(#10696, .T.);
#10698 = IFCFACE((#10697));
#10699 = IFCPOLYLOOP((#4969, #1732, #1742));
#10700 = IFCFACEOUTERBOUND(#10699, .T.);
#10701 = IFCFACE((#10700));
#10702 = IFCPOLYLOOP((#4978, #1733, #1732));
#10703 = IFCFACEOUTERBOUND(#10702, .T.);
#10704 = IFCFACE((#10703));
#10705 = IFCPOLYLOOP((#4988, #1728, #1733));
#10706 = IFCFACEOUTERBOUND(#10705, .T.);
#10707 = IFCFACE((#10706));
#10708 = IFCPOLYLOOP((#4988, #1720, #1728));
#10709 = IFCFACEOUTERBOUND(#10708, .T.);
#10710 = IFCFACE((#10709));
#10711 = IFCPOLYLOOP((#4993, #1716, #1720));
#10712 = IFCFACEOUTERBOUND(#10711, .T.);
#10713 = IFCFACE((#10712));
#10714 = IFCPOLYLOOP((#4998, #1711, #1716));
#10715 = IFCFACEOUTERBOUND(#10714, .T.);
#10716 = IFCFACE((#10715));
#10717 = IFCPOLYLOOP((#5307, #1701, #1700));
#10718 = IFCFACEOUTERBOUND(#10717, .T.);
#10719 = IFCFACE((#10718));
#10720 = IFCPOLYLOOP((#5333, #5264, #5263));
#10721 = IFCFACEOUTERBOUND(#10720, .T.);
#10722 = IFCFACE((#10721));
#10723 = IFCPOLYLOOP((#5334, #6801, #5338));
#10724 = IFCFACEOUTERBOUND(#10723, .T.);
#10725 = IFCFACE((#10724));
#10726 = IFCPOLYLOOP((#5367, #5369, #5387));
#10727 = IFCFACEOUTERBOUND(#10726, .T.);
#10728 = IFCFACE((#10727));
#10729 = IFCPOLYLOOP((#5396, #5408, #5387));
#10730 = IFCFACEOUTERBOUND(#10729, .T.);
#10731 = IFCFACE((#10730));
#10732 = IFCPOLYLOOP((#5392, #5415, #5400));
#10733 = IFCFACEOUTERBOUND(#10732, .T.);
#10734 = IFCFACE((#10733));
#10735 = IFCPOLYLOOP((#5419, #5380, #4143));
#10736 = IFCFACEOUTERBOUND(#10735, .T.);
#10737 = IFCFACE((#10736));
#10738 = IFCPOLYLOOP((#5404, #5427, #5408));
#10739 = IFCFACEOUTERBOUND(#10738, .T.);
#10740 = IFCFACE((#10739));
#10741 = IFCPOLYLOOP((#5431, #5415, #5408));
#10742 = IFCFACEOUTERBOUND(#10741, .T.);
#10743 = IFCFACE((#10742));
#10744 = IFCPOLYLOOP((#4174, #5419, #4139));
#10745 = IFCFACEOUTERBOUND(#10744, .T.);
#10746 = IFCFACE((#10745));
#10747 = IFCPOLYLOOP((#5439, #5427, #5423));
#10748 = IFCFACEOUTERBOUND(#10747, .T.);
#10749 = IFCFACE((#10748));
#10750 = IFCPOLYLOOP((#5431, #5450, #5432));
#10751 = IFCFACEOUTERBOUND(#10750, .T.);
#10752 = IFCFACE((#10751));
#10753 = IFCPOLYLOOP((#4164, #5462, #5439));
#10754 = IFCFACEOUTERBOUND(#10753, .T.);
#10755 = IFCFACE((#10754));
#10756 = IFCPOLYLOOP((#5471, #5475, #5462));
#10757 = IFCFACEOUTERBOUND(#10756, .T.);
#10758 = IFCFACE((#10757));
#10759 = IFCPOLYLOOP((#5462, #5476, #5454));
#10760 = IFCFACEOUTERBOUND(#10759, .T.);
#10761 = IFCFACE((#10760));
#10762 = IFCPOLYLOOP((#5454, #5480, #5458));
#10763 = IFCFACEOUTERBOUND(#10762, .T.);
#10764 = IFCFACE((#10763));
#10765 = IFCPOLYLOOP((#5480, #5493, #5466));
#10766 = IFCFACEOUTERBOUND(#10765, .T.);
#10767 = IFCFACE((#10766));
#10768 = IFCPOLYLOOP((#5476, #5488, #5480));
#10769 = IFCFACEOUTERBOUND(#10768, .T.);
#10770 = IFCFACE((#10769));
#10771 = IFCPOLYLOOP((#5471, #5501, #5475));
#10772 = IFCFACEOUTERBOUND(#10771, .T.);
#10773 = IFCFACE((#10772));
#10774 = IFCPOLYLOOP((#5475, #5487, #5476));
#10775 = IFCFACEOUTERBOUND(#10774, .T.);
#10776 = IFCFACE((#10775));
#10777 = IFCPOLYLOOP((#5497, #5509, #5501));
#10778 = IFCFACEOUTERBOUND(#10777, .T.);
#10779 = IFCFACE((#10778));
#10780 = IFCPOLYLOOP((#5501, #5513, #5487));
#10781 = IFCFACEOUTERBOUND(#10780, .T.);
#10782 = IFCFACE((#10781));
#10783 = IFCPOLYLOOP((#5487, #5517, #5488));
#10784 = IFCFACEOUTERBOUND(#10783, .T.);
#10785 = IFCFACE((#10784));
#10786 = IFCPOLYLOOP((#5488, #5521, #5492));
#10787 = IFCFACEOUTERBOUND(#10786, .T.);
#10788 = IFCFACE((#10787));
#10789 = IFCPOLYLOOP((#5525, #5508, #5497));
#10790 = IFCFACEOUTERBOUND(#10789, .T.);
#10791 = IFCFACE((#10790));
#10792 = IFCPOLYLOOP((#5536, #5517, #5513));
#10793 = IFCFACEOUTERBOUND(#10792, .T.);
#10794 = IFCFACE((#10793));
#10795 = IFCPOLYLOOP((#3549, #5545, #5508));
#10796 = IFCFACEOUTERBOUND(#10795, .T.);
#10797 = IFCFACE((#10796));
#10798 = IFCPOLYLOOP((#5537, #5550, #6116));
#10799 = IFCFACEOUTERBOUND(#10798, .T.);
#10800 = IFCFACE((#10799));
#10801 = IFCPOLYLOOP((#5545, #5555, #5529));
#10802 = IFCFACEOUTERBOUND(#10801, .T.);
#10803 = IFCFACE((#10802));
#10804 = IFCPOLYLOOP((#5555, #5562, #5536));
#10805 = IFCFACEOUTERBOUND(#10804, .T.);
#10806 = IFCFACE((#10805));
#10807 = IFCPOLYLOOP((#5562, #5549, #5537));
#10808 = IFCFACEOUTERBOUND(#10807, .T.);
#10809 = IFCFACE((#10808));
#10810 = IFCPOLYLOOP((#5544, #5554, #5545));
#10811 = IFCFACEOUTERBOUND(#10810, .T.);
#10812 = IFCFACE((#10811));
#10813 = IFCPOLYLOOP((#5555, #5574, #5606));
#10814 = IFCFACEOUTERBOUND(#10813, .T.);
#10815 = IFCFACE((#10814));
#10816 = IFCPOLYLOOP((#5578, #5555, #5606));
#10817 = IFCFACEOUTERBOUND(#10816, .T.);
#10818 = IFCFACE((#10817));
#10819 = IFCPOLYLOOP((#5562, #5578, #5582));
#10820 = IFCFACEOUTERBOUND(#10819, .T.);
#10821 = IFCFACE((#10820));
#10822 = IFCPOLYLOOP((#5582, #8911, #5570));
#10823 = IFCFACEOUTERBOUND(#10822, .T.);
#10824 = IFCFACE((#10823));
#10825 = IFCPOLYLOOP((#5566, #5601, #5574));
#10826 = IFCFACEOUTERBOUND(#10825, .T.);
#10827 = IFCFACE((#10826));
#10828 = IFCPOLYLOOP((#5582, #5592, #5596));
#10829 = IFCFACEOUTERBOUND(#10828, .T.);
#10830 = IFCFACE((#10829));
#10831 = IFCPOLYLOOP((#5582, #5597, #8911));
#10832 = IFCFACEOUTERBOUND(#10831, .T.);
#10833 = IFCFACE((#10832));
#10834 = IFCPOLYLOOP((#5601, #5696, #5602));
#10835 = IFCFACEOUTERBOUND(#10834, .T.);
#10836 = IFCFACE((#10835));
#10837 = IFCPOLYLOOP((#5606, #5602, #5610));
#10838 = IFCFACEOUTERBOUND(#10837, .T.);
#10839 = IFCFACE((#10838));
#10840 = IFCPOLYLOOP((#5578, #5610, #5592));
#10841 = IFCFACEOUTERBOUND(#10840, .T.);
#10842 = IFCFACE((#10841));
#10843 = IFCPOLYLOOP((#5614, #5602, #5696));
#10844 = IFCFACEOUTERBOUND(#10843, .T.);
#10845 = IFCFACE((#10844));
#10846 = IFCPOLYLOOP((#5610, #5619, #5623));
#10847 = IFCFACEOUTERBOUND(#10846, .T.);
#10848 = IFCFACE((#10847));
#10849 = IFCPOLYLOOP((#5596, #5623, #5630));
#10850 = IFCFACEOUTERBOUND(#10849, .T.);
#10851 = IFCFACE((#10850));
#10852 = IFCPOLYLOOP((#5596, #5631, #5597));
#10853 = IFCFACEOUTERBOUND(#10852, .T.);
#10854 = IFCFACE((#10853));
#10855 = IFCPOLYLOOP((#5615, #4039, #5638));
#10856 = IFCFACEOUTERBOUND(#10855, .T.);
#10857 = IFCFACE((#10856));
#10858 = IFCPOLYLOOP((#5619, #5638, #5667));
#10859 = IFCFACEOUTERBOUND(#10858, .T.);
#10860 = IFCFACE((#10859));
#10861 = IFCPOLYLOOP((#5619, #5667, #5642));
#10862 = IFCFACEOUTERBOUND(#10861, .T.);
#10863 = IFCFACE((#10862));
#10864 = IFCPOLYLOOP((#5630, #5642, #5649));
#10865 = IFCFACEOUTERBOUND(#10864, .T.);
#10866 = IFCFACE((#10865));
#10867 = IFCPOLYLOOP((#5649, #5659, #5631));
#10868 = IFCFACEOUTERBOUND(#10867, .T.);
#10869 = IFCFACE((#10868));
#10870 = IFCPOLYLOOP((#5653, #5659, #5649));
#10871 = IFCFACEOUTERBOUND(#10870, .T.);
#10872 = IFCFACE((#10871));
#10873 = IFCPOLYLOOP((#4039, #4035, #5663));
#10874 = IFCFACEOUTERBOUND(#10873, .T.);
#10875 = IFCFACE((#10874));
#10876 = IFCPOLYLOOP((#5667, #5663, #10877));
#10877 = IFCCARTESIANPOINT((1.13518333435059E-2, -5.378798828125E-1, 1.54544158935547E-1));
#10878 = IFCFACEOUTERBOUND(#10876, .T.);
#10879 = IFCFACE((#10878));
#10880 = IFCPOLYLOOP((#5667, #10877, #5671));
#10881 = IFCFACEOUTERBOUND(#10880, .T.);
#10882 = IFCFACE((#10881));
#10883 = IFCPOLYLOOP((#3416, #5566, #3417));
#10884 = IFCFACEOUTERBOUND(#10883, .T.);
#10885 = IFCFACE((#10884));
#10886 = IFCPOLYLOOP((#3345, #5601, #3416));
#10887 = IFCFACEOUTERBOUND(#10886, .T.);
#10888 = IFCFACE((#10887));
#10889 = IFCPOLYLOOP((#5614, #3270, #3218));
#10890 = IFCFACEOUTERBOUND(#10889, .T.);
#10891 = IFCFACE((#10890));
#10892 = IFCPOLYLOOP((#5092, #5671, #10877));
#10893 = IFCFACEOUTERBOUND(#10892, .T.);
#10894 = IFCFACE((#10893));
#10895 = IFCPOLYLOOP((#5092, #10877, #5663));
#10896 = IFCFACEOUTERBOUND(#10895, .T.);
#10897 = IFCFACE((#10896));
#10898 = IFCPOLYLOOP((#5741, #5736, #5754));
#10899 = IFCFACEOUTERBOUND(#10898, .T.);
#10900 = IFCFACE((#10899));
#10901 = IFCPOLYLOOP((#5750, #3116, #5765));
#10902 = IFCFACEOUTERBOUND(#10901, .T.);
#10903 = IFCFACE((#10902));
#10904 = IFCPOLYLOOP((#5754, #5765, #5770));
#10905 = IFCFACEOUTERBOUND(#10904, .T.);
#10906 = IFCFACE((#10905));
#10907 = IFCPOLYLOOP((#5765, #3116, #2955));
#10908 = IFCFACEOUTERBOUND(#10907, .T.);
#10909 = IFCFACE((#10908));
#10910 = IFCPOLYLOOP((#5769, #5785, #5804));
#10911 = IFCFACEOUTERBOUND(#10910, .T.);
#10912 = IFCFACE((#10911));
#10913 = IFCPOLYLOOP((#5804, #5803, #5368));
#10914 = IFCFACEOUTERBOUND(#10913, .T.);
#10915 = IFCFACE((#10914));
#10916 = IFCPOLYLOOP((#5815, #5888, #3038));
#10917 = IFCFACEOUTERBOUND(#10916, .T.);
#10918 = IFCFACE((#10917));
#10919 = IFCPOLYLOOP((#3104, #5846, #5892));
#10920 = IFCFACEOUTERBOUND(#10919, .T.);
#10921 = IFCFACE((#10920));
#10922 = IFCPOLYLOOP((#5892, #5912, #3109));
#10923 = IFCFACEOUTERBOUND(#10922, .T.);
#10924 = IFCFACE((#10923));
#10925 = IFCPOLYLOOP((#5871, #3034, #3042));
#10926 = IFCFACEOUTERBOUND(#10925, .T.);
#10927 = IFCFACE((#10926));
#10928 = IFCPOLYLOOP((#5888, #3042, #3007));
#10929 = IFCFACEOUTERBOUND(#10928, .T.);
#10930 = IFCFACE((#10929));
#10931 = IFCPOLYLOOP((#5943, #5948, #5965));
#10932 = IFCFACEOUTERBOUND(#10931, .T.);
#10933 = IFCFACE((#10932));
#10934 = IFCPOLYLOOP((#5826, #6021, #6283));
#10935 = IFCFACEOUTERBOUND(#10934, .T.);
#10936 = IFCFACE((#10935));
#10937 = IFCPOLYLOOP((#6031, #6020, #6039));
#10938 = IFCFACEOUTERBOUND(#10937, .T.);
#10939 = IFCFACE((#10938));
#10940 = IFCPOLYLOOP((#6035, #6027, #6039));
#10941 = IFCFACEOUTERBOUND(#10940, .T.);
#10942 = IFCFACE((#10941));
#10943 = IFCPOLYLOOP((#6039, #5774, #6298));
#10944 = IFCFACEOUTERBOUND(#10943, .T.);
#10945 = IFCFACE((#10944));
#10946 = IFCPOLYLOOP((#6043, #6035, #6298));
#10947 = IFCFACEOUTERBOUND(#10946, .T.);
#10948 = IFCFACE((#10947));
#10949 = IFCPOLYLOOP((#6044, #6025, #6035));
#10950 = IFCFACEOUTERBOUND(#10949, .T.);
#10951 = IFCFACE((#10950));
#10952 = IFCPOLYLOOP((#6053, #6044, #6043));
#10953 = IFCFACEOUTERBOUND(#10952, .T.);
#10954 = IFCFACE((#10953));
#10955 = IFCPOLYLOOP((#6057, #6052, #6312));
#10956 = IFCFACEOUTERBOUND(#10955, .T.);
#10957 = IFCFACE((#10956));
#10958 = IFCPOLYLOOP((#6062, #6063, #6068));
#10959 = IFCFACEOUTERBOUND(#10958, .T.);
#10960 = IFCFACE((#10959));
#10961 = IFCPOLYLOOP((#5432, #6076, #6068));
#10962 = IFCFACEOUTERBOUND(#10961, .T.);
#10963 = IFCFACE((#10962));
#10964 = IFCPOLYLOOP((#6076, #5686, #6083));
#10965 = IFCFACEOUTERBOUND(#10964, .T.);
#10966 = IFCFACE((#10965));
#10967 = IFCPOLYLOOP((#5467, #6087, #6095));
#10968 = IFCFACEOUTERBOUND(#10967, .T.);
#10969 = IFCFACE((#10968));
#10970 = IFCPOLYLOOP((#5467, #6095, #5686));
#10971 = IFCFACEOUTERBOUND(#10970, .T.);
#10972 = IFCFACE((#10971));
#10973 = IFCPOLYLOOP((#6099, #6308, #6107));
#10974 = IFCFACEOUTERBOUND(#10973, .T.);
#10975 = IFCFACE((#10974));
#10976 = IFCPOLYLOOP((#6116, #6121, #6112));
#10977 = IFCFACEOUTERBOUND(#10976, .T.);
#10978 = IFCFACE((#10977));
#10979 = IFCPOLYLOOP((#6136, #7072, #6125));
#10980 = IFCFACEOUTERBOUND(#10979, .T.);
#10981 = IFCFACE((#10980));
#10982 = IFCPOLYLOOP((#5718, #5719, #6148));
#10983 = IFCFACEOUTERBOUND(#10982, .T.);
#10984 = IFCFACE((#10983));
#10985 = IFCPOLYLOOP((#6156, #6152, #5726));
#10986 = IFCFACEOUTERBOUND(#10985, .T.);
#10987 = IFCFACE((#10986));
#10988 = IFCPOLYLOOP((#6164, #6160, #5658));
#10989 = IFCFACEOUTERBOUND(#10988, .T.);
#10990 = IFCFACE((#10989));
#10991 = IFCPOLYLOOP((#6180, #5979, #6003));
#10992 = IFCFACEOUTERBOUND(#10991, .T.);
#10993 = IFCFACE((#10992));
#10994 = IFCPOLYLOOP((#6010, #6219, #6191));
#10995 = IFCFACEOUTERBOUND(#10994, .T.);
#10996 = IFCFACE((#10995));
#10997 = IFCPOLYLOOP((#6010, #6003, #6002));
#10998 = IFCFACEOUTERBOUND(#10997, .T.);
#10999 = IFCFACE((#10998));
#11000 = IFCPOLYLOOP((#6223, #6010, #6012));
#11001 = IFCFACEOUTERBOUND(#11000, .T.);
#11002 = IFCFACE((#11001));
#11003 = IFCPOLYLOOP((#6016, #5827, #6248));
#11004 = IFCFACEOUTERBOUND(#11003, .T.);
#11005 = IFCFACE((#11004));
#11006 = IFCPOLYLOOP((#6293, #6026, #6025));
#11007 = IFCFACEOUTERBOUND(#11006, .T.);
#11008 = IFCFACE((#11007));
#11009 = IFCPOLYLOOP((#5682, #6298, #5368));
#11010 = IFCFACEOUTERBOUND(#11009, .T.);
#11011 = IFCFACE((#11010));
#11012 = IFCPOLYLOOP((#5521, #6112, #6308));
#11013 = IFCFACEOUTERBOUND(#11012, .T.);
#11014 = IFCFACE((#11013));
#11015 = IFCPOLYLOOP((#5400, #6312, #5681));
#11016 = IFCFACEOUTERBOUND(#11015, .T.);
#11017 = IFCFACE((#11016));
#11018 = IFCPOLYLOOP((#5415, #6063, #5400));
#11019 = IFCFACEOUTERBOUND(#11018, .T.);
#11020 = IFCFACE((#11019));
#11021 = IFCPOLYLOOP((#6052, #6043, #5681));
#11022 = IFCFACEOUTERBOUND(#11021, .T.);
#11023 = IFCFACE((#11022));
#11024 = IFCPOLYLOOP((#6067, #6336, #6062));
#11025 = IFCFACEOUTERBOUND(#11024, .T.);
#11026 = IFCFACE((#11025));
#11027 = IFCPOLYLOOP((#6331, #6083, #6349));
#11028 = IFCFACEOUTERBOUND(#11027, .T.);
#11029 = IFCFACE((#11028));
#11030 = IFCPOLYLOOP((#6349, #6094, #6354));
#11031 = IFCFACEOUTERBOUND(#11030, .T.);
#11032 = IFCFACE((#11031));
#11033 = IFCPOLYLOOP((#6353, #6107, #6361));
#11034 = IFCFACEOUTERBOUND(#11033, .T.);
#11035 = IFCFACE((#11034));
#11036 = IFCPOLYLOOP((#6361, #6111, #6366));
#11037 = IFCFACEOUTERBOUND(#11036, .T.);
#11038 = IFCFACE((#11037));
#11039 = IFCPOLYLOOP((#4705, #4713, #6647));
#11040 = IFCFACEOUTERBOUND(#11039, .T.);
#11041 = IFCFACE((#11040));
#11042 = IFCPOLYLOOP((#4713, #4623, #4622));
#11043 = IFCFACEOUTERBOUND(#11042, .T.);
#11044 = IFCFACE((#11043));
#11045 = IFCPOLYLOOP((#6430, #4838, #6690));
#11046 = IFCFACEOUTERBOUND(#11045, .T.);
#11047 = IFCFACE((#11046));
#11048 = IFCPOLYLOOP((#4936, #6694, #6700));
#11049 = IFCFACEOUTERBOUND(#11048, .T.);
#11050 = IFCFACE((#11049));
#11051 = IFCPOLYLOOP((#6698, #6700, #6694));
#11052 = IFCFACEOUTERBOUND(#11051, .T.);
#11053 = IFCFACE((#11052));
#11054 = IFCPOLYLOOP((#6699, #4914, #6700));
#11055 = IFCFACEOUTERBOUND(#11054, .T.);
#11056 = IFCFACE((#11055));
#11057 = IFCPOLYLOOP((#4919, #6704, #6716));
#11058 = IFCFACEOUTERBOUND(#11057, .T.);
#11059 = IFCFACE((#11058));
#11060 = IFCPOLYLOOP((#5252, #5169, #5325));
#11061 = IFCFACEOUTERBOUND(#11060, .T.);
#11062 = IFCFACE((#11061));
#11063 = IFCPOLYLOOP((#5216, #6731, #6735));
#11064 = IFCFACEOUTERBOUND(#11063, .T.);
#11065 = IFCFACE((#11064));
#11066 = IFCPOLYLOOP((#5259, #6822, #6748));
#11067 = IFCFACEOUTERBOUND(#11066, .T.);
#11068 = IFCFACE((#11067));
#11069 = IFCPOLYLOOP((#5333, #6747, #6755));
#11070 = IFCFACEOUTERBOUND(#11069, .T.);
#11071 = IFCFACE((#11070));
#11072 = IFCPOLYLOOP((#6712, #6708, #6945));
#11073 = IFCFACEOUTERBOUND(#11072, .T.);
#11074 = IFCFACE((#11073));
#11075 = IFCPOLYLOOP((#6716, #6712, #6949));
#11076 = IFCFACEOUTERBOUND(#11075, .T.);
#11077 = IFCFACE((#11076));
#11078 = IFCPOLYLOOP((#6765, #6767, #6933));
#11079 = IFCFACEOUTERBOUND(#11078, .T.);
#11080 = IFCFACE((#11079));
#11081 = IFCPOLYLOOP((#6720, #5325, #6781));
#11082 = IFCFACEOUTERBOUND(#11081, .T.);
#11083 = IFCFACE((#11082));
#11084 = IFCPOLYLOOP((#6724, #6720, #6780));
#11085 = IFCFACEOUTERBOUND(#11084, .T.);
#11086 = IFCFACE((#11085));
#11087 = IFCPOLYLOOP((#6805, #6810, #6806));
#11088 = IFCFACEOUTERBOUND(#11087, .T.);
#11089 = IFCFACE((#11088));
#11090 = IFCPOLYLOOP((#5342, #6826, #6810));
#11091 = IFCFACEOUTERBOUND(#11090, .T.);
#11092 = IFCFACE((#11091));
#11093 = IFCPOLYLOOP((#5357, #6796, #6826));
#11094 = IFCFACEOUTERBOUND(#11093, .T.);
#11095 = IFCFACE((#11094));
#11096 = IFCPOLYLOOP((#6633, #6381, #6660));
#11097 = IFCFACEOUTERBOUND(#11096, .T.);
#11098 = IFCFACE((#11097));
#11099 = IFCPOLYLOOP((#6680, #6686, #6676));
#11100 = IFCFACEOUTERBOUND(#11099, .T.);
#11101 = IFCFACE((#11100));
#11102 = IFCPOLYLOOP((#6393, #6401, #6686));
#11103 = IFCFACEOUTERBOUND(#11102, .T.);
#11104 = IFCFACE((#11103));
#11105 = IFCPOLYLOOP((#6409, #6413, #6684));
#11106 = IFCFACEOUTERBOUND(#11105, .T.);
#11107 = IFCFACE((#11106));
#11108 = IFCPOLYLOOP((#6685, #6690, #4824));
#11109 = IFCFACEOUTERBOUND(#11108, .T.);
#11110 = IFCFACE((#11109));
#11111 = IFCPOLYLOOP((#6772, #6776, #5208));
#11112 = IFCFACEOUTERBOUND(#11111, .T.);
#11113 = IFCFACE((#11112));
#11114 = IFCPOLYLOOP((#6944, #6950, #6945));
#11115 = IFCFACEOUTERBOUND(#11114, .T.);
#11116 = IFCFACE((#11115));
#11117 = IFCPOLYLOOP((#6765, #6933, #5132));
#11118 = IFCFACEOUTERBOUND(#11117, .T.);
#11119 = IFCFACE((#11118));
#11120 = IFCPOLYLOOP((#6716, #6949, #6957));
#11121 = IFCFACEOUTERBOUND(#11120, .T.);
#11122 = IFCFACE((#11121));
#11123 = IFCPOLYLOOP((#6979, #6975, #6788));
#11124 = IFCFACEOUTERBOUND(#11123, .T.);
#11125 = IFCFACE((#11124));
#11126 = IFCPOLYLOOP((#6821, #6822, #6792));
#11127 = IFCFACEOUTERBOUND(#11126, .T.);
#11128 = IFCFACE((#11127));
#11129 = IFCPOLYLOOP((#7002, #6797, #6755));
#11130 = IFCFACEOUTERBOUND(#11129, .T.);
#11131 = IFCFACE((#11130));
#11132 = IFCPOLYLOOP((#6164, #5272, #6806));
#11133 = IFCFACEOUTERBOUND(#11132, .T.);
#11134 = IFCFACE((#11133));
#11135 = IFCPOLYLOOP((#6048, #6152, #6950));
#11136 = IFCFACEOUTERBOUND(#11135, .T.);
#11137 = IFCFACE((#11136));
#11138 = IFCPOLYLOOP((#7125, #6027, #6026));
#11139 = IFCFACEOUTERBOUND(#11138, .T.);
#11140 = IFCFACE((#11139));
#11141 = IFCPOLYLOOP((#6467, #7215, #6694));
#11142 = IFCFACEOUTERBOUND(#11141, .T.);
#11143 = IFCFACE((#11142));
#11144 = IFCPOLYLOOP((#7273, #6283, #6021));
#11145 = IFCFACEOUTERBOUND(#11144, .T.);
#11146 = IFCFACE((#11145));
#11147 = IFCPOLYLOOP((#576, #6532, #572));
#11148 = IFCFACEOUTERBOUND(#11147, .T.);
#11149 = IFCFACE((#11148));
#11150 = IFCPOLYLOOP((#6592, #520, #534));
#11151 = IFCFACEOUTERBOUND(#11150, .T.);
#11152 = IFCFACE((#11151));
#11153 = IFCPOLYLOOP((#6587, #534, #545));
#11154 = IFCFACEOUTERBOUND(#11153, .T.);
#11155 = IFCFACE((#11154));
#11156 = IFCPOLYLOOP((#6599, #510, #512));
#11157 = IFCFACEOUTERBOUND(#11156, .T.);
#11158 = IFCFACE((#11157));
#11159 = IFCPOLYLOOP((#6600, #512, #524));
#11160 = IFCFACEOUTERBOUND(#11159, .T.);
#11161 = IFCFACE((#11160));
#11162 = IFCPOLYLOOP((#6616, #497, #429));
#11163 = IFCFACEOUTERBOUND(#11162, .T.);
#11164 = IFCFACE((#11163));
#11165 = IFCPOLYLOOP((#7292, #441, #497));
#11166 = IFCFACEOUTERBOUND(#11165, .T.);
#11167 = IFCFACE((#11166));
#11168 = IFCPOLYLOOP((#7296, #434, #441));
#11169 = IFCFACEOUTERBOUND(#11168, .T.);
#11170 = IFCFACE((#11169));
#11171 = IFCPOLYLOOP((#6616, #429, #516));
#11172 = IFCFACEOUTERBOUND(#11171, .T.);
#11173 = IFCFACE((#11172));
#11174 = IFCPOLYLOOP((#430, #7288, #7281));
#11175 = IFCFACEOUTERBOUND(#11174, .T.);
#11176 = IFCFACE((#11175));
#11177 = IFCPOLYLOOP((#7280, #417, #445));
#11178 = IFCFACEOUTERBOUND(#11177, .T.);
#11179 = IFCFACE((#11178));
#11180 = IFCPOLYLOOP((#7281, #445, #430));
#11181 = IFCFACEOUTERBOUND(#11180, .T.);
#11182 = IFCFACE((#11181));
#11183 = IFCPOLYLOOP((#413, #7260, #411));
#11184 = IFCFACEOUTERBOUND(#11183, .T.);
#11185 = IFCFACE((#11184));
#11186 = IFCPOLYLOOP((#7251, #421, #412));
#11187 = IFCFACEOUTERBOUND(#11186, .T.);
#11188 = IFCFACE((#11187));
#11189 = IFCPOLYLOOP((#411, #7252, #412));
#11190 = IFCFACEOUTERBOUND(#11189, .T.);
#11191 = IFCFACE((#11190));
#11192 = IFCPOLYLOOP((#457, #7181, #455));
#11193 = IFCFACEOUTERBOUND(#11192, .T.);
#11194 = IFCFACE((#11193));
#11195 = IFCPOLYLOOP((#455, #7171, #461));
#11196 = IFCFACEOUTERBOUND(#11195, .T.);
#11197 = IFCFACE((#11196));
#11198 = IFCPOLYLOOP((#456, #7242, #457));
#11199 = IFCFACEOUTERBOUND(#11198, .T.);
#11200 = IFCFACE((#11199));
#11201 = IFCPOLYLOOP((#7247, #456, #421));
#11202 = IFCFACEOUTERBOUND(#11201, .T.);
#11203 = IFCFACE((#11202));
#11204 = IFCPOLYLOOP((#7273, #413, #417));
#11205 = IFCFACEOUTERBOUND(#11204, .T.);
#11206 = IFCFACE((#11205));
#11207 = IFCPOLYLOOP((#461, #7163, #468));
#11208 = IFCFACEOUTERBOUND(#11207, .T.);
#11209 = IFCFACE((#11208));
#11210 = IFCPOLYLOOP((#468, #7162, #473));
#11211 = IFCFACEOUTERBOUND(#11210, .T.);
#11212 = IFCFACE((#11211));
#11213 = IFCPOLYLOOP((#7167, #474, #473));
#11214 = IFCFACEOUTERBOUND(#11213, .T.);
#11215 = IFCFACE((#11214));
#11216 = IFCPOLYLOOP((#576, #565, #6435));
#11217 = IFCFACEOUTERBOUND(#11216, .T.);
#11218 = IFCFACE((#11217));
#11219 = IFCPOLYLOOP((#565, #689, #6487));
#11220 = IFCFACEOUTERBOUND(#11219, .T.);
#11221 = IFCFACE((#11220));
#11222 = IFCPOLYLOOP((#670, #695, #6442));
#11223 = IFCFACEOUTERBOUND(#11222, .T.);
#11224 = IFCFACE((#11223));
#11225 = IFCPOLYLOOP((#695, #694, #6507));
#11226 = IFCFACEOUTERBOUND(#11225, .T.);
#11227 = IFCFACE((#11226));
#11228 = IFCPOLYLOOP((#694, #682, #6448));
#11229 = IFCFACEOUTERBOUND(#11228, .T.);
#11230 = IFCFACE((#11229));
#11231 = IFCPOLYLOOP((#730, #711, #6468));
#11232 = IFCFACEOUTERBOUND(#11231, .T.);
#11233 = IFCFACE((#11232));
#11234 = IFCPOLYLOOP((#7231, #656, #7215));
#11235 = IFCFACEOUTERBOUND(#11234, .T.);
#11236 = IFCFACE((#11235));
#11237 = IFCPOLYLOOP((#7215, #655, #7216));
#11238 = IFCFACEOUTERBOUND(#11237, .T.);
#11239 = IFCFACE((#11238));
#11240 = IFCPOLYLOOP((#7216, #643, #7224));
#11241 = IFCFACEOUTERBOUND(#11240, .T.);
#11242 = IFCFACE((#11241));
#11243 = IFCPOLYLOOP((#7220, #635, #7204));
#11244 = IFCFACEOUTERBOUND(#11243, .T.);
#11245 = IFCFACE((#11244));
#11246 = IFCPOLYLOOP((#7224, #639, #7220));
#11247 = IFCFACEOUTERBOUND(#11246, .T.);
#11248 = IFCFACE((#11247));
#11249 = IFCPOLYLOOP((#7203, #613, #7208));
#11250 = IFCFACEOUTERBOUND(#11249, .T.);
#11251 = IFCFACE((#11250));
#11252 = IFCPOLYLOOP((#7124, #617, #7188));
#11253 = IFCFACEOUTERBOUND(#11252, .T.);
#11254 = IFCFACE((#11253));
#11255 = IFCPOLYLOOP((#7208, #612, #7124));
#11256 = IFCFACEOUTERBOUND(#11255, .T.);
#11257 = IFCFACE((#11256));
#11258 = IFCPOLYLOOP((#7192, #593, #7196));
#11259 = IFCFACEOUTERBOUND(#11258, .T.);
#11260 = IFCFACE((#11259));
#11261 = IFCPOLYLOOP((#7143, #588, #7139));
#11262 = IFCFACEOUTERBOUND(#11261, .T.);
#11263 = IFCFACE((#11262));
#11264 = IFCPOLYLOOP((#7196, #592, #7143));
#11265 = IFCFACEOUTERBOUND(#11264, .T.);
#11266 = IFCFACE((#11265));
#11267 = IFCPOLYLOOP((#7188, #630, #7192));
#11268 = IFCFACEOUTERBOUND(#11267, .T.);
#11269 = IFCFACE((#11268));
#11270 = IFCPOLYLOOP((#7204, #634, #7203));
#11271 = IFCFACEOUTERBOUND(#11270, .T.);
#11272 = IFCFACE((#11271));
#11273 = IFCPOLYLOOP((#654, #7235, #6472));
#11274 = IFCFACEOUTERBOUND(#11273, .T.);
#11275 = IFCFACE((#11274));
#11276 = IFCPOLYLOOP((#7148, #472, #7147));
#11277 = IFCFACEOUTERBOUND(#11276, .T.);
#11278 = IFCFACE((#11277));
#11279 = IFCPOLYLOOP((#7138, #580, #7148));
#11280 = IFCFACEOUTERBOUND(#11279, .T.);
#11281 = IFCFACE((#11280));
#11282 = IFCPOLYLOOP((#474, #7155, #7147));
#11283 = IFCFACEOUTERBOUND(#11282, .T.);
#11284 = IFCFACE((#11283));
#11285 = IFCPOLYLOOP((#584, #7139, #588));
#11286 = IFCFACEOUTERBOUND(#11285, .T.);
#11287 = IFCFACE((#11286));
#11288 = IFCPOLYLOOP((#210, #538, #288));
#11289 = IFCFACEOUTERBOUND(#11288, .T.);
#11290 = IFCFACE((#11289));
#11291 = IFCPOLYLOOP((#221, #425, #312));
#11292 = IFCFACEOUTERBOUND(#11291, .T.);
#11293 = IFCFACE((#11292));
#11294 = IFCPOLYLOOP((#242, #216, #484));
#11295 = IFCFACEOUTERBOUND(#11294, .T.);
#11296 = IFCFACE((#11295));
#11297 = IFCPOLYLOOP((#164, #647, #174));
#11298 = IFCFACEOUTERBOUND(#11297, .T.);
#11299 = IFCFACE((#11298));
#11300 = IFCPOLYLOOP((#1205, #1356, #1186));
#11301 = IFCFACEOUTERBOUND(#11300, .T.);
#11302 = IFCFACE((#11301));
#11303 = IFCPOLYLOOP((#1750, #1752, #1808));
#11304 = IFCFACEOUTERBOUND(#11303, .T.);
#11305 = IFCFACE((#11304));
#11306 = IFCPOLYLOOP((#1898, #1785, #2654));
#11307 = IFCFACEOUTERBOUND(#11306, .T.);
#11308 = IFCFACE((#11307));
#11309 = IFCPOLYLOOP((#2319, #2125, #2671));
#11310 = IFCFACEOUTERBOUND(#11309, .T.);
#11311 = IFCFACE((#11310));
#11312 = IFCPOLYLOOP((#2593, #2589, #2585));
#11313 = IFCFACEOUTERBOUND(#11312, .T.);
#11314 = IFCFACE((#11313));
#11315 = IFCPOLYLOOP((#2999, #2926, #2922));
#11316 = IFCFACEOUTERBOUND(#11315, .T.);
#11317 = IFCFACE((#11316));
#11318 = IFCPOLYLOOP((#3142, #3152, #2658));
#11319 = IFCFACEOUTERBOUND(#11318, .T.);
#11320 = IFCFACE((#11319));
#11321 = IFCPOLYLOOP((#3137, #2646, #3132));
#11322 = IFCFACEOUTERBOUND(#11321, .T.);
#11323 = IFCFACE((#11322));
#11324 = IFCPOLYLOOP((#5642, #5654, #5649));
#11325 = IFCFACEOUTERBOUND(#11324, .T.);
#11326 = IFCFACE((#11325));
#11327 = IFCPOLYLOOP((#6780, #6781, #6962));
#11328 = IFCFACEOUTERBOUND(#11327, .T.);
#11329 = IFCFACE((#11328));
#11330 = IFCFACETEDBREP(#119);
#11331 = IFCSTYLEDITEM(#11330, (#126), $);
ENDSEC;
END-ISO-10303-21;
